,trade_date,ts_code,industry,name,close,pct_chg,amount,limit_amount,float_mv,total_mv,turnover_ratio,fd_amount,first_time,last_time,open_times,up_stat,limit_times,limit
0,20260401,000008.SZ,轨交设备,神州高铁,3.27,0.0,2286368400.0,,8882291033.04,8882555013.6,24.32,,92500,,2,2/3,,Z
1,20260401,000048.SZ,养殖业,京基智农,21.29,-10.02,333310288.0,89578865.0,11206194819.5,11289709230.24,2.93,123793557.0,,94036,3,,1.0,D
2,20260401,000062.SZ,其他电子,深圳华强,26.08,5.54,1336260912.0,,27250994008.16,27277315274.24,4.82,,93406,,1,0/0,,Z
3,20260401,000065.SZ,专业工程,北方国际,14.57,0.14,1689214912.0,,14205200536.16,16922212271.2,11.48,,92500,,1,0/0,,Z
4,20260401,000078.SZ,医药商业,海王生物,3.45,9.87,410250832.0,,9061221926.1,9077375260.8,4.7,110888916.0,101836,101836,0,1/1,1.0,U
5,20260401,000534.SZ,生物制品,万泽股份,38.98,9.99,450668832.0,,19488846815.68,19862200997.76,2.37,142639514.0,94512,94512,0,1/1,1.0,U
6,20260401,000692.SZ,电力,惠天热电,4.47,-10.06,293522992.0,36969582.0,2381763402.72,2381763402.72,12.09,16455858.0,,130642,1,,1.0,D
7,20260401,000720.SZ,电网设备,新能泰山,4.91,-10.07,1094368944.0,245955932.0,6169570013.61,6169569998.88,17.36,13819195.0,,145636,9,,1.0,D
8,20260401,000788.SZ,化学制药,北大医药,6.56,10.07,422455424.0,,3909677508.0,3909677501.44,11.11,103316720.0,103600,103600,0,1/1,1.0,U
9,20260401,000815.SZ,IT服务Ⅱ,美利云,20.7,9.99,1411694288.0,,14391944824.5,14391944928.0,10.08,140947562.0,94124,94124,0,1/1,1.0,U
10,20260401,000967.SZ,环保设备,盈峰环境,9.12,7.17,1839102512.0,,28868676282.72,28882528404.48,6.33,,105248,,2,0/0,,Z
11,20260401,001309.SZ,半导体,德明利,371.98,-2.03,11826932992.0,,59842629929.32,84382047862.84,18.88,,92500,,1,0/0,,Z
12,20260401,002015.SZ,电力,协鑫能科,17.25,8.22,4525285376.0,,28002349591.5,28002349488.0,16.26,,95527,,4,0/0,,Z
13,20260401,002051.SZ,专业工程,中工国际,9.01,0.56,902589648.0,,11148412830.17,11149054585.44,7.71,,92500,,2,0/0,,Z
14,20260401,002082.SZ,化学制药,万邦德,33.2,9.93,2614206400.0,,18367997010.4,20308076659.2,14.82,,103606,,5,4/7,,Z
15,20260401,002083.SZ,纺织制造,孚日股份,12.95,10.03,927873552.0,,12258975205.4,12258975153.6,7.87,68638690.0,105130,105130,0,1/1,1.0,U
16,20260401,002135.SZ,专业工程,东南网架,6.93,5.96,511045536.0,,7234025212.26,7730560141.92,6.94,,94839,,1,0/0,,Z
17,20260401,002269.SZ,服装家纺,美邦服饰,1.84,10.18,264392262.0,,4623000000.0,4623000000.0,5.72,22438800.0,92500,93718,1,1/1,1.0,U
18,20260401,002307.SZ,基础建设,北新路桥,4.91,6.97,790753488.0,,6227311667.62,8095505164.96,12.61,,101333,,7,0/0,,Z
19,20260401,002323.SZ,专业工程,雅博股份,2.45,3.81,1028128432.0,,5194935713.8,5196095083.2,19.63,,110542,,2,0/0,,Z
20,20260401,002408.SZ,炼化及贸,齐翔腾达,6.51,9.97,640283104.0,,17909640324.24,18506964540.96,3.7,92224338.0,132557,132557,0,1/1,1.0,U
21,20260401,002432.SZ,医疗器械,九安医疗,80.94,10.0,1100034048.0,,35484877637.58,37635140604.48,3.17,293010327.0,93236,93236,0,3/4,1.0,U
22,20260401,002558.SZ,游戏Ⅱ,巨人网络,34.69,9.99,1874729904.0,,65930494773.99,65930494669.92,2.94,123643346.0,133136,133136,0,1/1,1.0,U
23,20260401,002560.SZ,电网设备,通达股份,11.87,10.01,981085552.0,,5376350343.74,6240516897.12,18.46,74337062.0,93312,94518,2,2/2,2.0,U
24,20260401,002575.SZ,文娱用品,群兴玩具,8.83,5.62,1107551088.0,,5169925265.0,5443695000.0,21.34,,94836,,1,0/0,,Z
25,20260401,002579.SZ,元件,中京电子,12.29,10.03,551767584.0,,7170132177.26,7529082888.96,7.82,74998004.0,93733,93918,1,1/1,1.0,U
26,20260401,002580.SZ,电池,圣阳股份,18.36,4.26,3199870864.0,,8304940368.0,8333034693.12,37.89,,94154,,3,1/2,,Z
27,20260401,002624.SZ,游戏Ⅱ,完美世界,19.33,10.02,1329948912.0,,35330079682.53,37499589172.0,3.87,164183221.0,105851,105851,0,1/1,1.0,U
28,20260401,002636.SZ,元件,金安国纪,31.43,4.25,1742204400.0,,22765233556.31,22881040000.0,7.47,,93851,,1,0/0,,Z
29,20260401,002639.SZ,通用设备,雪人集团,18.82,9.99,2182407152.0,,12244655338.92,14540372952.32,18.64,240843661.0,143706,143706,0,1/1,1.0,U
30,20260401,002645.SZ,环保设备,华宏科技,18.43,10.03,566129216.0,,10301034764.93,11566674782.24,5.61,66574523.0,95027,95027,0,1/1,1.0,U
31,20260401,002729.SZ,其他电子,好利科技,20.25,7.48,389279648.0,,3553140147.75,3705140880.0,11.04,,93045,,1,0/0,,Z
32,20260401,002730.SZ,专用设备,电光科技,29.15,10.0,1450278800.0,,10086771002.0,10554628735.2,14.95,,101621,,3,0/0,,Z
33,20260401,002821.SZ,医疗服务,凯莱英,121.85,10.0,2237369424.0,,38631794097.3,43972615825.6,6.03,153758493.0,103206,103351,1,2/2,2.0,U
34,20260401,002902.SZ,通信设备,铭普光磁,28.78,10.02,460811040.0,,5112256039.88,6763560804.36,9.02,320514226.0,93000,93000,0,3/6,1.0,U
35,20260401,002923.SZ,化学制药,润都股份,17.24,10.02,145534193.0,,4449382520.92,5773560147.2,3.33,114602382.0,93603,93603,0,1/1,1.0,U
36,20260401,002940.SZ,化学制药,昂利康,34.88,10.0,727249664.0,,6462408288.96,7036279127.68,11.71,100457888.0,100554,100554,0,1/1,1.0,U
37,20260401,002980.SZ,电网设备,华盛昌,45.12,7.17,1065186688.0,,4574714273.28,8545780339.2,23.64,,93715,,1,0/0,,Z
38,20260401,300149.SZ,医疗服务,睿智医药,12.42,20.0,834996576.0,,5893947874.98,6184712880.0,14.89,101179231.0,101506,101506,0,1/1,1.0,U
39,20260401,300436.SZ,化学制药,广生堂,119.03,20.0,1774743504.0,,16274015970.07,18957551010.0,11.76,147247132.0,110030,110030,0,1/1,1.0,U
40,20260401,300834.SZ,塑料,星辉环材,36.24,20.0,647199216.0,,6973546470.96,7020135672.72,9.32,68434093.0,93000,132818,2,2/2,2.0,U
41,20260401,300964.SZ,元件,本川智能,71.52,14.47,1099257280.0,,4005822827.04,5458998871.68,27.17,,93609,,1,0/0,,Z
42,20260401,301188.SZ,医疗器械,力诺药包,20.45,20.01,727073984.0,,5471123776.75,5471123776.75,14.33,40694906.0,145418,145418,0,1/1,1.0,U
43,20260401,301312.SZ,自动化设,智立方,103.2,20.0,1070995776.0,,6249045348.0,12505839158.4,18.04,68354623.0,132521,132521,0,1/1,1.0,U
44,20260401,301392.SZ,专用设备,汇成真空,127.58,20.0,1071630080.0,,5204742325.38,12758000000.0,21.53,19055221.0,131500,145421,5,1/1,1.0,U
45,20260401,600105.SH,通信设备,永鼎股份,30.51,9.99,6972947456.0,,44605461409.02,44605461348.0,16.1,314460468.0,134150,134150,0,1/1,1.0,U
46,20260401,600184.SH,地面兵装,光电股份,19.3,4.83,2260563712.0,,11246640132.4,11246640209.6,19.49,,92502,,4,1/2,,Z
47,20260401,600249.SH,个护用品,两面针,7.01,10.05,50153410.0,,3855500000.0,3855500000.0,1.3,118268149.0,92503,92503,0,1/1,1.0,U
48,20260401,600310.SH,电力,广西能源,5.71,-9.94,1029951280.0,1493715590.0,8369208222.62,8369208211.2,12.19,237066860.0,,100613,9,,1.0,D
49,20260401,600396.SH,电力,华电辽能,7.52,-9.94,2226923952.0,1784662785.0,11074755263.84,11074755256.32,19.52,50898759.0,,142720,4,,1.0,D
50,20260401,600488.SH,化学制药,津药药业,5.76,9.92,212279370.0,,6289267276.8,6289267322.88,3.38,184673664.0,93013,93013,0,4/4,4.0,U
51,20260401,600495.SH,轨交设备,晋西车轴,4.98,1.01,884438016.0,,6016790612.28,6016790582.4,13.98,,93229,,1,1/2,,Z
52,20260401,600502.SH,基础建设,安徽建工,5.55,-1.42,1787993968.0,,9526763355.9,9526763344.8,17.59,,93020,,1,2/3,,Z
53,20260401,600513.SH,化学制药,联环药业,30.3,8.37,1906828624.0,,8649324981.0,8649325041.6,22.74,,112937,,1,2/4,,Z
54,20260401,600545.SH,专用设备,卓郎智能,4.0,9.89,316850288.0,,7151648888.0,7151648896.0,4.51,96330200.0,93647,93647,0,1/1,1.0,U
55,20260401,600594.SH,中药Ⅱ,益佰制药,4.36,10.1,397303376.0,,3452803464.0,3452803498.88,11.75,31916508.0,101419,103125,2,1/1,1.0,U
56,20260401,600643.SH,多元金融,爱建集团,5.15,10.04,331773968.0,,8190311337.4,8204829537.6,4.17,95140003.0,100830,100830,0,1/1,1.0,U
57,20260401,600666.SH,光学光电,奥瑞德,6.27,10.0,1625808848.0,,15171850902.45,17251575147.84,10.92,341188959.0,93259,93259,0,6/11,1.0,U
58,20260401,600724.SH,房地产服务,宁波富达,6.66,10.08,266116084.0,,9623318142.24,9625305539.52,2.8,37165450.0,93450,104326,1,2/3,1.0,U
59,20260401,600746.SH,化学原料,江苏索普,9.9,9.76,514877184.0,,11544215235.3,11561644512.0,4.62,,133100,,2,0/0,,Z
60,20260401,600801.SH,水泥,华新建材,22.76,7.36,848954272.0,,30537038491.24,47317940948.48,2.78,,93150,,4,0/0,,Z
61,20260401,600844.SH,化学原料,金煤科技,4.38,-10.06,738444528.0,3070076667.0,3603560176.92,4452376171.2,20.19,43929998.0,,111419,5,,1.0,D
62,20260401,600851.SH,化学制药,海欣股份,8.62,9.95,146515927.0,,6363336668.2,10404828650.56,2.37,43100862.0,101736,101736,0,1/1,1.0,U
63,20260401,600875.SH,其他电源,东方电气,38.28,9.22,6014067456.0,,86641673256.6,132386033049.6,7.0,,94738,,2,0/0,,Z
64,20260401,600936.SH,电视广播,北投科技,4.14,3.5,350229792.0,,6918048629.46,6918048633.6,4.94,,93449,,2,0/0,,Z
65,20260401,601083.SH,航运港口,锦江航运,12.93,10.04,243764099.0,,2509971600.0,16732971600.0,9.74,21238818.0,93055,94855,3,1/1,1.0,U
66,20260401,601100.SH,工程机械,恒立液压,102.0,6.25,1698046928.0,,136763741184.0,136763741184.0,1.24,,130807,,1,0/0,,Z
67,20260401,601133.SH,专业工程,柏诚股份,18.85,9.98,307568912.0,,2815940124.4,9953147443.2,11.12,95293875.0,94259,94259,0,1/1,1.0,U
68,20260401,601515.SH,包装印刷,衢州东峰,4.55,9.9,343980384.0,,8756341553.05,8756341557.6,4.08,53652207.0,140741,140741,0,1/1,1.0,U
69,20260401,601579.SH,非白酒,会稽山,18.4,9.98,345448304.0,,8822126725.6,8822126707.2,4.0,76954320.0,101013,101013,0,1/1,1.0,U
70,20260401,601789.SH,房屋建设,宁波建工,5.87,6.15,1305091424.0,,6379507723.3,8948180288.64,20.31,,93713,,2,0/0,,Z
71,20260401,601872.SH,航运港口,招商轮船,18.0,10.02,3523412688.0,,145341693036.0,145341692928.0,2.44,68412204.0,93342,140400,25,1/1,1.0,U
72,20260401,603017.SH,工程咨询,中衡设计,17.57,7.66,1020066080.0,,4852663448.01,4852663360.16,21.96,,105026,,1,0/0,,Z
73,20260401,603121.SH,汽车零部件,华培动力,18.06,9.99,159660918.0,,6113918892.9,6113918838.72,2.72,57445248.0,130338,130338,0,1/1,1.0,U
74,20260401,603158.SH,汽车零部件,腾龙股份,12.28,10.04,411961456.0,,6026657417.44,6026657368.32,7.06,122097584.0,130752,130752,0,1/1,1.0,U
75,20260401,603193.SH,个护用品,润本股份,24.46,9.98,274688816.0,,2527606240.44,9896352411.52,11.17,42617660.0,130244,131341,2,1/1,1.0,U
76,20260401,603248.SH,风电设备,锡华科技,30.07,9.99,521539984.0,,2084119164.26,13832200000.0,25.41,77271660.0,93911,94753,1,2/4,1.0,U
77,20260401,603256.SH,玻璃玻纤,宏和科技,72.93,4.11,2880979888.0,,64158526575.0,65971489652.64,4.43,,93057,,1,0/0,,Z
78,20260401,603296.SH,消费电子,华勤技术,88.14,10.0,1891828224.0,,50139926803.2,89526649505.28,3.83,27341028.0,94741,100623,5,1/1,1.0,U
79,20260401,603328.SH,元件,依顿电子,11.74,6.15,638426864.0,,11721716253.14,11721716217.92,5.38,,94055,,2,0/0,,Z
80,20260401,603626.SH,消费电子,科森科技,23.55,6.66,1417910704.0,,13067416699.5,13067416840.8,10.87,,131650,,3,0/0,,Z
81,20260401,603685.SH,光学光电,晨丰科技,32.13,7.82,236706669.0,,6473094451.11,8063041749.84,3.67,,94200,,1,0/0,,Z
82,20260401,603687.SH,包装印刷,大胜达,16.39,10.0,1266264272.0,,9015022250.96,9015022382.08,14.2,72700959.0,93211,131032,3,6/11,1.0,U
83,20260401,603727.SH,油服工程,博迈科,20.89,10.01,266365066.0,,5885115696.53,5885115759.2,4.68,75369031.0,105045,105045,0,1/1,1.0,U
84,20260401,603778.SH,光伏设备,国晟科技,27.5,10.0,2980853184.0,,17678571405.0,18151158520.0,17.44,68201155.0,105330,132742,2,2/3,1.0,U
85,20260401,603803.SH,通信设备,瑞斯康达,13.68,9.97,1154856592.0,,5812407059.76,5812406991.36,20.04,29019384.0,93219,133007,5,1/1,1.0,U
86,20260401,603819.SH,电机Ⅱ,神力股份,13.98,7.29,456537168.0,,3043868014.26,3043868014.26,15.0,,131155,,2,0/0,,Z
87,20260401,603912.SH,通用设备,佳力图,10.0,10.01,552659360.0,,5418487890.0,5418453280.0,10.39,16749160.0,95842,100657,2,1/1,1.0,U
88,20260401,603937.SH,工业金属,丽岛新材,15.27,10.01,247326770.0,,3189758270.94,3189734663.52,8.08,59392665.0,103723,103723,0,1/1,1.0,U
89,20260401,603949.SH,汽车零部件,雪龙集团,18.49,9.99,336645584.0,,3886695516.26,3896521693.94,8.86,23649726.0,94753,143526,1,1/1,1.0,U
90,20260401,603985.SH,风电设备,恒润股份,20.46,10.0,991399168.0,,9019954741.38,9019954680.0,11.33,97327278.0,132001,132001,0,1/1,1.0,U
91,20260401,605006.SH,玻璃玻纤,山东玻纤,9.67,10.01,162975657.0,,5802467776.58,5802172976.96,2.82,35822901.0,93318,93318,0,1/1,1.0,U
92,20260401,605162.SH,电力,新中港,12.77,9.99,664231360.0,,5115444935.54,5115445012.16,13.69,28167159.0,102255,140810,2,2/2,2.0,U
93,20260401,605258.SH,元件,协和电子,34.95,6.01,212712854.0,,3075600000.0,3075600000.0,6.86,,94937,,1,0/0,,Z
94,20260401,605287.SH,装修装饰,德才股份,45.08,10.0,341347936.0,,6311200000.0,6311200000.0,5.56,55033664.0,103334,105737,1,1/1,1.0,U
95,20260401,605289.SH,专业工程,罗曼股份,104.16,10.0,457101408.0,,11284434000.0,11354221200.0,4.13,87650640.0,94053,100447,1,1/1,1.0,U
96,20260401,605398.SH,IT服务Ⅱ,新炬网络,27.9,6.08,182068663.0,,4539786974.1,4539786974.1,3.98,,95740,,1,0/0,,Z
97,20260401,688488.SH,生物制品,艾迪药业,17.82,20.0,484695872.0,,7498349638.56,7498349781.12,6.8,28570485.0,131157,142724,1,1/1,1.0,U
98,20260401,688553.SH,化学制药,汇宇制药-W,19.69,17.9,431513168.0,,6764297185.25,8340684000.0,6.59,,132255,,1,0/0,,Z
99,20260401,688726.SH,光伏设备,拉普拉斯,61.3,11.72,2681503952.0,,13481370256.2,24846495569.6,19.67,,105716,,3,0/0,,Z
