ts_code,name,trade_date,close,turnover_rate,turnover_rate_f,volume_ratio,pe,pe_ttm,pb,ps,ps_ttm,dv_ratio,dv_ttm,total_share,float_share,free_share,total_mv,circ_mv,limit_status
601288.SH,农业银行,20261009,6.98,0.1071,1.1941,1.16,8.3936,8.2,0.8547,3.3681,3.1881,5.1777,3.5745,34998303.3873,31924421.0777,2862106.1712,244288157.6622,222832459.1384,4
601288.SH,农业银行,20261008,7.02,0.0939,1.0472,1.01,8.4417,8.247,0.8596,3.3874,3.2064,5.1482,3.5542,34998303.3873,31924421.0777,2862106.1712,245688089.7978,224109435.9816,1
601288.SH,农业银行,20260930,6.97,0.0681,0.7598,0.71,8.3816,8.1883,0.8535,3.3632,3.1836,5.1851,3.5797,34998303.3873,31924421.0777,2862106.1712,243938174.6283,222513214.9276,1
601288.SH,农业银行,20260929,6.94,0.1111,1.239,1.2,8.3455,8.153,0.8498,3.3488,3.1699,5.2075,3.5951,34998303.3873,31924421.0777,2862106.1712,242888225.5266,221555482.2952,1
601288.SH,农业银行,20260928,6.86,0.0994,1.1087,1.1,8.2493,8.059,0.8401,3.3102,3.1333,5.2682,3.6371,34998303.3873,31924421.0777,2862106.1712,240088361.2554,219001528.6088,4
601288.SH,农业银行,20260924,6.87,0.0904,1.0085,1.04,8.2613,8.0708,0.8413,3.315,3.1379,5.2606,3.6318,34998303.3873,31924421.0777,2862106.1712,240438344.2893,219320772.8196,1
601288.SH,农业银行,20260923,6.83,0.0978,1.0909,1.22,8.2132,8.0238,0.8364,3.2957,3.1196,5.2914,3.653,34998303.3873,31924421.0777,2862106.1712,239038412.1537,218043795.9764,4
601288.SH,农业银行,20260922,6.88,0.0788,0.8788,0.98,8.2733,8.0825,0.8425,3.3198,3.1425,5.2529,3.6265,34998303.3873,31924421.0777,2862106.1712,240788327.3232,219640017.0304,4
601288.SH,农业银行,20260921,6.91,0.0954,1.064,1.22,8.3094,8.1178,0.8462,3.3343,3.1562,5.2301,3.6107,34998303.3873,31924421.0777,2862106.1712,241838276.4249,220597749.6628,1
601288.SH,农业银行,20260918,6.81,0.0897,1.0008,1.05,8.1892,8.0003,0.8339,3.286,3.1105,5.3069,3.6638,34998303.3873,31924421.0777,2862106.1712,238338446.0859,217405307.5548,4
601288.SH,农业银行,20260917,6.89,0.0731,0.8155,0.83,8.2854,8.0943,0.8437,3.3246,3.147,5.2453,3.6212,34998303.3873,31924421.0777,2862106.1712,241138310.3571,219959261.2412,1
601288.SH,农业银行,20260916,6.88,0.0652,0.7277,0.74,8.2733,8.0825,0.8425,3.3198,3.1425,5.2529,3.6265,34998303.3873,31924421.0777,2862106.1712,240788327.3232,219640017.0304,4
601288.SH,农业银行,20260915,6.9,0.0766,0.8548,0.85,8.2974,8.106,0.845,3.3295,3.1516,5.2377,3.616,34998303.3873,31924421.0777,2862106.1712,241488293.391,220278505.452,4
601288.SH,农业银行,20260914,7.0,0.0855,0.9537,0.89,8.4176,8.2235,0.8572,3.3777,3.1973,5.1629,3.5643,34998303.3873,31924421.0777,2862106.1712,244988123.73,223470947.56,1
601288.SH,农业银行,20260911,6.97,0.1269,1.4157,1.46,8.3816,8.1883,0.8535,3.3632,3.1836,5.1851,3.5797,34998303.3873,31924421.0777,2862106.1712,243938174.6283,222513214.9276,1
601288.SH,农业银行,20260910,6.94,0.0858,0.9568,0.93,8.3455,8.153,0.8498,3.3488,3.1699,5.2075,3.5951,34998303.3873,31924421.0777,2862106.1712,242888225.5266,221555482.2952,1
601288.SH,农业银行,20260909,6.81,0.0678,0.7564,0.7,8.1892,8.0003,0.8339,3.286,3.1105,5.3069,3.6638,34998303.3873,31924421.0777,2862106.1712,238338446.0859,217405307.5548,1
601288.SH,农业银行,20260908,6.76,0.0869,0.9698,0.84,8.129,7.9416,0.8278,3.2619,3.0877,5.3462,3.6909,34998303.3873,31924421.0777,2862106.1712,236588530.9164,215809086.5008,4
601288.SH,农业银行,20260907,6.81,0.1136,1.2675,1.08,8.1892,8.0003,0.8339,3.286,3.1105,5.3069,3.6638,34998303.3873,31924421.0777,2862106.1712,238338446.0859,217405307.5548,4
601288.SH,农业银行,20260904,6.96,0.0794,0.8861,0.77,8.3695,8.1765,0.8523,3.3584,3.179,5.1925,3.5848,34998303.3873,31924421.0777,2862106.1712,243588191.5944,222193970.7168,1
601288.SH,农业银行,20260903,6.89,0.111,1.2384,1.06,8.2854,8.0943,0.8437,3.3246,3.147,5.2453,3.6212,34998303.3873,31924421.0777,2862106.1712,241138310.3571,219959261.2412,4
601288.SH,农业银行,20260902,7.06,0.0914,1.0198,0.88,8.4898,8.294,0.8645,3.4067,3.2247,5.119,3.534,34998303.3873,31924421.0777,2862106.1712,247088021.9334,225386412.8248,1
601288.SH,农业银行,20260901,7.05,0.1202,1.2096,1.16,8.4778,8.2822,0.8633,3.4018,3.2201,5.1263,3.539,34998303.3873,31924421.0777,3171924.7589,246738038.8995,225067168.614,1
601288.SH,农业银行,20260831,6.92,0.1238,1.2465,1.21,8.3214,8.1295,0.8474,3.3391,3.1607,5.2226,3.6055,34998303.3873,31924421.0777,3171924.7589,242188259.4588,220916993.8736,1
601288.SH,农业银行,20260828,6.79,0.0674,0.752,0.6,8.1651,8.0748,0.8407,3.2764,3.1903,5.3225,3.6745,34998303.3873,31924421.0777,2862106.1712,237638480.0181,216766819.1332,0
601288.SH,农业银行,20260827,6.79,0.1219,1.3593,1.02,8.1651,8.0748,0.8407,3.2764,3.1903,5.3225,3.6745,34998303.3873,31924421.0777,2862106.1712,237638480.0181,216766819.1332,4
601288.SH,农业银行,20260826,6.86,0.0857,0.9563,0.61,8.2493,8.1581,0.8494,3.3102,3.2232,5.2682,3.6371,34998303.3873,31924421.0777,2862106.1712,240088361.2554,219001528.6088,1
601288.SH,农业银行,20260825,6.85,0.1182,1.3189,0.81,8.2373,8.1462,0.8482,3.3053,3.2185,5.2759,3.6424,34998303.3873,31924421.0777,2862106.1712,239738378.2215,218682284.398,4
601288.SH,农业银行,20260824,6.86,0.1187,1.3243,0.87,8.2493,8.1581,0.8494,3.3102,3.2232,5.2682,3.6371,34998303.3873,31924421.0777,2862106.1712,240088361.2554,219001528.6088,1
601288.SH,农业银行,20260821,6.78,0.1142,1.2741,0.83,8.1531,8.0629,0.8395,3.2716,3.1856,5.3304,3.68,34998303.3873,31924421.0777,2862106.1712,237288496.9842,216447574.9224,4
601288.SH,农业银行,20260820,6.81,0.1601,1.7862,1.16,8.1892,8.0986,0.8432,3.286,3.1997,5.3069,3.6638,34998303.3873,31924421.0777,2862106.1712,238338446.0859,217405307.5548,1
601288.SH,农业银行,20260819,6.77,0.1876,2.0922,1.44,8.1411,8.0511,0.8382,3.2667,3.1809,5.3383,3.6854,34998303.3873,31924421.0777,2862106.1712,236938513.9503,216128330.7116,1
601288.SH,农业银行,20260818,6.6,0.1455,1.6234,1.16,7.9366,7.8489,0.8172,3.1847,3.101,5.4758,3.7803,34998303.3873,31924421.0777,2862106.1712,230988802.374,210701179.128,1
601288.SH,农业银行,20260817,6.46,0.0763,0.8509,0.58,7.7683,7.6824,0.7999,3.1172,3.0352,5.5944,3.8623,34998303.3873,31924421.0777,2862106.1712,226089039.8994,206231760.1768,4
601288.SH,农业银行,20260814,6.47,0.1184,1.3201,0.89,7.7803,7.6943,0.8011,3.122,3.0399,5.5858,3.8563,34998303.3873,31924421.0777,2862106.1712,226439022.9333,206551004.3876,4
601288.SH,农业银行,20260813,6.56,0.1614,1.8002,1.17,7.8885,7.8013,0.8122,3.1654,3.0822,5.5092,3.8034,34998303.3873,31924421.0777,2862106.1712,229588870.2384,209424202.2848,1
601288.SH,农业银行,20260812,6.44,0.1485,1.6558,1.03,7.7442,7.6586,0.7974,3.1075,3.0258,5.6118,3.8743,34998303.3873,31924421.0777,2862106.1712,225389073.8316,205593271.7552,4
601288.SH,农业银行,20260811,6.48,0.1212,1.3521,0.77,7.7923,7.7062,0.8023,3.1268,3.0446,5.5772,3.8503,34998303.3873,31924421.0777,2862106.1712,226789005.9672,206870248.5984,1
601288.SH,农业银行,20260810,6.46,0.1113,1.2419,0.68,7.7683,7.6824,0.7999,3.1172,3.0352,5.5944,3.8623,34998303.3873,31924421.0777,2862106.1712,226089039.8994,206231760.1768,4
601288.SH,农业银行,20260807,6.47,0.1243,1.3864,0.67,7.7803,7.6943,0.8011,3.122,3.0399,5.5858,3.8563,34998303.3873,31924421.0777,2862106.1712,226439022.9333,206551004.3876,4
601288.SH,农业银行,20260806,6.5,0.185,2.0638,1.01,7.8164,7.73,0.8048,3.1365,3.054,5.56,3.8385,34998303.3873,31924421.0777,2862106.1712,227488972.035,207508737.02,1
601288.SH,农业银行,20260805,6.48,0.1757,1.9597,0.97,7.7923,7.7062,0.8023,3.1268,3.0446,5.5772,3.8503,34998303.3873,31924421.0777,2862106.1712,226789005.9672,206870248.5984,4
601288.SH,农业银行,20260804,6.61,0.1918,2.1394,1.07,7.9487,7.8608,0.8184,3.1895,3.1057,5.4675,3.7746,34998303.3873,31924421.0777,2862106.1712,231338785.4079,211020423.3388,4
601288.SH,农业银行,20260803,6.89,0.1405,1.5668,0.79,8.2854,8.1938,0.8531,3.3246,3.2372,5.2453,3.6212,34998303.3873,31924421.0777,2862106.1712,241138310.3571,219959261.2412,4
601288.SH,农业银行,20260731,6.9,0.2393,2.6695,1.55,8.2974,8.2057,0.8543,3.3295,3.2419,5.2377,3.616,34998303.3873,31924421.0777,2862106.1712,241488293.391,220278505.452,4
601288.SH,农业银行,20260730,7.11,0.1729,1.928,1.26,8.5499,8.4554,0.8803,3.4308,3.3406,5.083,3.5092,34998303.3873,31924421.0777,2862106.1712,248837937.1029,226982633.8788,1
601288.SH,农业银行,20260729,6.93,0.1627,1.8149,1.26,8.3335,8.2413,0.8581,3.3439,3.256,5.215,3.6003,34998303.3873,31924421.0777,2862106.1712,242538242.4927,221236238.0844,4
601288.SH,农业银行,20260728,6.96,0.185,2.0632,1.47,8.3695,8.277,0.8618,3.3584,3.2701,5.1925,3.5848,34998303.3873,31924421.0777,2862106.1712,243588191.5944,222193970.7168,1
601288.SH,农业银行,20260727,6.72,0.1317,1.4691,0.94,8.0809,7.9916,0.8321,3.2426,3.1574,5.378,3.7128,34998303.3873,31924421.0777,2862106.1712,235188598.7808,214532109.6576,1
601288.SH,农业银行,20260724,6.66,0.1183,1.3197,0.79,8.0088,7.9202,0.8246,3.2137,3.1292,5.4264,3.7463,34998303.3873,31924421.0777,2862106.1712,233088700.5774,212616644.3928,1
601288.SH,农业银行,20260723,6.59,0.0863,0.9621,0.55,7.9246,7.837,0.816,3.1799,3.0963,5.4841,3.7861,34998303.3873,31924421.0777,2862106.1712,230638819.3401,210381934.9172,1
601288.SH,农业银行,20260722,6.52,0.1264,1.41,0.83,7.8404,7.7537,0.8073,3.1461,3.0634,5.543,3.8267,34998303.3873,31924421.0777,2862106.1712,228188938.1028,208147225.4416,1
601288.SH,农业银行,20260721,6.43,0.167,1.8627,1.15,7.7322,7.6467,0.7962,3.1027,3.0211,5.6205,3.8803,34998303.3873,31924421.0777,2862106.1712,225039090.7977,205274027.5444,4
601288.SH,农业银行,20260720,6.61,0.1991,2.2207,1.47,7.9487,7.8608,0.8184,3.1895,3.1057,5.4675,3.7746,34998303.3873,31924421.0777,2862106.1712,231338785.4079,211020423.3388,1
601288.SH,农业银行,20260717,6.39,0.1684,1.8781,1.32,7.6841,7.5991,0.7912,3.0834,3.0023,5.6557,3.9046,34998303.3873,31924421.0777,2862106.1712,223639158.6621,203997050.7012,1
601288.SH,农业银行,20260716,6.3,0.1166,1.3009,0.93,7.5759,7.4921,0.7801,3.0399,2.96,5.7365,3.9603,34998303.3873,31924421.0777,2862106.1712,220489311.357,201123852.804,4
601288.SH,农业银行,20260715,6.37,0.111,1.2377,0.85,7.6601,7.5754,0.7887,3.0737,2.9929,5.6735,3.9168,34998303.3873,31924421.0777,2862106.1712,222939192.5943,203358562.2796,0
601288.SH,农业银行,20260714,6.37,0.1281,1.4293,0.99,7.6601,7.5754,0.7887,3.0737,2.9929,5.6735,3.9168,34998303.3873,31924421.0777,2862106.1712,222939192.5943,203358562.2796,0
601288.SH,农业银行,20260713,6.37,0.1529,,1.26,7.6601,7.5754,0.7887,3.0737,2.9929,5.6735,3.9168,34998303.3873,31924421.0777,,222939192.5943,203358562.2796,1
601288.SH,农业银行,20260710,6.23,0.1282,1.4301,1.08,7.4917,7.4089,0.7714,3.0062,2.9271,5.801,4.0048,34998303.3873,31924421.0777,2862106.1712,218039430.1197,198889143.3284,1
601288.SH,农业银行,20260709,6.11,0.1064,1.1867,0.83,7.3474,7.2662,0.7565,2.9483,2.8708,5.9149,4.0835,34998303.3873,31924421.0777,2862106.1712,213839633.7129,195058212.7988,4
601288.SH,农业银行,20260708,6.16,0.1383,1.5429,1.15,7.4075,7.3256,0.7627,2.9724,2.8943,5.8669,4.0504,34998303.3873,31924421.0777,2862106.1712,215589548.8824,196654433.8528,1
601288.SH,农业银行,20260707,6.05,0.1195,1.3333,1.02,7.2753,7.1948,0.7491,2.9193,2.8426,5.9736,4.124,34998303.3873,31924421.0777,2862106.1712,211739735.5095,193142747.534,1
601288.SH,农业银行,20260706,5.97,0.1165,1.2999,0.98,7.1791,7.0997,0.7392,2.8807,2.805,6.0536,4.1793,34998303.3873,31924421.0777,2862106.1712,208939871.2383,190588793.8476,1
601288.SH,农业银行,20260703,5.9,0.1151,1.2841,0.98,7.0949,7.0164,0.7305,2.8469,2.7721,6.1254,4.2288,34998303.3873,31924421.0777,2862106.1712,206489990.001,188354084.372,4
601288.SH,农业银行,20260702,5.98,0.1491,1.6635,1.36,7.1911,7.1116,0.7404,2.8855,2.8097,6.0435,4.1723,34998303.3873,31924421.0777,2862106.1712,209289854.2722,190908038.0584,4
601288.SH,农业银行,20260701,6.05,0.0985,1.0986,0.82,7.2753,7.1948,0.7491,2.9193,2.8426,5.9736,4.124,34998303.3873,31924421.0777,2862106.1712,211739735.5095,193142747.534,4
601288.SH,农业银行,20260630,6.07,0.104,1.1601,0.81,7.2993,7.2186,0.7516,2.929,2.852,5.9539,4.1104,34998303.3873,31924421.0777,2862106.1712,212439701.5773,193781235.9556,4
601288.SH,农业银行,20260629,6.24,0.1264,1.4096,1.01,7.5037,7.4208,0.7726,3.011,2.9318,5.7917,3.9984,34998303.3873,31924421.0777,2862106.1712,218389413.1536,199208387.5392,1
601288.SH,农业银行,20260626,6.19,0.1072,1.1961,0.86,7.4436,7.3613,0.7664,2.9869,2.9084,5.8385,4.0307,34998303.3873,31924421.0777,2862106.1712,216639497.9841,197612166.4852,4
601288.SH,农业银行,20260625,6.25,0.1135,1.2656,0.95,7.5158,7.4327,0.7739,3.0158,2.9365,5.7824,3.992,34998303.3873,31924421.0777,2862106.1712,218739396.1875,199527631.75,4
601288.SH,农业银行,20260624,6.34,0.1495,1.668,1.41,7.624,7.5397,0.785,3.0593,2.9788,5.7003,3.9354,34998303.3873,31924421.0777,2862106.1712,221889243.4926,202400829.6472,4
601288.SH,农业银行,20260623,6.57,0.1456,1.6235,1.41,7.9006,7.8132,0.8135,3.1702,3.0869,5.5008,3.7976,34998303.3873,31924421.0777,2862106.1712,229938853.2723,209743446.4956,1
601288.SH,农业银行,20260622,6.4,0.1092,1.2185,0.99,7.6961,7.611,0.7924,3.0882,3.007,5.6469,3.8985,34998303.3873,31924421.0777,2862106.1712,223989141.696,204316294.912,1
601288.SH,农业银行,20260618,6.37,0.1062,1.1848,0.97,7.6601,7.5754,0.7887,3.0737,2.9929,5.6735,3.9168,34998303.3873,31924421.0777,2862106.1712,222939192.5943,203358562.2796,4
601288.SH,农业银行,20260617,6.53,0.0835,0.9313,0.7,7.8525,7.7656,0.8085,3.1509,3.0681,5.5345,3.8209,34998303.3873,31924421.0777,2862106.1712,228538921.1367,208466469.6524,4
601288.SH,农业银行,20260616,6.61,0.0855,0.9539,0.649,7.9487,7.8608,0.8184,3.1895,3.1057,5.4675,3.7746,34998303.3873,31924421.0777,2862106.1712,231338785.4079,211020423.3388,4
601288.SH,农业银行,20260615,6.68,0.1319,1.471,0.95,8.0328,7.944,0.8406,3.2233,3.1386,5.4102,3.7351,34998303.3873,31924421.0777,2862106.1712,233788666.6272,213255132.799,0
601288.SH,农业银行,20260612,6.8,0.1441,1.6074,1.14,8.1771,8.0867,0.8557,3.2812,3.195,5.3147,3.6691,34998303.3873,31924421.0777,2862106.1712,237988463.0336,217086063.3284,0
601288.SH,农业银行,20260611,6.68,0.1008,1.1247,0.85,8.0328,7.944,0.8406,3.2233,3.1386,5.4102,3.7351,34998303.3873,31924421.0777,2862106.1712,233788666.6272,213255132.799,0
601288.SH,农业银行,20260610,6.71,0.1318,1.4704,1.2,8.0689,7.9797,0.8444,3.2378,3.1527,5.386,3.7184,34998303.3873,31924421.0777,2862106.1712,234838615.7288,214212865.4314,0
601288.SH,农业银行,20260609,6.6,0.1503,1.676,1.5,7.9366,7.8489,0.8306,3.1847,3.101,5.4758,3.7803,34998303.3873,31924421.0777,2862106.1712,230988802.3562,210701179.1128,0
601288.SH,农业银行,20260608,6.57,0.1696,1.8918,,7.9006,7.8132,0.8268,3.1702,3.0869,5.5008,3.7976,34998303.3873,31924421.0777,2862106.1712,229938853.2546,209743446.4805,0
601288.SH,农业银行,20260605,6.36,0.0809,0.9021,0.85,7.648,7.5635,0.8004,3.0689,2.9882,5.6824,3.923,34998303.3873,31924421.0777,2862106.1712,222589209.5432,203039318.0542,0
601288.SH,农业银行,20260604,6.3,0.0633,0.7055,0.64,7.5759,7.4921,0.7928,3.0399,2.96,5.7365,3.9603,34998303.3873,31924421.0777,2862106.1712,220489311.34,201123852.7895,0
601288.SH,农业银行,20260603,6.36,0.0869,0.9692,0.83,7.648,7.5635,0.8004,3.0689,2.9882,5.6824,3.923,34998303.3873,31924421.0777,2862106.1712,222589209.5432,203039318.0542,0
601288.SH,农业银行,20260602,6.45,0.1008,1.1247,1.02,7.7563,7.6705,0.8117,3.1123,3.0305,5.6031,3.8682,34998303.3873,31924421.0777,2862106.1712,225739056.8481,205912515.9512,0
601288.SH,农业银行,20260601,6.49,0.1195,1.3334,,7.8044,7.7181,0.8167,3.1316,3.0493,5.5686,3.8444,34998303.3873,31924421.0777,2862106.1712,227138988.9836,207189492.7943,0
601288.SH,农业银行,20260529,6.32,0.1031,1.1499,1.27,7.5999,7.5159,0.7953,3.0496,2.9694,5.7184,3.9478,34998303.3873,31924421.0777,2862106.1712,221189277.4077,201762341.2111,0
601288.SH,农业银行,20260528,6.21,0.0875,0.9758,1.04,7.4677,7.3851,0.7815,2.9965,2.9178,5.8197,4.0177,34998303.3873,31924421.0777,2862106.1712,217339464.0351,198250654.8925,0
601288.SH,农业银行,20260527,6.31,0.1114,1.2425,1.32,7.5879,7.504,0.7941,3.0448,2.9647,5.7274,3.9541,34998303.3873,31924421.0777,2862106.1712,220839294.3739,201443097.0003,0
601288.SH,农业银行,20260526,6.42,0.0747,0.8336,0.88,7.7202,7.6348,0.8079,3.0979,3.0164,5.6293,3.8863,34998303.3873,31924421.0777,2862106.1712,224689107.7465,204954783.3188,0
601288.SH,农业银行,20260525,6.44,0.0543,0.6056,0.58,7.7442,7.6586,0.8104,3.1075,3.0258,5.6118,3.8743,34998303.3873,31924421.0777,2862106.1712,225389073.8142,205593271.7404,0
601288.SH,农业银行,20260522,6.46,0.0778,0.8676,0.76,7.7683,7.6824,0.813,3.1172,3.0352,5.5944,3.8623,34998303.3873,31924421.0777,2862106.1712,226089039.882,206231760.1619,0
601288.SH,农业银行,20260521,6.51,0.1006,1.1224,0.91,7.8284,7.7419,0.8192,3.1413,3.0587,5.5515,3.8326,34998303.3873,31924421.0777,2862106.1712,227838955.0513,207827981.2158,0
601288.SH,农业银行,20260520,6.46,0.1139,1.27,1.08,7.7683,7.6824,0.813,3.1172,3.0352,5.5944,3.8623,34998303.3873,31924421.0777,2862106.1712,226089039.882,206231760.1619,0
601288.SH,农业银行,20260519,6.62,0.0776,0.8651,0.72,7.9607,7.8727,0.8331,3.1944,3.1104,5.4592,3.7689,34998303.3873,31924421.0777,2862106.1712,231688768.4239,211339667.5344,0
601288.SH,农业银行,20260518,6.6,0.0966,1.0772,0.85,7.9366,7.8489,0.8306,3.1847,3.101,5.4758,3.7803,34998303.3873,31924421.0777,2862106.1712,230988802.3562,210701179.1128,0
601288.SH,农业银行,20260515,6.67,0.1199,1.3377,1.12,8.0208,7.9321,0.8394,3.2185,3.1339,5.4183,3.7407,34998303.3873,31924421.0777,2862106.1712,233438683.5933,212935888.5883,0
601288.SH,农业银行,20260514,6.76,0.1447,1.6136,1.55,8.129,8.0392,0.8507,3.2619,3.1762,5.3462,3.6909,34998303.3873,31924421.0777,2862106.1712,236588530.8981,215809086.4853,0
601288.SH,农业银行,20260513,6.66,0.0863,0.9623,0.87,8.0088,7.9202,0.8381,3.2137,3.1292,5.4264,3.7463,34998303.3873,31924421.0777,2862106.1712,233088700.5594,212616644.3775,0
601288.SH,农业银行,20260512,6.78,0.0876,0.9774,0.84,8.1531,8.0629,0.8395,3.2716,3.1856,5.3304,3.6136,34998303.3873,31924421.0777,2862106.1712,237288496.9659,216447574.9068,0
601288.SH,农业银行,20260511,6.81,0.1309,1.4605,1.33,8.1892,8.0986,0.8432,3.286,3.1997,5.3069,3.5977,34998303.3873,31924421.0777,2862106.1712,238338446.0675,217405307.5391,0
601288.SH,农业银行,20260508,6.9,0.0868,0.9676,0.89,8.2974,8.2057,0.8543,3.3295,3.2419,5.2377,3.5507,34998303.3873,31924421.0777,2862106.1712,241488293.3724,220278505.4361,0
601288.SH,农业银行,20260507,6.87,0.0748,0.8348,0.77,8.2613,8.17,0.8506,3.315,3.2278,5.2606,3.5662,34998303.3873,31924421.0777,2862106.1712,240438344.2708,219320772.8038,0
601288.SH,农业银行,20260506,6.86,0.1177,1.3131,1.36,8.2493,8.1581,0.8494,3.3102,3.2232,5.2682,3.5714,34998303.3873,31924421.0777,2862106.1712,240088361.2369,219001528.593,0
601288.SH,农业银行,20260430,6.92,0.113,1.2604,1.42,8.3214,8.2294,0.8568,3.3391,3.2513,5.2226,3.5405,34998303.3873,31924421.0777,2862106.1712,242188259.4401,220916993.8577,0
601288.SH,农业银行,20260429,6.94,0.0998,1.113,1.3,8.3455,8.3455,0.8777,3.3488,3.3488,5.2075,3.5303,34998303.3873,31924421.0777,2862106.1712,242888225.5079,221555482.2792,0
601288.SH,农业银行,20260428,6.98,0.0817,0.9118,1.07,8.3936,8.3936,0.8828,3.3681,3.3681,5.1777,3.51,34998303.3873,31924421.0777,2862106.1712,244288157.6434,222832459.1223,0
601288.SH,农业银行,20260427,6.92,0.0759,0.8463,0.94,8.3214,8.3214,0.8752,3.3391,3.3391,5.2226,3.5405,34998303.3873,31924421.0777,2862106.1712,242188259.4401,220916993.8577,0
601288.SH,农业银行,20260424,7.04,0.0614,0.6852,0.67,8.4658,8.4658,0.8904,3.397,3.397,5.1335,3.4801,34998303.3873,31924421.0777,2862106.1712,246388055.8466,224747924.387,0
601288.SH,农业银行,20260423,7.03,0.0782,0.8724,0.76,8.4537,8.4537,0.8891,3.3922,3.3922,5.1408,3.4851,34998303.3873,31924421.0777,2862106.1712,246038072.8127,224428680.1762,0
601288.SH,农业银行,20260422,7.07,0.0857,0.9563,0.72,8.5018,8.5018,0.8942,3.4115,3.4115,5.1118,3.4654,34998303.3873,31924421.0777,2862106.1712,247438004.9482,225705657.0193,0
601288.SH,农业银行,20260421,7.18,0.0797,0.8889,0.63,8.6341,8.6341,0.9081,3.4646,3.4646,5.0334,3.4123,34998303.3873,31924421.0777,2862106.1712,251287818.3208,229217343.3379,0
601288.SH,农业银行,20260420,7.19,0.1003,1.1186,,8.6461,8.6461,0.9094,3.4694,3.4694,5.0264,3.4075,34998303.3873,31924421.0777,2862106.1712,251637801.3547,229536587.5487,0
601288.SH,农业银行,20260417,7.06,0.1115,1.2432,0.97,8.4898,8.4898,0.8929,3.4067,3.4067,5.119,3.4703,34998303.3873,31924421.0777,2862106.1712,247088021.9143,225386412.8086,0
601288.SH,农业银行,20260416,7.0,0.139,1.5502,1.35,8.4176,8.4176,0.8853,3.3777,3.3777,5.1629,3.5,34998303.3873,31924421.0777,2862106.1712,244988123.7111,223470947.5439,0
601288.SH,农业银行,20260415,6.95,0.1658,1.8492,1.78,8.3575,8.3575,0.879,3.3536,3.3536,5.2,3.5252,34998303.3873,31924421.0777,2862106.1712,243238208.5417,221874726.49,0
601288.SH,农业银行,20260414,6.76,0.1136,1.2675,1.27,8.129,8.129,0.855,3.2619,3.2619,5.3462,3.6243,34998303.3873,31924421.0777,2862106.1712,236588530.8981,215809086.4853,0
601288.SH,农业银行,20260413,6.64,0.0887,0.989,0.94,7.9847,7.9847,0.8398,3.204,3.204,5.4428,3.6898,34998303.3873,31924421.0777,2862106.1712,232388734.4917,211978155.9559,0
601288.SH,农业银行,20260410,6.59,0.0692,0.7714,0.6,7.9246,7.9246,0.8335,3.1799,3.1799,5.4841,3.7178,34998303.3873,31924421.0777,2862106.1712,230638819.3223,210381934.902,0
601288.SH,农业银行,20260409,6.6,0.0777,0.8664,0.64,7.9366,7.9366,0.8347,3.1847,3.1847,5.4758,3.7121,34998303.3873,31924421.0777,2862106.1712,230988802.3562,210701179.1128,0
601288.SH,农业银行,20260408,6.63,0.1162,1.2958,0.86,7.9727,7.9727,0.8385,3.1992,3.1992,5.451,3.6953,34998303.3873,31924421.0777,2862106.1712,232038751.4578,211658911.7452,0
601288.SH,农业银行,20260407,6.69,0.0953,1.0625,0.75,8.0449,8.0449,0.8461,3.2281,3.2281,5.4021,3.6622,34998303.3873,31924421.0777,2862106.1712,234138649.661,213574377.0098,0
601288.SH,农业银行,20260403,6.84,0.1144,1.2764,0.97,8.2252,8.2252,0.8651,3.3005,3.3005,5.2836,3.5819,34998303.3873,31924421.0777,2862106.1712,239388395.1691,218363040.1715,0
601288.SH,农业银行,20260402,6.92,0.1762,1.9658,1.82,8.3214,8.3214,0.8752,3.3391,3.3391,5.2226,3.5405,34998303.3873,31924421.0777,2862106.1712,242188259.4401,220916993.8577,0
601288.SH,农业银行,20260401,6.69,0.1039,1.1589,1.07,8.0449,8.0449,0.8461,3.2281,3.2281,5.4021,3.6622,34998303.3873,31924421.0777,2862106.1712,234138649.661,213574377.0098,0
601288.SH,农业银行,20260331,6.7,0.1828,2.0392,2.35,8.0569,8.0569,0.8474,3.233,3.233,5.394,3.6567,34998303.3873,31924421.0777,2862106.1712,234488632.6949,213893621.2206,0
601288.SH,农业银行,20260330,6.49,0.0619,0.6902,0.62,8.0522,7.8712,0.8423,3.1966,3.1494,5.5686,3.7751,34998303.3873,31924421.0777,2862106.1712,227138988.9836,207189492.7943,0
601288.SH,农业银行,20260327,6.48,0.0646,0.7204,0.59,8.0398,7.8591,0.841,3.1917,3.1445,5.5772,3.7809,34998303.3873,31924421.0777,2862106.1712,226789005.9497,206870248.5835,0
601288.SH,农业银行,20260326,6.51,0.0704,0.7855,0.56,8.077,7.8954,0.8449,3.2065,3.1591,5.5515,3.7635,34998303.3873,31924421.0777,2862106.1712,227838955.0513,207827981.2158,0
601288.SH,农业银行,20260325,6.55,0.1059,1.1815,0.76,8.1266,7.944,0.8501,3.2262,3.1785,5.5176,3.7405,34998303.3873,31924421.0777,2862106.1712,229238887.1868,209104958.0589,0
601288.SH,农业银行,20260324,6.5,0.0857,0.9558,0.58,8.0646,7.8833,0.8436,3.2016,3.1542,5.56,3.7692,34998303.3873,31924421.0777,2862106.1712,227488972.0175,207508737.0051,0
601288.SH,农业银行,20260323,6.47,0.1719,1.9173,1.34,8.0274,7.8469,0.8397,3.1868,3.1397,5.5858,3.7867,34998303.3873,31924421.0777,2862106.1712,226439022.9158,206551004.3727,0
601288.SH,农业银行,20260320,6.76,0.1156,1.289,0.94,8.3872,8.1987,0.8773,3.3296,3.2804,5.3462,3.6243,34998303.3873,31924421.0777,2862106.1712,236588530.8981,215809086.4853,0
601288.SH,农业银行,20260319,6.83,0.1518,1.6933,1.44,8.474,8.2836,0.8864,3.3641,3.3144,5.2914,3.5871,34998303.3873,31924421.0777,2862106.1712,239038412.1353,218043795.9607,0
601288.SH,农业银行,20260318,6.74,0.1679,1.8731,1.91,8.3624,8.1744,0.8747,3.3198,3.2707,5.362,3.635,34998303.3873,31924421.0777,2862106.1712,235888564.8304,215170598.0637,0
601288.SH,农业银行,20260317,6.76,0.1301,1.4513,1.58,8.3872,8.1987,0.8773,3.3296,3.2804,5.3462,3.6243,34998303.3873,31924421.0777,2862106.1712,236588530.8981,215809086.4853,0
601288.SH,农业银行,20260316,6.65,0.0757,0.8442,0.81,8.2507,8.0652,0.8631,3.2754,3.227,5.4346,3.6842,34998303.3873,31924421.0777,2862106.1712,232738717.5255,212297400.1667,0
601288.SH,农业银行,20260313,6.62,0.0892,0.9944,0.94,8.2135,8.0289,0.8592,3.2607,3.2125,5.4592,3.7009,34998303.3873,31924421.0777,2862106.1712,231688768.4239,211339667.5344,0
601288.SH,农业银行,20260312,6.64,0.066,0.7367,0.61,8.2383,8.0531,0.8618,3.2705,3.2222,5.4428,3.6898,34998303.3873,31924421.0777,2862106.1712,232388734.4917,211978155.9559,0
601288.SH,农业银行,20260311,6.63,0.0784,0.8742,0.6,8.2259,8.041,0.8605,3.2656,3.2173,5.451,3.6953,34998303.3873,31924421.0777,2862106.1712,232038751.4578,211658911.7452,0
601288.SH,农业银行,20260310,6.58,0.1022,1.1399,0.63,8.1639,7.9803,0.854,3.241,3.1931,5.4924,3.7234,34998303.3873,31924421.0777,2862106.1712,230288836.2884,210062690.6913,0
601288.SH,农业银行,20260309,6.66,0.1288,1.4372,0.79,8.2631,8.0774,0.8644,3.2804,3.2319,5.4264,3.6787,34998303.3873,31924421.0777,2862106.1712,233088700.5594,212616644.3775,0
601288.SH,农业银行,20260306,6.7,0.0977,1.0903,0.62,8.3128,8.1259,0.8695,3.3001,3.2513,5.394,3.6567,34998303.3873,31924421.0777,2862106.1712,234488632.6949,213893621.2206,0
601288.SH,农业银行,20260305,6.74,0.1377,1.5357,0.93,8.3624,8.1744,0.8747,3.3198,3.2707,5.362,3.635,34998303.3873,31924421.0777,2862106.1712,235888564.8304,215170598.0637,0
601288.SH,农业银行,20260304,6.68,0.1844,2.0573,1.46,8.2879,8.1016,0.867,3.2902,3.2416,5.4102,3.6677,34998303.3873,31924421.0777,2862106.1712,233788666.6272,213255132.799,0
601288.SH,农业银行,20260303,6.73,0.2658,2.9643,3.04,8.35,8.1623,0.8734,3.3149,3.2658,5.37,3.6404,34998303.3873,31924421.0777,2862106.1712,235538581.7965,214851353.8529,0
601288.SH,农业银行,20260302,6.48,0.1326,1.479,1.62,8.0398,7.8591,0.841,3.1917,3.1445,5.5772,3.7809,34998303.3873,31924421.0777,2862106.1712,226789005.9497,206870248.5835,0
601288.SH,农业银行,20260227,6.4,0.0667,0.7441,0.69,7.9405,7.762,0.8306,3.1523,3.1057,5.6469,3.8281,34998303.3873,31924421.0777,2862106.1712,223989141.6787,204316294.8973,0
601288.SH,农业银行,20260226,6.42,0.0902,1.0066,0.93,7.9654,7.7863,0.8332,3.1622,3.1154,5.6293,3.8162,34998303.3873,31924421.0777,2862106.1712,224689107.7465,204954783.3188,0
601288.SH,农业银行,20260225,6.51,0.0759,0.8464,0.72,8.077,7.8954,0.8449,3.2065,3.1591,5.5515,3.7635,34998303.3873,31924421.0777,2862106.1712,227838955.0513,207827981.2158,0
601288.SH,农业银行,20260224,6.48,0.0717,0.7995,0.66,8.0398,7.8591,0.841,3.1917,3.1445,5.5772,3.7809,34998303.3873,31924421.0777,2862106.1712,226789005.9497,206870248.5835,0
601288.SH,农业银行,20260213,6.51,0.1041,1.1612,0.96,8.077,7.8954,0.8449,3.2065,3.1591,5.5515,3.7635,34998303.3873,31924421.0777,2862106.1712,227838955.0513,207827981.2158,0
601288.SH,农业银行,20260212,6.61,0.1394,1.5545,1.37,8.2011,8.0167,0.8579,3.2557,3.2076,5.4675,3.7065,34998303.3873,31924421.0777,2862106.1712,231338785.3901,211020423.3236,0
601288.SH,农业银行,20260211,6.79,0.0964,1.0753,0.95,8.4244,8.235,0.8812,3.3444,3.295,5.3225,3.6083,34998303.3873,31924421.0777,2862106.1712,237638479.9998,216766819.1176,0
601288.SH,农业银行,20260210,6.73,0.1122,1.251,1.04,8.35,8.1623,0.8734,3.3149,3.2658,5.37,3.6404,34998303.3873,31924421.0777,2862106.1712,235538581.7965,214851353.8529,0
601288.SH,农业银行,20260209,6.71,0.0918,1.0243,0.77,8.3252,8.138,0.8708,3.305,3.2561,5.386,3.6513,34998303.3873,31924421.0777,2862106.1712,234838615.7288,214212865.4314,0
601288.SH,农业银行,20260206,6.67,0.1053,1.1742,0.84,8.2755,8.0895,0.8657,3.2853,3.2367,5.4183,3.6732,34998303.3873,31924421.0777,2862106.1712,233438683.5933,212935888.5883,0
601288.SH,农业银行,20260205,6.7,0.1047,1.1674,,8.3128,8.1259,0.8695,3.3001,3.2513,5.394,3.6567,34998303.3873,31924421.0777,2862106.1712,234488632.6949,213893621.2206,0
601288.SH,农业银行,20260204,6.67,0.096,1.0711,0.64,8.2755,8.0895,0.8657,3.2853,3.2367,5.4183,3.6732,34998303.3873,31924421.0777,2862106.1712,233438683.5933,212935888.5883,0
601288.SH,农业银行,20260203,6.66,0.1401,1.5626,0.85,8.2631,8.0774,0.8644,3.2804,3.2319,5.4264,3.6787,34998303.3873,31924421.0777,2862106.1712,233088700.5594,212616644.3775,0
601288.SH,农业银行,20260202,6.78,0.154,1.7181,0.88,8.412,8.2229,0.8799,3.3395,3.2901,5.3304,3.6136,34998303.3873,31924421.0777,2862106.1712,237288496.9659,216447574.9068,0
601288.SH,农业银行,20260130,6.72,0.1288,1.4366,0.74,8.3376,8.1501,0.8721,3.3099,3.261,5.378,3.6458,34998303.3873,31924421.0777,2862106.1712,235188598.7627,214532109.6421,0
601288.SH,农业银行,20260129,6.78,0.1659,1.8509,,8.412,8.2229,0.8799,3.3395,3.2901,5.3304,3.6136,34998303.3873,31924421.0777,2862106.1712,237288496.9659,216447574.9068,0
601288.SH,农业银行,20260128,6.8,0.1643,1.8329,0.96,8.4368,8.2472,0.8825,3.3493,3.2998,5.3147,3.603,34998303.3873,31924421.0777,2862106.1712,237988463.0336,217086063.3284,0
601288.SH,农业银行,20260127,6.89,0.2146,2.3936,,8.5485,8.3563,0.8942,3.3937,3.3435,5.2453,3.5559,34998303.3873,31924421.0777,2862106.1712,241138310.3385,219959261.2254,0
601288.SH,农业银行,20260126,6.84,0.1984,2.2132,,8.4865,8.2957,0.8877,3.369,3.3192,5.2836,3.5819,34998303.3873,31924421.0777,2862106.1712,239388395.1691,218363040.1715,0
601288.SH,农业银行,20260123,6.75,0.124,1.3835,0.94,8.3748,8.1865,0.876,3.3247,3.2755,5.3541,3.6296,34998303.3873,31924421.0777,2862106.1712,236238547.8643,215489842.2745,0
601288.SH,农业银行,20260122,6.81,0.1493,1.6649,1.2,8.4492,8.2593,0.8838,3.3543,3.3047,5.3069,3.5977,34998303.3873,31924421.0777,2862106.1712,238338446.0675,217405307.5391,0
601288.SH,农业银行,20260121,6.96,0.1735,1.9348,,8.6353,8.4412,0.9033,3.4281,3.3775,5.1925,3.5201,34998303.3873,31924421.0777,2862106.1712,243588191.5756,222193970.7008,0
601288.SH,农业银行,20260120,7.17,0.1186,1.3224,,8.8959,8.6959,0.9305,3.5316,3.4794,5.0405,3.417,34998303.3873,31924421.0777,2862106.1712,250937835.2869,228898099.1271,0
601288.SH,农业银行,20260119,7.1,0.1002,1.118,0.82,8.809,8.611,0.9215,3.4971,3.4454,5.0902,3.4507,34998303.3873,31924421.0777,2862106.1712,248487954.0498,226663389.6517,0
601288.SH,农业银行,20260116,7.21,0.1166,1.3009,1.03,8.9455,8.7444,0.9357,3.5513,3.4988,5.0125,3.3981,34998303.3873,31924421.0777,2862106.1712,252337767.4224,230175075.9702,0
601288.SH,农业银行,20260115,7.33,0.114,1.2711,,9.0944,8.89,0.9513,3.6104,3.557,4.9304,3.3424,34998303.3873,31924421.0777,2862106.1712,256537563.8289,234006006.4995,0
601288.SH,农业银行,20260114,7.48,0.122,1.3611,1.24,9.2805,9.0719,0.9708,3.6843,3.6298,4.8316,3.2754,34998303.3873,31924421.0777,2862106.1712,261787309.337,238794669.6612,0
601288.SH,农业银行,20260113,7.61,0.153,1.7062,,9.4418,9.2295,0.9876,3.7483,3.6929,4.749,3.2195,34998303.3873,31924421.0777,2862106.1712,266337088.7774,242944844.4013,0
601288.SH,农业银行,20260112,7.52,0.1078,1.2019,1.33,9.3301,9.1204,0.976,3.704,3.6492,4.8059,3.258,34998303.3873,31924421.0777,2862106.1712,263187241.4725,240071646.5043,0
601288.SH,农业银行,20260109,7.41,0.0699,0.7795,0.82,9.1937,8.987,0.9617,3.6498,3.5958,4.8772,3.3064,34998303.3873,31924421.0777,2862106.1712,259337428.0999,236559960.1858,0
601288.SH,农业银行,20260108,7.44,0.0886,0.9878,,9.2309,9.0234,0.9656,3.6646,3.6104,4.8575,3.293,34998303.3873,31924421.0777,2862106.1712,260387377.2015,237517692.8181,0
601288.SH,农业银行,20260107,7.49,0.0736,0.8208,0.87,9.2929,9.084,0.9721,3.6892,3.6346,4.8251,3.271,34998303.3873,31924421.0777,2862106.1712,262137292.3709,239113913.872,0
601288.SH,农业银行,20260106,7.56,0.0734,0.8189,0.9,9.3798,9.1689,0.9812,3.7237,3.6686,4.7804,3.2408,34998303.3873,31924421.0777,2862106.1712,264587173.608,241348623.3474,0
601288.SH,农业银行,20260105,7.57,0.0997,1.1125,1.37,9.3922,9.181,0.9825,3.7286,3.6735,4.7741,3.2365,34998303.3873,31924421.0777,2862106.1712,264937156.6419,241667867.5582,0
