ts_code,name,trade_date,open,high,low,close,pre_close,change,vol,amount,turnover_rate,float_share,area,industry,market,total_mv,limit
000333.SZ,美的集团,20260928,82.18,82.97,81.27,82.0,82.65,-0.7864,256572.98,2101953.50857,0.3727,688485.4605,广东,家用电器,主板,62556144.3544,N
000333.SZ,美的集团,20260924,82.18,83.05,82.05,82.65,82.47,0.2183,143155.02,1184739.58547,0.2079,688485.4605,广东,家用电器,主板,63052016.2304,N
000333.SZ,美的集团,20260923,82.51,82.84,82.05,82.47,82.54,-0.0848,170236.57,1402962.20263,0.2473,688485.4605,广东,家用电器,主板,62914697.8647,N
000333.SZ,美的集团,20260922,80.71,82.62,80.24,82.54,80.9,2.0272,375196.93,3076321.96601,0.545,688485.4605,广东,家用电器,主板,62968099.4514,N
000333.SZ,美的集团,20260921,84.08,84.18,80.68,80.9,84.4,-4.1469,616908.41,5036101.95521,0.896,688485.4605,广东,家用电器,主板,61716976.5643,N
000333.SZ,美的集团,20260918,84.9,85.04,83.88,84.4,85.04,-0.7526,260872.54,2201833.15131,0.3789,688485.4605,广东,家用电器,主板,64387055.8965,N
000333.SZ,美的集团,20260917,85.25,85.28,84.16,85.04,85.0,0.0471,180134.45,1527387.39043,0.2616,688485.4605,广东,家用电器,主板,64875298.9744,N
000333.SZ,美的集团,20260916,87.0,87.41,84.51,85.0,87.23,-2.5565,298454.89,2546175.02649,0.4335,688485.4605,广东,家用电器,主板,64844783.782,N
000333.SZ,美的集团,20260915,86.7,88.1,86.44,87.23,86.8,0.4954,196776.44,1722618.37859,0.2858,688485.4605,广东,家用电器,主板,66546005.7565,N
000333.SZ,美的集团,20260914,86.29,87.4,86.26,86.8,86.26,0.626,180950.85,1572363.56952,0.2628,688485.4605,广东,家用电器,主板,66217967.4386,N
000333.SZ,美的集团,20260911,86.2,86.9,85.95,86.26,86.2,0.0696,222863.4,1926234.92201,0.3237,688485.4605,广东,家用电器,主板,65806012.3416,N
000333.SZ,美的集团,20260910,85.99,86.6,85.4,86.2,86.02,0.2093,204987.23,1764174.84961,0.2977,688485.4605,广东,家用电器,主板,65760239.553,N
000333.SZ,美的集团,20260909,85.0,86.04,84.44,86.02,85.15,1.0217,179786.28,1537157.62196,0.2611,688485.4605,广东,家用电器,主板,65622921.1874,N
000333.SZ,美的集团,20260908,85.88,86.38,84.68,85.15,86.27,-1.2982,229434.53,1956253.77209,0.3332,688485.4605,广东,家用电器,主板,64959215.7534,N
000333.SZ,美的集团,20260907,87.54,87.7,85.96,86.27,87.57,-1.4845,228905.2,1977895.65281,0.3325,688485.4605,广东,家用电器,主板,65813641.1397,N
000333.SZ,美的集团,20260904,87.0,88.28,86.02,87.57,87.25,0.3668,179523.69,1569955.404,0.2608,688485.4605,广东,家用电器,主板,66805384.8916,N
000333.SZ,美的集团,20260903,87.25,88.5,86.56,87.25,86.98,0.3104,148596.32,1302253.1427,0.2158,688485.4605,广东,家用电器,主板,66561263.3527,N
000333.SZ,美的集团,20260902,87.37,87.89,86.68,86.98,87.49,-0.5829,123201.01,1070635.83359,0.1789,688485.4605,广东,家用电器,主板,66355285.8042,N
000333.SZ,美的集团,20260901,87.9,88.41,87.0,87.49,87.73,-0.2736,184260.37,1616473.12032,0.2676,688485.4605,广东,家用电器,主板,66744354.5069,N
000333.SZ,美的集团,20260831,86.6,87.98,86.12,87.73,86.23,1.7395,267917.86,2344709.67725,0.3891,688485.4605,广东,家用电器,主板,66927445.6611,N
000333.SZ,美的集团,20260828,86.5,86.98,85.42,86.23,86.18,0.058,169362.04,1459282.37006,0.2465,686949.542,广东,家用电器,主板,65650683.6347,N
000333.SZ,美的集团,20260827,86.0,86.56,85.4,86.18,86.39,-0.2431,219218.85,1883865.95657,0.3191,686949.542,广东,家用电器,主板,65612616.4402,N
000333.SZ,美的集团,20260826,86.03,87.26,86.02,86.39,86.69,-0.3461,166376.58,1440578.17352,0.2422,686949.542,广东,家用电器,主板,65772498.6571,N
000333.SZ,美的集团,20260825,86.2,87.4,86.03,86.69,85.99,0.814,253055.23,2195605.97704,0.3684,686949.542,广东,家用电器,主板,66000901.8241,N
000333.SZ,美的集团,20260824,84.11,86.35,84.05,85.99,84.3,2.0047,276682.64,2368707.19657,0.4028,686949.542,广东,家用电器,主板,65467961.1011,N
000333.SZ,美的集团,20260821,85.38,85.99,84.25,84.3,85.38,-1.2649,180210.93,1530494.6575,0.2623,686949.542,广东,家用电器,主板,64181289.927,N
000333.SZ,美的集团,20260820,84.78,85.53,83.95,85.38,84.72,0.779,263355.46,2237151.42797,0.3834,686949.542,广东,家用电器,主板,65003541.3282,N
000333.SZ,美的集团,20260819,83.51,84.78,83.38,84.72,83.58,1.364,334067.06,2816516.54079,0.4863,686949.542,广东,家用电器,主板,64501054.3608,N
000333.SZ,美的集团,20260818,82.8,83.89,82.39,83.58,82.61,1.1742,227070.2,1887839.77811,0.3305,686949.542,广东,家用电器,主板,63633122.3262,N
000333.SZ,美的集团,20260817,83.15,83.28,82.39,82.61,83.03,-0.5058,188451.81,1559306.8642,0.2743,686949.542,广东,家用电器,主板,62894618.7529,N
000333.SZ,美的集团,20260814,83.77,84.3,83.0,83.03,84.19,-1.3778,223923.63,1866196.09285,0.326,686949.542,广东,家用电器,主板,63214383.1867,N
000333.SZ,美的集团,20260813,84.19,84.57,83.8,84.19,84.34,-0.1779,199749.52,1681491.98812,0.2908,686949.542,广东,家用电器,主板,64097542.0991,N
000333.SZ,美的集团,20260812,85.18,85.37,84.16,84.34,85.62,-1.495,219284.58,1852073.19208,0.3192,686949.542,广东,家用电器,主板,64211743.6826,N
000333.SZ,美的集团,20260811,85.26,86.12,85.03,85.62,85.3,0.3751,195091.79,1671643.82692,0.284,686949.542,广东,家用电器,主板,65186263.8618,N
000333.SZ,美的集团,20260810,83.5,86.07,83.12,85.3,83.5,2.1557,311419.03,2645240.98277,0.4533,686949.542,广东,家用电器,主板,64942633.817,N
000333.SZ,美的集团,20260807,85.26,85.33,82.97,83.5,85.32,-2.1331,400167.76,3352328.49266,0.5825,686949.542,广东,家用电器,主板,63572214.815,N
000333.SZ,美的集团,20260806,85.5,86.0,84.8,85.32,85.47,-0.1755,208696.34,1780112.92408,0.3038,686949.542,广东,家用电器,主板,64957860.6948,N
000333.SZ,美的集团,20260805,85.0,85.6,84.28,85.47,85.14,0.3876,291296.62,2473355.69813,0.424,686949.542,广东,家用电器,主板,65072062.2783,N
000333.SZ,美的集团,20260804,85.99,86.2,84.66,85.14,85.9,-0.8847,381120.65,3241774.67291,0.5548,686949.542,广东,家用电器,主板,64820818.7946,N
000333.SZ,美的集团,20260803,87.39,87.97,85.65,85.9,87.6,-1.9406,336692.6,2911398.28346,0.4901,686949.542,广东,家用电器,主板,65399440.151,N
000333.SZ,美的集团,20260731,87.01,87.79,84.51,87.6,88.95,-1.5177,475044.54,4107738.6699,0.6915,686949.542,广东,家用电器,主板,66693724.764,N
000333.SZ,美的集团,20260730,87.01,89.5,86.5,88.95,87.01,2.2296,461498.32,4071773.62385,0.6718,686949.542,广东,家用电器,主板,67721539.0155,N
000333.SZ,美的集团,20260729,85.35,87.5,85.1,87.01,85.37,1.921,478144.31,4150483.89117,0.696,686949.542,广东,家用电器,主板,66244531.8689,N
000333.SZ,美的集团,20260728,84.12,85.92,84.01,85.37,84.13,1.4739,336711.43,2871540.84812,0.4902,686949.542,广东,家用电器,主板,64995927.8893,N
000333.SZ,美的集团,20260727,84.03,84.55,83.2,84.13,84.5,-0.4379,228192.03,1919459.06089,0.3322,686949.542,广东,家用电器,主板,64051861.4657,N
000333.SZ,美的集团,20260724,84.75,85.2,84.11,84.5,84.77,-0.3185,237910.82,2014365.0701,0.3463,686949.542,广东,家用电器,主板,64333558.705,N
000333.SZ,美的集团,20260723,84.67,85.18,84.27,84.77,84.8,-0.0354,191238.49,1620699.96721,0.2784,686949.542,广东,家用电器,主板,64539121.5553,N
000333.SZ,美的集团,20260722,84.04,84.8,83.51,84.8,84.27,0.6289,326916.94,2751711.19714,0.4759,686949.542,广东,家用电器,主板,64561961.872,N
000333.SZ,美的集团,20260721,84.15,85.75,83.61,84.27,84.3,-0.0356,459099.11,3881820.71135,0.6683,686949.542,广东,家用电器,主板,64158449.6103,N
000333.SZ,美的集团,20260720,81.23,84.5,81.11,84.3,82.71,1.9224,547048.08,4571947.51088,0.7963,686949.542,广东,家用电器,主板,64181289.927,N
000333.SZ,美的集团,20260717,82.31,83.45,81.34,82.71,81.8,1.1125,462795.15,3817607.25008,0.6741,686509.9495,广东,家用电器,主板,62970753.1419,N
000333.SZ,美的集团,20260716,82.15,83.45,81.8,81.8,82.67,-1.0524,362382.35,2982559.44626,0.5279,686509.9495,广东,家用电器,主板,62277930.202,N
000333.SZ,美的集团,20260715,81.17,82.76,80.58,82.67,81.18,1.8354,332211.04,2726356.54289,0.4839,686522.7495,广东,家用电器,主板,62940299.3863,N
000333.SZ,美的集团,20260714,80.43,82.0,79.91,81.18,80.4,0.9701,457503.33,3706958.30933,0.6664,686522.7495,广东,家用电器,主板,61805896.9902,N
000333.SZ,美的集团,20260713,78.5,80.67,78.42,80.4,78.99,1.785,470416.28,3769459.40078,0.6852,686522.7495,广东,家用电器,主板,61212048.756,N
000333.SZ,美的集团,20260710,79.14,79.3,77.86,78.99,79.33,-0.4286,279618.58,2201420.87634,0.4075,686231.2128,广东,家用电器,主板,60138553.8711,N
000333.SZ,美的集团,20260709,79.0,79.59,78.0,79.33,79.41,-0.1007,301215.49,2381427.42059,0.4389,686231.2128,广东,家用电器,主板,60397410.7937,N
000333.SZ,美的集团,20260708,78.75,79.96,78.33,79.41,79.12,0.3665,315459.22,2505012.47957,0.4597,686224.3458,广东,家用电器,主板,60458318.3049,N
000333.SZ,美的集团,20260707,79.43,80.35,78.65,79.12,80.0,-1.1,340654.22,2696340.98593,0.4964,686224.3458,广东,家用电器,主板,60237528.5768,N
000333.SZ,美的集团,20260706,78.6,80.15,78.0,80.0,77.96,2.6167,503836.9,4006480.1448,0.7342,686224.3458,广东,家用电器,主板,60907511.2,N
000333.SZ,美的集团,20260703,77.5,79.9,77.31,77.96,77.01,1.2336,557803.35,4376620.90201,0.8129,686224.3458,广东,家用电器,主板,59354369.6644,N
000333.SZ,美的集团,20260702,77.61,79.26,76.98,77.01,77.4,-0.5039,561467.85,4362682.50319,0.8182,686224.3458,广东,家用电器,主板,58631092.9689,N
000333.SZ,美的集团,20260701,76.01,77.6,73.62,77.4,75.53,2.4758,502241.6,3810029.15873,0.7319,686224.3458,广东,家用电器,主板,58928017.086,N
000333.SZ,美的集团,20260630,76.52,78.66,75.31,75.53,77.27,-2.2518,577508.98,4402003.72255,0.8416,686224.3458,广东,家用电器,主板,57504304.0117,N
000333.SZ,美的集团,20260629,75.79,77.99,75.14,77.27,74.83,3.2607,743258.28,5697834.97837,1.0831,686224.3458,广东,家用电器,主板,58829042.3803,N
000333.SZ,美的集团,20260626,76.88,78.94,76.61,78.55,76.5,2.6797,449533.88,3512507.55612,0.6551,686224.3458,广东,家用电器,主板,59803562.5595,N
000333.SZ,美的集团,20260625,76.64,78.37,76.2,76.5,76.63,-0.1696,411489.53,3173689.87216,0.5996,686224.3458,广东,家用电器,主板,58242807.585,N
000333.SZ,美的集团,20260624,78.5,78.7,76.0,76.63,78.07,-1.8445,384877.9,2950191.88716,0.5609,686224.3458,广东,家用电器,主板,58341782.2907,N
000333.SZ,美的集团,20260623,78.17,79.62,77.82,78.07,78.28,-0.2683,360891.0,2832542.71024,0.5259,686224.3458,广东,家用电器,主板,59438117.4923,N
000333.SZ,美的集团,20260622,77.33,79.15,76.9,78.28,78.0,0.359,306709.55,2398663.37726,0.447,686224.3458,广东,家用电器,主板,59597999.764,N
000333.SZ,美的集团,20260618,79.23,79.49,77.8,78.0,79.22,-1.54,363667.79,2850857.59606,0.53,686114.7205,广东,家用电器,主板,59376272.7012,N
000333.SZ,美的集团,20260617,78.97,79.85,78.54,79.22,78.96,0.3293,334472.29,2647888.30823,0.4875,686114.7205,广东,家用电器,主板,60304978.505,N
000333.SZ,美的集团,20260616,80.97,80.99,78.56,78.96,80.93,-2.4342,415238.8,3291473.11458,0.6052,686114.7205,广东,家用电器,主板,60107057.596,N
000333.SZ,美的集团,20260615,82.95,82.98,80.5,80.93,83.23,-2.7634,432925.54,3514282.13545,0.6309,686224.3458,广东,家用电器,主板,61615561.0744,N
000333.SZ,美的集团,20260612,84.5,84.66,82.55,83.23,85.35,-2.4839,429352.87,3569548.76146,0.6257,686224.3458,广东,家用电器,主板,63366652.023,N
000333.SZ,美的集团,20260611,83.66,85.9,83.4,85.35,83.9,1.7282,521436.92,4432709.13654,0.7599,686224.3458,广东,家用电器,主板,64980701.0712,N
000333.SZ,美的集团,20260610,82.5,84.88,81.47,83.9,82.36,1.8698,386972.91,3242378.39366,0.5639,686224.3458,广东,家用电器,主板,63876752.4297,N
000333.SZ,美的集团,20260609,82.5,82.99,81.75,82.36,82.85,-0.5914,220991.77,1819542.34073,0.322,686224.3458,广东,家用电器,主板,62704282.8381,N
000333.SZ,美的集团,20260608,81.39,83.75,80.88,82.85,81.69,1.42,367031.0,3034363.53543,0.5349,686217.0148,广东,家用电器,主板,63076733.9711,N
000333.SZ,美的集团,20260605,82.3,83.3,81.6,81.69,82.42,-0.8857,209494.37,1725517.859,0.3053,686203.7799,广东,家用电器,主板,62192502.4029,N
000333.SZ,美的集团,20260604,82.05,83.48,81.8,82.42,82.61,-0.23,243658.47,2019048.245,0.3551,686184.0269,广东,家用电器,主板,62746640.3878,N
000333.SZ,美的集团,20260603,82.3,82.7,81.56,82.61,82.6,0.0121,230326.26,1895269.95217,0.3357,686166.2796,广东,家用电器,主板,62889821.9619,N
000333.SZ,美的集团,20260602,81.26,82.79,81.22,82.6,81.7,1.1016,263177.46,2162929.06026,0.3836,686146.15,广东,家用电器,主板,62880546.3987,N
000333.SZ,美的集团,20260601,80.32,82.0,80.29,81.7,80.85,1.0513,376711.19,3058758.97678,0.549,686115.0205,广东,家用电器,主板,62192863.9932,N
000333.SZ,美的集团,20260529,78.92,81.26,78.5,80.85,78.95,2.4066,429729.44,3461222.69757,0.6263,686086.9404,广东,家用电器,主板,61543544.3365,N
000333.SZ,美的集团,20260528,79.6,79.78,78.61,78.95,80.03,-1.3495,241997.52,1913267.193,0.3527,686059.3886,广东,家用电器,主板,60095076.7998,N
000333.SZ,美的集团,20260527,79.53,80.28,78.87,80.03,79.55,0.6034,255887.79,2034009.882,0.373,686026.4757,广东,家用电器,主板,60914516.0286,N
000333.SZ,美的集团,20260526,79.8,80.7,79.43,79.55,79.81,-0.3258,244953.12,1954515.555,0.3571,685950.8895,广东,家用电器,主板,60543153.0565,N
000333.SZ,美的集团,20260525,80.0,80.14,78.79,79.81,80.28,-0.5855,231274.55,1842662.846,0.3372,685950.8895,广东,家用电器,主板,60741031.3695,N
000333.SZ,美的集团,20260522,81.67,82.0,79.89,80.28,81.5,-1.4969,309848.02,2493884.552,0.4517,685922.9248,广东,家用电器,主板,61096489.4675,N
000333.SZ,美的集团,20260521,82.15,83.15,81.5,81.5,81.5,0.0,311812.54,2562761.519,0.4546,685881.8767,广东,家用电器,主板,62021615.8604,N
000333.SZ,美的集团,20260520,80.72,82.16,80.08,81.5,81.0,0.6173,301597.03,2454297.43,0.4397,685839.7539,广东,家用电器,主板,62018182.8522,N
000333.SZ,美的集团,20260519,82.83,82.84,80.5,81.0,82.83,-2.2093,335817.68,2725821.114,0.4897,685810.1718,广东,家用电器,主板,61635307.0527,N
000333.SZ,美的集团,20260518,82.68,83.44,82.08,82.83,82.57,0.3149,377353.68,3123465.724,0.5502,685786.2416,广东,家用电器,主板,63025826.2958,N
000333.SZ,美的集团,20260515,81.45,83.3,80.75,82.57,81.81,0.929,426608.57,3525964.212,0.6221,685759.9091,广东,家用电器,主板,62825816.5168,N
000333.SZ,美的集团,20260514,80.39,82.08,80.39,81.81,80.38,1.779,389266.88,3174393.395,0.5677,685735.3234,广东,家用电器,主板,62245536.7756,N
000333.SZ,美的集团,20260513,79.96,80.95,79.63,80.38,80.09,0.3621,328496.85,2636662.837,0.4791,685706.2907,广东,家用电器,主板,61155180.6655,N
000333.SZ,美的集团,20260512,80.66,81.17,79.73,80.09,80.67,-0.719,357755.83,2875768.679,0.5218,685667.2478,广东,家用电器,主板,60931414.2273,N
000333.SZ,美的集团,20260511,80.14,82.45,79.58,80.67,80.4,0.3358,436444.07,3540579.382,0.6365,685643.0946,广东,家用电器,主板,61370722.1285,N
000333.SZ,美的集团,20260508,79.65,81.09,79.32,80.4,79.81,0.7393,282423.27,2273797.15,0.4119,685615.7293,广东,家用电器,主板,61163116.0457,N
000333.SZ,美的集团,20260507,80.0,80.98,79.77,79.81,80.44,-0.7832,372176.47,2988466.109,0.5429,685563.088,广东,家用电器,主板,60710080.9317,N
000333.SZ,美的集团,20260506,79.7,80.88,79.15,80.44,81.1,-0.8138,360418.63,2885237.85,0.5258,685524.3702,广东,家用电器,主板,61186196.5306,N
000333.SZ,美的集团,20260430,81.0,82.15,80.61,81.1,81.31,-0.2583,354432.69,2889837.73,0.517,685524.3702,广东,家用电器,主板,61688221.5146,N
000333.SZ,美的集团,20260429,80.55,81.94,80.45,81.31,80.45,1.069,331107.92,2684108.096,0.483,685524.3702,广东,家用电器,主板,61847956.7368,N
000333.SZ,美的集团,20260428,79.45,80.8,79.18,80.45,79.5,1.195,304729.06,2450034.708,0.4445,685524.3702,广东,家用电器,主板,61193802.9698,N
000333.SZ,美的集团,20260427,79.24,80.15,79.01,79.5,79.66,-0.2009,258511.62,2060818.397,0.3771,685500.95,广东,家用电器,主板,60469329.3446,N
000333.SZ,美的集团,20260424,79.56,80.2,79.46,79.66,79.85,-0.2379,217880.11,1740580.503,0.3179,685469.9604,广东,家用电器,主板,60588559.9922,N
000333.SZ,美的集团,20260423,79.29,80.15,78.73,79.85,79.3,0.6936,299432.46,2388456.633,0.4368,685449.4499,广东,家用电器,主板,60731434.2348,N
000333.SZ,美的集团,20260422,79.5,79.63,78.87,79.3,79.5,-0.2516,202781.6,1606990.585,0.2959,685415.1524,广东,家用电器,主板,60310401.4959,N
000333.SZ,美的集团,20260421,79.75,80.08,79.2,79.5,79.58,-0.1005,238792.88,1903225.382,0.3484,685378.6132,广东,家用电器,主板,60459603.569,N
000333.SZ,美的集团,20260420,78.4,79.9,78.05,79.58,78.65,1.1825,276699.79,2201771.534,0.4037,685353.5143,广东,家用电器,主板,60518446.0511,N
000333.SZ,美的集团,20260417,78.18,79.25,77.84,78.65,77.9,0.9628,277352.36,2181684.923,0.4047,685342.0705,广东,家用电器,主板,59810306.0512,N
000333.SZ,美的集团,20260416,77.77,78.44,77.4,77.9,77.49,0.5291,238078.03,1853913.748,0.3474,685329.143,广东,家用电器,主板,59238952.7874,N
000333.SZ,美的集团,20260415,76.55,77.88,76.2,77.49,76.55,1.228,318450.72,2461286.853,0.4647,685321.983,广东,家用电器,主板,58926613.997,N
000333.SZ,美的集团,20260414,76.06,76.55,75.5,76.55,75.78,1.0161,195781.58,1489302.845,0.2857,685311.1952,广东,家用电器,主板,58210973.1547,N
000333.SZ,美的集团,20260413,76.03,76.47,75.58,75.78,76.41,-0.8245,182375.2,1384781.818,0.2661,685305.6309,广东,家用电器,主板,57625019.8221,N
000333.SZ,美的集团,20260410,76.52,76.74,76.06,76.41,76.52,-0.1438,258372.67,1971065.632,0.377,685299.011,广东,家用电器,主板,58103581.8563,N
000333.SZ,美的集团,20260409,76.4,77.02,75.9,76.52,76.73,-0.2737,235023.94,1796387.351,0.343,685289.174,广东,家用电器,主板,58186475.1702,N
000333.SZ,美的集团,20260408,76.95,77.25,76.35,76.73,76.12,0.8014,286804.12,2200099.879,0.4185,685272.456,广东,家用电器,主板,58344878.2291,N
000333.SZ,美的集团,20260407,76.35,76.7,75.62,76.12,76.35,-0.3012,163826.05,1246113.3,0.2391,685249.0095,广东,家用电器,主板,57879254.3609,N
