trade_date,ts_code,exalter,buy,buy_rate,sell,sell_rate,net_buy,side,reason
20240814,000509.SZ,联储证券股份有限公司浙江分公司,17122471.0,2.83,23390374.41,3.87,-6267903.41,0,日振幅值达到15%的前5只证券
20240814,000509.SZ,联储证券股份有限公司浙江分公司,17122471.0,2.83,23390374.41,3.87,-6267903.41,0,日跌幅偏离值达到7%的前5只证券
20240814,000509.SZ,中信建投证券股份有限公司上海徐家汇路证券营业部,6860169.0,1.14,7241599.92,1.2,-381430.92,0,日振幅值达到15%的前5只证券
20240814,000509.SZ,中信建投证券股份有限公司上海徐家汇路证券营业部,6860169.0,1.14,7241599.92,1.2,-381430.92,0,日跌幅偏离值达到7%的前5只证券
20240814,000509.SZ,财通证券股份有限公司杭州上塘路证券营业部,6362831.0,1.05,7241001.0,1.2,-878170.0,0,日振幅值达到15%的前5只证券
20240814,000509.SZ,财通证券股份有限公司杭州上塘路证券营业部,6362831.0,1.05,7241001.0,1.2,-878170.0,0,日跌幅偏离值达到7%的前5只证券
20240814,000509.SZ,东方财富证券股份有限公司拉萨金融城南环路证券营业部,5684656.0,0.94,1513468.0,0.25,4171188.0,0,日振幅值达到15%的前5只证券
20240814,000509.SZ,东方财富证券股份有限公司拉萨金融城南环路证券营业部,5684656.0,0.94,1513468.0,0.25,4171188.0,0,日跌幅偏离值达到7%的前5只证券
20240814,000509.SZ,东方财富证券股份有限公司拉萨团结路第一证券营业部,5025006.01,0.83,1786985.0,0.3,3238021.01,0,日振幅值达到15%的前5只证券
20240814,000509.SZ,东方财富证券股份有限公司拉萨团结路第一证券营业部,5025006.01,0.83,1786985.0,0.3,3238021.01,0,日跌幅偏离值达到7%的前5只证券
20240814,000509.SZ,联储证券股份有限公司浙江分公司,17122471.0,2.83,23390374.41,3.87,-6267903.41,1,日振幅值达到15%的前5只证券
20240814,000509.SZ,联储证券股份有限公司浙江分公司,17122471.0,2.83,23390374.41,3.87,-6267903.41,1,日跌幅偏离值达到7%的前5只证券
20240814,000509.SZ,国盛证券有限责任公司宁波桑田路证券营业部,2478111.0,0.41,10138518.0,1.68,-7660407.0,1,日振幅值达到15%的前5只证券
20240814,000509.SZ,国盛证券有限责任公司宁波桑田路证券营业部,2478111.0,0.41,10138518.0,1.68,-7660407.0,1,日跌幅偏离值达到7%的前5只证券
20240814,000509.SZ,中信建投证券股份有限公司上海徐家汇路证券营业部,6860169.0,1.14,7241599.92,1.2,-381430.92,1,日振幅值达到15%的前5只证券
20240814,000509.SZ,中信建投证券股份有限公司上海徐家汇路证券营业部,6860169.0,1.14,7241599.92,1.2,-381430.92,1,日跌幅偏离值达到7%的前5只证券
20240814,000509.SZ,财通证券股份有限公司杭州上塘路证券营业部,6362831.0,1.05,7241001.0,1.2,-878170.0,1,日振幅值达到15%的前5只证券
20240814,000509.SZ,财通证券股份有限公司杭州上塘路证券营业部,6362831.0,1.05,7241001.0,1.2,-878170.0,1,日跌幅偏离值达到7%的前5只证券
20240814,000509.SZ,诚通证券股份有限公司上海江宁路证券营业部,0.0,0.0,7183890.0,1.19,-7183890.0,1,日振幅值达到15%的前5只证券
20240814,000509.SZ,诚通证券股份有限公司上海江宁路证券营业部,0.0,0.0,7183890.0,1.19,-7183890.0,1,日跌幅偏离值达到7%的前5只证券
20240814,000880.SZ,中信建投证券股份有限公司北京广渠门内大街证券营业部,46800638.62,9.81,0.0,0.0,46800638.62,0,日换手率达到20%的前5只证券
20240814,000880.SZ,南京证券股份有限公司张家港东环路证券营业部,13712523.0,2.87,3195393.0,0.67,10517130.0,0,日换手率达到20%的前5只证券
20240814,000880.SZ,华鑫证券有限责任公司上海新松江路证券营业部,10056047.0,2.11,0.0,0.0,10056047.0,0,日换手率达到20%的前5只证券
20240814,000880.SZ,广发证券股份有限公司郑州农业路证券营业部,9658585.0,2.02,7560.0,0.0,9651025.0,0,日换手率达到20%的前5只证券
20240814,000880.SZ,华鑫证券有限责任公司宁波分公司,7053302.0,1.48,0.0,0.0,7053302.0,0,日换手率达到20%的前5只证券
20240814,000880.SZ,中信证券股份有限公司上海分公司,1723241.0,0.36,24423061.37,5.12,-22699820.37,1,日换手率达到20%的前5只证券
20240814,000880.SZ,东方财富证券股份有限公司拉萨团结路第一证券营业部,4255567.0,0.89,22634462.13,4.74,-18378895.13,1,日换手率达到20%的前5只证券
20240814,000880.SZ,中信建投证券股份有限公司杭州庆春路证券营业部,21449.0,0.0,12961984.2,2.72,-12940535.2,1,日换手率达到20%的前5只证券
20240814,000880.SZ,华宝证券股份有限公司上海东大名路证券营业部,0.0,0.0,12843632.0,2.69,-12843632.0,1,日换手率达到20%的前5只证券
20240814,000880.SZ,中信证券股份有限公司上海溧阳路证券营业部,56004.0,0.01,12298527.0,2.58,-12242523.0,1,日换手率达到20%的前5只证券
20240814,001314.SZ,机构专用,30585602.0,3.33,13374369.9,1.46,17211232.1,0,连续三个交易日内，涨幅偏离值累计达到20%的证券
20240814,001314.SZ,东亚前海证券有限责任公司上海分公司,22410863.0,3.39,0.0,0.0,22410863.0,0,日涨幅偏离值达到7%的前5只证券
20240814,001314.SZ,东亚前海证券有限责任公司上海分公司,22410863.0,3.39,0.0,0.0,22410863.0,0,日换手率达到20%的前5只证券
20240814,001314.SZ,东亚前海证券有限责任公司上海分公司,22410863.0,2.44,0.0,0.0,22410863.0,0,连续三个交易日内，涨幅偏离值累计达到20%的证券
20240814,001314.SZ,华鑫证券有限责任公司上海分公司,21358608.0,2.33,11147388.28,1.21,10211219.72,0,连续三个交易日内，涨幅偏离值累计达到20%的证券
20240814,001314.SZ,宏信证券有限责任公司成都人民南路证券营业部,18565400.0,2.8,0.0,0.0,18565400.0,0,日涨幅偏离值达到7%的前5只证券
20240814,001314.SZ,宏信证券有限责任公司成都人民南路证券营业部,18565400.0,2.8,0.0,0.0,18565400.0,0,日换手率达到20%的前5只证券
20240814,001314.SZ,宏信证券有限责任公司成都人民南路证券营业部,18565400.0,2.02,0.0,0.0,18565400.0,0,连续三个交易日内，涨幅偏离值累计达到20%的证券
20240814,001314.SZ,国泰君安证券股份有限公司上海松江中山东路证券营业部,17990760.0,1.96,18858160.0,2.05,-867400.0,0,连续三个交易日内，涨幅偏离值累计达到20%的证券
20240814,001314.SZ,机构专用,11629170.0,1.76,13374369.9,2.02,-1745199.9,0,日涨幅偏离值达到7%的前5只证券
20240814,001314.SZ,机构专用,11629170.0,1.76,13374369.9,2.02,-1745199.9,0,日换手率达到20%的前5只证券
20240814,001314.SZ,华鑫证券有限责任公司上海分公司,11010882.0,1.66,10850976.28,1.64,159905.72,0,日涨幅偏离值达到7%的前5只证券
20240814,001314.SZ,华鑫证券有限责任公司上海分公司,11010882.0,1.66,10850976.28,1.64,159905.72,0,日换手率达到20%的前5只证券
20240814,001314.SZ,机构专用,9000297.8,1.36,0.0,0.0,9000297.8,0,日涨幅偏离值达到7%的前5只证券
20240814,001314.SZ,机构专用,9000297.8,1.36,0.0,0.0,9000297.8,0,日换手率达到20%的前5只证券
20240814,001314.SZ,深股通专用,17900513.0,1.95,41972376.0,4.57,-24071863.0,1,连续三个交易日内，涨幅偏离值累计达到20%的证券
20240814,001314.SZ,深股通专用,3318668.0,0.5,30350118.0,4.58,-27031450.0,1,日涨幅偏离值达到7%的前5只证券
20240814,001314.SZ,深股通专用,3318668.0,0.5,30350118.0,4.58,-27031450.0,1,日换手率达到20%的前5只证券
20240814,001314.SZ,招商证券股份有限公司上海世纪大道证券营业部,398340.0,0.04,22265861.0,2.42,-21867521.0,1,连续三个交易日内，涨幅偏离值累计达到20%的证券
20240814,001314.SZ,国泰君安证券股份有限公司上海松江中山东路证券营业部,15344.0,0.0,18858160.0,2.85,-18842816.0,1,日涨幅偏离值达到7%的前5只证券
20240814,001314.SZ,国泰君安证券股份有限公司上海松江中山东路证券营业部,15344.0,0.0,18858160.0,2.85,-18842816.0,1,日换手率达到20%的前5只证券
20240814,001314.SZ,国泰君安证券股份有限公司上海松江中山东路证券营业部,17990760.0,1.96,18858160.0,2.05,-867400.0,1,连续三个交易日内，涨幅偏离值累计达到20%的证券
20240814,001314.SZ,招商证券股份有限公司上海世纪大道证券营业部,222372.0,0.03,15569165.0,2.35,-15346793.0,1,日涨幅偏离值达到7%的前5只证券
20240814,001314.SZ,招商证券股份有限公司上海世纪大道证券营业部,222372.0,0.03,15569165.0,2.35,-15346793.0,1,日换手率达到20%的前5只证券
20240814,001314.SZ,机构专用,11629170.0,1.76,13374369.9,2.02,-1745199.9,1,日涨幅偏离值达到7%的前5只证券
20240814,001314.SZ,机构专用,11629170.0,1.76,13374369.9,2.02,-1745199.9,1,日换手率达到20%的前5只证券
20240814,001314.SZ,机构专用,30585602.0,3.33,13374369.9,1.46,17211232.1,1,连续三个交易日内，涨幅偏离值累计达到20%的证券
20240814,001314.SZ,华鑫证券有限责任公司上海分公司,21358608.0,2.33,11147388.28,1.21,10211219.72,1,连续三个交易日内，涨幅偏离值累计达到20%的证券
20240814,001314.SZ,华鑫证券有限责任公司上海分公司,11010882.0,1.66,10850976.28,1.64,159905.72,1,日涨幅偏离值达到7%的前5只证券
20240814,001314.SZ,华鑫证券有限责任公司上海分公司,11010882.0,1.66,10850976.28,1.64,159905.72,1,日换手率达到20%的前5只证券
20240814,001358.SZ,机构专用,6616602.26,3.51,849036.0,0.45,5767566.26,0,日换手率达到20%的前5只证券
20240814,001358.SZ,华泰证券股份有限公司上海武定路证券营业部,5428891.61,2.88,39578.12,0.02,5389313.49,0,日换手率达到20%的前5只证券
20240814,001358.SZ,机构专用,5073233.0,2.69,2127061.0,1.13,2946172.0,0,日换手率达到20%的前5只证券
20240814,001358.SZ,平安证券股份有限公司浙江分公司,2154546.0,1.14,684132.0,0.36,1470414.0,0,日换手率达到20%的前5只证券
20240814,001358.SZ,东方财富证券股份有限公司拉萨团结路第一证券营业部,2006788.0,1.06,632178.0,0.34,1374610.0,0,日换手率达到20%的前5只证券
20240814,001358.SZ,中信建投证券股份有限公司北京海淀分公司,509276.0,0.27,4240205.04,2.25,-3730929.04,1,日换手率达到20%的前5只证券
20240814,001358.SZ,华宝证券股份有限公司上海东大名路证券营业部,0.0,0.0,3157760.94,1.67,-3157760.94,1,日换手率达到20%的前5只证券
20240814,001358.SZ,国新证券股份有限公司北京中关村大街证券营业部,0.0,0.0,2817851.18,1.49,-2817851.18,1,日换手率达到20%的前5只证券
20240814,001358.SZ,华鑫证券有限责任公司深圳益田路证券营业部,0.0,0.0,2809735.0,1.49,-2809735.0,1,日换手率达到20%的前5只证券
20240814,001358.SZ,东方证券股份有限公司南京北京东路证券营业部,9272.0,0.0,2770840.78,1.47,-2761568.78,1,日换手率达到20%的前5只证券
20240814,001379.SZ,东方财富证券股份有限公司拉萨东环路第一证券营业部,9150694.0,1.4,5657653.0,0.86,3493041.0,0,日换手率达到20%的前5只证券
20240814,001379.SZ,东方财富证券股份有限公司拉萨金融城南环路证券营业部,8788227.0,1.34,8126335.81,1.24,661891.19,0,日换手率达到20%的前5只证券
20240814,001379.SZ,东方财富证券股份有限公司拉萨东环路第二证券营业部,8688608.7,1.33,6144923.37,0.94,2543685.33,0,日换手率达到20%的前5只证券
20240814,001379.SZ,东方财富证券股份有限公司拉萨团结路第一证券营业部,8293668.0,1.26,5978121.0,0.91,2315547.0,0,日换手率达到20%的前5只证券
20240814,001379.SZ,东方财富证券股份有限公司拉萨团结路第二证券营业部,8070577.74,1.23,8391348.87,1.28,-320771.13,0,日换手率达到20%的前5只证券
20240814,001379.SZ,机构专用,5616336.32,0.86,17551402.53,2.68,-11935066.21,1,日换手率达到20%的前5只证券
20240814,001379.SZ,东方财富证券股份有限公司拉萨团结路第二证券营业部,8070577.74,1.23,8391348.87,1.28,-320771.13,1,日换手率达到20%的前5只证券
20240814,001379.SZ,东方财富证券股份有限公司拉萨金融城南环路证券营业部,8788227.0,1.34,8126335.81,1.24,661891.19,1,日换手率达到20%的前5只证券
20240814,001379.SZ,国金证券股份有限公司深圳湾一号证券营业部,833373.0,0.13,6287795.66,0.96,-5454422.66,1,日换手率达到20%的前5只证券
20240814,001379.SZ,东方财富证券股份有限公司拉萨东环路第二证券营业部,8688608.7,1.33,6144923.37,0.94,2543685.33,1,日换手率达到20%的前5只证券
20240814,002037.SZ,中信建投证券股份有限公司北京广渠门内大街证券营业部,31505845.0,8.39,2352.0,0.0,31503493.0,0,日涨幅偏离值达到7%的前5只证券
20240814,002037.SZ,中信建投证券股份有限公司北京广渠门内大街证券营业部,31505845.0,5.3,2352.0,0.0,31503493.0,0,连续三个交易日内，涨幅偏离值累计达到20%的证券
20240814,002037.SZ,中信证券股份有限公司上海分公司,28048801.0,4.72,23989.0,0.0,28024812.0,0,连续三个交易日内，涨幅偏离值累计达到20%的证券
20240814,002037.SZ,国盛证券有限责任公司宁波桑田路证券营业部,24742872.6,4.16,415399.0,0.07,24327473.6,0,连续三个交易日内，涨幅偏离值累计达到20%的证券
20240814,002037.SZ,国盛证券有限责任公司宁波桑田路证券营业部,24646558.6,6.56,112477.0,0.03,24534081.6,0,日涨幅偏离值达到7%的前5只证券
20240814,002037.SZ,华鑫证券有限责任公司上海分公司,13949301.0,2.35,5369037.0,0.9,8580264.0,0,连续三个交易日内，涨幅偏离值累计达到20%的证券
20240814,002037.SZ,广发证券股份有限公司郑州农业路证券营业部,12290676.02,2.07,54880.0,0.01,12235796.02,0,连续三个交易日内，涨幅偏离值累计达到20%的证券
20240814,002037.SZ,广发证券股份有限公司郑州农业路证券营业部,12269941.02,3.27,48481.0,0.01,12221460.02,0,日涨幅偏离值达到7%的前5只证券
20240814,002037.SZ,机构专用,11710752.0,3.12,0.0,0.0,11710752.0,0,日涨幅偏离值达到7%的前5只证券
20240814,002037.SZ,华鑫证券有限责任公司上海分公司,9026554.0,2.4,5367057.0,1.43,3659497.0,0,日涨幅偏离值达到7%的前5只证券
20240814,002037.SZ,国投证券股份有限公司山东分公司,0.0,0.0,10229179.69,2.72,-10229179.69,1,日涨幅偏离值达到7%的前5只证券
20240814,002037.SZ,国投证券股份有限公司山东分公司,0.0,0.0,10229179.69,1.72,-10229179.69,1,连续三个交易日内，涨幅偏离值累计达到20%的证券
20240814,002037.SZ,国投证券股份有限公司上海杨高南路证券营业部,41544.0,0.01,7693669.58,1.29,-7652125.58,1,连续三个交易日内，涨幅偏离值累计达到20%的证券
20240814,002037.SZ,国投证券股份有限公司上海杨高南路证券营业部,9552.0,0.0,7665949.58,2.04,-7656397.58,1,日涨幅偏离值达到7%的前5只证券
20240814,002037.SZ,招商证券股份有限公司上海长柳路证券营业部,660529.0,0.11,7297769.0,1.23,-6637240.0,1,连续三个交易日内，涨幅偏离值累计达到20%的证券
20240814,002037.SZ,招商证券股份有限公司上海长柳路证券营业部,313565.0,0.08,6766674.0,1.8,-6453109.0,1,日涨幅偏离值达到7%的前5只证券
20240814,002037.SZ,东方财富证券股份有限公司拉萨金融城南环路证券营业部,2912472.0,0.49,6480514.0,1.09,-3568042.0,1,连续三个交易日内，涨幅偏离值累计达到20%的证券
20240814,002037.SZ,平安证券股份有限公司江苏分公司,504967.0,0.08,5691293.0,0.96,-5186326.0,1,连续三个交易日内，涨幅偏离值累计达到20%的证券
20240814,002037.SZ,平安证券股份有限公司江苏分公司,371533.0,0.1,5443638.0,1.45,-5072105.0,1,日涨幅偏离值达到7%的前5只证券
20240814,002037.SZ,华鑫证券有限责任公司上海分公司,9026554.0,2.4,5367057.0,1.43,3659497.0,1,日涨幅偏离值达到7%的前5只证券
20240814,002418.SZ,联储证券股份有限公司苏州华池街时代广场证券营业部,5540014.0,5.47,0.0,0.0,5540014.0,0,连续三个交易日内，涨幅偏离值累计达到20%的证券
20240814,002418.SZ,华鑫证券有限责任公司上海莲花路证券营业部,4979106.0,4.91,0.0,0.0,4979106.0,0,连续三个交易日内，涨幅偏离值累计达到20%的证券
20240814,002418.SZ,华鑫证券有限责任公司深圳益田路证券营业部,4698144.0,4.64,1392802.0,1.37,3305342.0,0,连续三个交易日内，涨幅偏离值累计达到20%的证券
20240814,002418.SZ,东亚前海证券有限责任公司四川分公司,3955248.0,3.9,0.0,0.0,3955248.0,0,连续三个交易日内，涨幅偏离值累计达到20%的证券
20240814,002418.SZ,中信证券股份有限公司深圳深南中路中信大厦证券营业部,3288530.0,3.25,0.0,0.0,3288530.0,0,连续三个交易日内，涨幅偏离值累计达到20%的证券
20240814,002418.SZ,兴业证券股份有限公司北京分公司,0.0,0.0,12428398.0,12.27,-12428398.0,1,连续三个交易日内，涨幅偏离值累计达到20%的证券
20240814,002418.SZ,机构专用,1323840.0,1.31,1960264.0,1.93,-636424.0,1,连续三个交易日内，涨幅偏离值累计达到20%的证券
20240814,002418.SZ,国信证券股份有限公司深圳互联网分公司,384376.0,0.38,1881814.0,1.86,-1497438.0,1,连续三个交易日内，涨幅偏离值累计达到20%的证券
20240814,002418.SZ,华鑫证券有限责任公司深圳益田路证券营业部,4698144.0,4.64,1392802.0,1.37,3305342.0,1,连续三个交易日内，涨幅偏离值累计达到20%的证券
20240814,002418.SZ,中国中金财富证券有限公司广州海珠广场证券营业部,0.0,0.0,1306104.0,1.29,-1306104.0,1,连续三个交易日内，涨幅偏离值累计达到20%的证券
20240814,002496.SZ,机构专用,5230452.0,4.53,1887743.0,1.63,3342709.0,0,日跌幅偏离值达到7%的前5只证券
20240814,002496.SZ,中国银河证券股份有限公司北京安贞门证券营业部,3920972.0,3.39,15121.0,0.01,3905851.0,0,日跌幅偏离值达到7%的前5只证券
20240814,002496.SZ,华鑫证券有限责任公司上海陆家嘴证券营业部,3601828.0,3.12,26994.0,0.02,3574834.0,0,日跌幅偏离值达到7%的前5只证券
20240814,002496.SZ,国泰君安证券股份有限公司上海江苏路证券营业部,3044193.0,2.63,23800.0,0.02,3020393.0,0,日跌幅偏离值达到7%的前5只证券
20240814,002496.SZ,机构专用,2955805.0,2.56,1470674.0,1.27,1485131.0,0,日跌幅偏离值达到7%的前5只证券
20240814,002496.SZ,浙商证券股份有限公司三门南山路证券营业部,4934.0,0.0,14947002.0,12.94,-14942068.0,1,日跌幅偏离值达到7%的前5只证券
20240814,002496.SZ,国泰君安证券股份有限公司上海江场路证券营业部,678.0,0.0,11193872.12,9.69,-11193194.12,1,日跌幅偏离值达到7%的前5只证券
20240814,002496.SZ,华西证券股份有限公司成都郫都区东大街证券营业部,0.0,0.0,9589183.0,8.3,-9589183.0,1,日跌幅偏离值达到7%的前5只证券
20240814,002496.SZ,国泰君安证券股份有限公司贵阳中华中路证券营业部,0.0,0.0,4566072.0,3.95,-4566072.0,1,日跌幅偏离值达到7%的前5只证券
20240814,002496.SZ,东北证券股份有限公司南京淮海路证券营业部,60395.0,0.05,4392553.0,3.8,-4332158.0,1,日跌幅偏离值达到7%的前5只证券
20240814,002827.SZ,中信证券股份有限公司北京总部证券营业部,44339062.0,7.13,0.0,0.0,44339062.0,0,连续三个交易日内，涨幅偏离值累计达到20%的证券
20240814,002827.SZ,机构专用,18498258.82,2.98,23359018.0,3.76,-4860759.18,0,连续三个交易日内，涨幅偏离值累计达到20%的证券
20240814,002827.SZ,东方证券股份有限公司上海浦东新区源深路证券营业部,17817881.0,2.87,11655.0,0.0,17806226.0,0,连续三个交易日内，涨幅偏离值累计达到20%的证券
20240814,002827.SZ,华宝证券股份有限公司上海东大名路证券营业部,15145803.0,2.44,4755890.0,0.77,10389913.0,0,连续三个交易日内，涨幅偏离值累计达到20%的证券
20240814,002827.SZ,东海证券股份有限公司福州长乐北路证券营业部,13727448.0,2.21,0.0,0.0,13727448.0,0,连续三个交易日内，涨幅偏离值累计达到20%的证券
20240814,002827.SZ,机构专用,18498258.82,2.98,23359018.0,3.76,-4860759.18,1,连续三个交易日内，涨幅偏离值累计达到20%的证券
20240814,002827.SZ,机构专用,6466844.0,1.04,21421884.0,3.45,-14955040.0,1,连续三个交易日内，涨幅偏离值累计达到20%的证券
20240814,002827.SZ,机构专用,0.0,0.0,11790576.0,1.9,-11790576.0,1,连续三个交易日内，涨幅偏离值累计达到20%的证券
20240814,002827.SZ,华泰证券股份有限公司深圳益田路荣超商务中心证券营业部,456560.0,0.07,8949779.0,1.44,-8493219.0,1,连续三个交易日内，涨幅偏离值累计达到20%的证券
20240814,002827.SZ,中信建投证券股份有限公司上海徐汇区天钥桥路证券营业部,130200.0,0.02,8019104.0,1.29,-7888904.0,1,连续三个交易日内，涨幅偏离值累计达到20%的证券
20240814,002829.SZ,深股通专用,51895812.0,3.77,58132513.2,4.22,-6236701.2,0,连续三个交易日内，涨幅偏离值累计达到20%的证券
20240814,002829.SZ,国盛证券有限责任公司宁波桑田路证券营业部,33435083.64,2.43,32887431.0,2.39,547652.64,0,连续三个交易日内，涨幅偏离值累计达到20%的证券
20240814,002829.SZ,机构专用,29707457.0,2.16,2514782.0,0.18,27192675.0,0,连续三个交易日内，涨幅偏离值累计达到20%的证券
20240814,002829.SZ,深股通专用,23109756.0,3.76,12382491.0,2.01,10727265.0,0,日涨幅偏离值达到7%的前5只证券
20240814,002829.SZ,中国银河证券股份有限公司北京学院南路证券营业部,22520731.0,1.63,31378.0,0.0,22489353.0,0,连续三个交易日内，涨幅偏离值累计达到20%的证券
20240814,002829.SZ,国泰君安证券股份有限公司河源越王大道证券营业部,20550000.0,1.49,9044000.0,0.66,11506000.0,0,连续三个交易日内，涨幅偏离值累计达到20%的证券
20240814,002829.SZ,国泰君安证券股份有限公司上海号文路证券营业部,20343469.0,3.31,0.0,0.0,20343469.0,0,日涨幅偏离值达到7%的前5只证券
20240814,002829.SZ,中国银河证券股份有限公司北京学院南路证券营业部,18124548.2,2.95,29323.0,0.0,18095225.2,0,日涨幅偏离值达到7%的前5只证券
20240814,002829.SZ,中国银河证券股份有限公司北京中关村大街证券营业部,15073394.0,2.45,11228.0,0.0,15062166.0,0,日涨幅偏离值达到7%的前5只证券
20240814,002829.SZ,国盛证券有限责任公司南昌金融大街证券营业部,11320681.0,1.84,4522.0,0.0,11316159.0,0,日涨幅偏离值达到7%的前5只证券
20240814,002829.SZ,深股通专用,51895812.0,3.77,58132513.2,4.22,-6236701.2,1,连续三个交易日内，涨幅偏离值累计达到20%的证券
20240814,002829.SZ,国盛证券有限责任公司宁波桑田路证券营业部,33435083.64,2.43,32887431.0,2.39,547652.64,1,连续三个交易日内，涨幅偏离值累计达到20%的证券
20240814,002829.SZ,国盛证券有限责任公司宁波桑田路证券营业部,589627.0,0.1,32297337.0,5.25,-31707710.0,1,日涨幅偏离值达到7%的前5只证券
20240814,002829.SZ,机构专用,14807553.0,1.07,26143707.0,1.9,-11336154.0,1,连续三个交易日内，涨幅偏离值累计达到20%的证券
20240814,002829.SZ,机构专用,4299076.0,0.7,14167930.0,2.3,-9868854.0,1,日涨幅偏离值达到7%的前5只证券
20240814,002829.SZ,深股通专用,23109756.0,3.76,12382491.0,2.01,10727265.0,1,日涨幅偏离值达到7%的前5只证券
20240814,002829.SZ,东方财富证券股份有限公司拉萨金融城南环路证券营业部,7897015.0,0.57,11784104.0,0.85,-3887089.0,1,连续三个交易日内，涨幅偏离值累计达到20%的证券
20240814,002829.SZ,华泰证券股份有限公司上海黄河路证券营业部,10532242.0,0.76,11774610.0,0.85,-1242368.0,1,连续三个交易日内，涨幅偏离值累计达到20%的证券
20240814,002829.SZ,华泰证券股份有限公司上海黄河路证券营业部,45917.0,0.01,11338346.0,1.84,-11292429.0,1,日涨幅偏离值达到7%的前5只证券
20240814,002829.SZ,国泰君安证券股份有限公司上海江苏路证券营业部,692603.0,0.11,9676868.0,1.57,-8984265.0,1,日涨幅偏离值达到7%的前5只证券
20240814,002871.SZ,财信证券股份有限公司石家庄槐安东路证券营业部,2716751.0,1.74,0.0,0.0,2716751.0,0,日跌幅偏离值达到7%的前5只证券
20240814,002871.SZ,机构专用,1813286.0,1.16,1275930.02,0.82,537355.98,0,日跌幅偏离值达到7%的前5只证券
20240814,002871.SZ,东方财富证券股份有限公司拉萨团结路第一证券营业部,1714204.0,1.1,1062190.0,0.68,652014.0,0,日跌幅偏离值达到7%的前5只证券
20240814,002871.SZ,招商证券股份有限公司上海牡丹江路证券营业部,1677320.0,1.07,750902.0,0.48,926418.0,0,日跌幅偏离值达到7%的前5只证券
20240814,002871.SZ,长江证券股份有限公司济南经十路证券营业部,1624415.0,1.04,708419.0,0.45,915996.0,0,日跌幅偏离值达到7%的前5只证券
20240814,002871.SZ,中国中金财富证券有限公司宁波狮子街证券营业部,0.0,0.0,26418424.44,16.88,-26418424.44,1,日跌幅偏离值达到7%的前5只证券
20240814,002871.SZ,财通证券股份有限公司温岭中华路证券营业部,22963.0,0.01,4401154.78,2.81,-4378191.78,1,日跌幅偏离值达到7%的前5只证券
20240814,002871.SZ,海通证券股份有限公司北京光华路证券营业部,0.0,0.0,2527005.36,1.61,-2527005.36,1,日跌幅偏离值达到7%的前5只证券
20240814,002871.SZ,广发证券股份有限公司武汉京汉大道证券营业部,2457.0,0.0,2214044.0,1.41,-2211587.0,1,日跌幅偏离值达到7%的前5只证券
20240814,002871.SZ,华泰证券股份有限公司上海牡丹江路证券营业部,317572.0,0.2,2203291.0,1.41,-1885719.0,1,日跌幅偏离值达到7%的前5只证券
20240814,002890.SZ,国联证券股份有限公司无锡湖滨路证券营业部,2584972.11,3.02,21234.0,0.02,2563738.11,0,日跌幅偏离值达到7%的前5只证券
20240814,002890.SZ,国联证券股份有限公司无锡清扬路证券营业部,2169350.0,2.53,0.0,0.0,2169350.0,0,日跌幅偏离值达到7%的前5只证券
20240814,002890.SZ,东方财富证券股份有限公司拉萨团结路第一证券营业部,1279203.0,1.49,1095032.25,1.28,184170.75,0,日跌幅偏离值达到7%的前5只证券
20240814,002890.SZ,中国银河证券股份有限公司南京燕山路证券营业部,1197311.4,1.4,0.0,0.0,1197311.4,0,日跌幅偏离值达到7%的前5只证券
20240814,002890.SZ,东方证券股份有限公司长沙芙蓉南路证券营业部,1023168.0,1.2,0.0,0.0,1023168.0,0,日跌幅偏离值达到7%的前5只证券
20240814,002890.SZ,财达证券股份有限公司衡水中华大街证券营业部,0.0,0.0,2505264.03,2.93,-2505264.03,1,日跌幅偏离值达到7%的前5只证券
20240814,002890.SZ,中国银河证券股份有限公司北京学院南路证券营业部,344310.0,0.4,1758672.0,2.05,-1414362.0,1,日跌幅偏离值达到7%的前5只证券
20240814,002890.SZ,东方财富证券股份有限公司山南香曲东路证券营业部,410089.0,0.48,1630189.0,1.9,-1220100.0,1,日跌幅偏离值达到7%的前5只证券
20240814,002890.SZ,华宝证券股份有限公司上海东大名路证券营业部,474977.0,0.55,1452114.0,1.7,-977137.0,1,日跌幅偏离值达到7%的前5只证券
20240814,002890.SZ,东方财富证券股份有限公司拉萨团结路第二证券营业部,824258.0,0.96,1348429.0,1.58,-524171.0,1,日跌幅偏离值达到7%的前5只证券
20240814,002919.SZ,深股通专用,15684579.04,3.45,9879385.0,2.17,5805194.04,0,日涨幅偏离值达到7%的前5只证券
20240814,002919.SZ,华宝证券股份有限公司上海东大名路证券营业部,11114894.0,2.44,61301.0,0.01,11053593.0,0,日涨幅偏离值达到7%的前5只证券
20240814,002919.SZ,华鑫证券有限责任公司佛山南海海五路证券营业部,9833524.0,2.16,0.0,0.0,9833524.0,0,日涨幅偏离值达到7%的前5只证券
20240814,002919.SZ,华鑫证券有限责任公司上海分公司,9412778.0,2.07,55650.0,0.01,9357128.0,0,日涨幅偏离值达到7%的前5只证券
20240814,002919.SZ,华鑫证券有限责任公司成都交子大道证券营业部,7513848.0,1.65,0.0,0.0,7513848.0,0,日涨幅偏离值达到7%的前5只证券
20240814,002919.SZ,中国中金财富证券有限公司深圳分公司,95109.0,0.02,33040188.08,7.26,-32945079.08,1,日涨幅偏离值达到7%的前5只证券
20240814,002919.SZ,机构专用,0.0,0.0,10795860.04,2.37,-10795860.04,1,日涨幅偏离值达到7%的前5只证券
20240814,002919.SZ,深股通专用,15684579.04,3.45,9879385.0,2.17,5805194.04,1,日涨幅偏离值达到7%的前5只证券
20240814,002919.SZ,长城证券股份有限公司汕头德政路证券营业部,6498810.0,1.43,8554788.8,1.88,-2055978.8,1,日涨幅偏离值达到7%的前5只证券
20240814,002919.SZ,国投证券股份有限公司汕头澄海证券营业部,1725990.0,0.38,5972802.4,1.31,-4246812.4,1,日涨幅偏离值达到7%的前5只证券
20240814,002952.SZ,兴业证券股份有限公司厦门湖里大道证券营业部,18380095.0,3.32,157990.0,0.03,18222105.0,0,连续三个交易日内，涨幅偏离值累计达到20%的证券
20240814,002952.SZ,兴业证券股份有限公司厦门湖里大道证券营业部,18331461.0,4.55,139396.0,0.03,18192065.0,0,日涨幅偏离值达到7%的前5只证券
20240814,002952.SZ,机构专用,18097413.0,3.27,11986858.0,2.17,6110555.0,0,连续三个交易日内，涨幅偏离值累计达到20%的证券
20240814,002952.SZ,中泰证券股份有限公司西安锦业路证券营业部,11285445.0,2.8,0.0,0.0,11285445.0,0,日涨幅偏离值达到7%的前5只证券
20240814,002952.SZ,中泰证券股份有限公司西安锦业路证券营业部,11285445.0,2.04,0.0,0.0,11285445.0,0,连续三个交易日内，涨幅偏离值累计达到20%的证券
20240814,002952.SZ,机构专用,8722492.0,1.58,8616059.0,1.56,106433.0,0,连续三个交易日内，涨幅偏离值累计达到20%的证券
20240814,002952.SZ,华鑫证券有限责任公司上海分公司,6997031.5,1.26,189047.0,0.03,6807984.5,0,连续三个交易日内，涨幅偏离值累计达到20%的证券
20240814,002952.SZ,华鑫证券有限责任公司上海分公司,6845473.0,1.7,177048.0,0.04,6668425.0,0,日涨幅偏离值达到7%的前5只证券
20240814,002952.SZ,中信建投证券股份有限公司北京海淀分公司,5744978.0,1.42,2522771.0,0.63,3222207.0,0,日涨幅偏离值达到7%的前5只证券
20240814,002952.SZ,机构专用,5622063.0,1.39,5622704.2,1.39,-641.2,0,日涨幅偏离值达到7%的前5只证券
20240814,002952.SZ,机构专用,0.0,0.0,11986858.0,2.97,-11986858.0,1,日涨幅偏离值达到7%的前5只证券
20240814,002952.SZ,机构专用,18097413.0,3.27,11986858.0,2.17,6110555.0,1,连续三个交易日内，涨幅偏离值累计达到20%的证券
20240814,002952.SZ,机构专用,6760084.0,1.22,8847699.2,1.6,-2087615.2,1,连续三个交易日内，涨幅偏离值累计达到20%的证券
20240814,002952.SZ,机构专用,8722492.0,1.58,8616059.0,1.56,106433.0,1,连续三个交易日内，涨幅偏离值累计达到20%的证券
20240814,002952.SZ,机构专用,4380696.0,1.09,5781614.0,1.43,-1400918.0,1,日涨幅偏离值达到7%的前5只证券
20240814,002952.SZ,东方财富证券股份有限公司拉萨团结路第一证券营业部,4104051.0,0.74,5672841.0,1.03,-1568790.0,1,连续三个交易日内，涨幅偏离值累计达到20%的证券
20240814,002952.SZ,机构专用,5622063.0,1.39,5622704.2,1.39,-641.2,1,日涨幅偏离值达到7%的前5只证券
20240814,002952.SZ,开源证券股份有限公司云南分公司,0.0,0.0,5335271.7,1.32,-5335271.7,1,日涨幅偏离值达到7%的前5只证券
20240814,002952.SZ,开源证券股份有限公司云南分公司,5179462.0,0.94,5335271.7,0.96,-155809.7,1,连续三个交易日内，涨幅偏离值累计达到20%的证券
20240814,002952.SZ,开源证券股份有限公司西安曲江新区分公司,0.0,0.0,4601466.0,1.14,-4601466.0,1,日涨幅偏离值达到7%的前5只证券
20240814,003026.SZ,东方财富证券股份有限公司拉萨金融城南环路证券营业部,12685037.1,1.22,8063853.5,0.77,4621183.6,0,日换手率达到20%的前5只证券
20240814,003026.SZ,东方财富证券股份有限公司拉萨东环路第二证券营业部,11601212.2,1.11,6879739.4,0.66,4721472.8,0,日换手率达到20%的前5只证券
20240814,003026.SZ,东方财富证券股份有限公司拉萨团结路第二证券营业部,10428293.3,1.0,6939542.43,0.66,3488750.87,0,日换手率达到20%的前5只证券
20240814,003026.SZ,东方财富证券股份有限公司拉萨团结路第一证券营业部,10066558.3,0.96,6404516.9,0.61,3662041.4,0,日换手率达到20%的前5只证券
20240814,003026.SZ,东方财富证券股份有限公司拉萨东环路第一证券营业部,9671676.0,0.93,4868553.4,0.47,4803122.6,0,日换手率达到20%的前5只证券
20240814,003026.SZ,中信证券股份有限公司杭州延安路证券营业部,191599.0,0.02,17677887.0,1.69,-17486288.0,1,日换手率达到20%的前5只证券
20240814,003026.SZ,万和证券股份有限公司北京分公司,3522.0,0.0,15194443.5,1.46,-15190921.5,1,日换手率达到20%的前5只证券
20240814,003026.SZ,机构专用,7066878.9,0.68,11594789.1,1.11,-4527910.2,1,日换手率达到20%的前5只证券
20240814,003026.SZ,华林证券股份有限公司沧州浮阳北大道证券营业部,0.0,0.0,11215979.3,1.07,-11215979.3,1,日换手率达到20%的前5只证券
20240814,003026.SZ,机构专用,0.0,0.0,10300181.7,0.99,-10300181.7,1,日换手率达到20%的前5只证券
20240814,127097.SZ,华宝证券股份有限公司上海东大名路证券营业部,511322608.39,13.71,517538484.3,13.87,-6215875.91,0,日振幅值达到30%的前5只可转债
20240814,127097.SZ,东方证券股份有限公司上海松江区沪亭北路证券营业部,205070134.65,5.5,205118128.06,5.5,-47993.41,0,日振幅值达到30%的前5只可转债
20240814,127097.SZ,华鑫证券有限责任公司上海分公司,169511283.66,4.54,169441899.2,4.54,69384.46,0,日振幅值达到30%的前5只可转债
20240814,127097.SZ,东方证券股份有限公司上海静安区延平路证券营业部,110957625.4,2.97,110809808.29,2.97,147817.11,0,日振幅值达到30%的前5只可转债
20240814,127097.SZ,国泰君安证券股份有限公司成都双庆路证券营业部,96627797.03,2.59,96555638.6,2.59,72158.43,0,日振幅值达到30%的前5只可转债
20240814,127097.SZ,华宝证券股份有限公司上海东大名路证券营业部,511322608.39,13.71,517538484.3,13.87,-6215875.91,1,日振幅值达到30%的前5只可转债
20240814,127097.SZ,东方证券股份有限公司上海松江区沪亭北路证券营业部,205070134.65,5.5,205118128.06,5.5,-47993.41,1,日振幅值达到30%的前5只可转债
20240814,127097.SZ,华鑫证券有限责任公司上海分公司,169511283.66,4.54,169441899.2,4.54,69384.46,1,日振幅值达到30%的前5只可转债
20240814,127097.SZ,东方证券股份有限公司上海静安区延平路证券营业部,110957625.4,2.97,110809808.29,2.97,147817.11,1,日振幅值达到30%的前5只可转债
20240814,127097.SZ,国泰君安证券股份有限公司成都双庆路证券营业部,96627797.03,2.59,96555638.6,2.59,72158.43,1,日振幅值达到30%的前5只可转债
20240814,128118.SZ,华宝证券股份有限公司上海东大名路证券营业部,562233866.64,11.23,557908335.08,11.14,4325531.56,0,日涨幅达到15%的前5只可转债
20240814,128118.SZ,华鑫证券有限责任公司上海分公司,282188171.99,5.63,282329943.45,5.64,-141771.46,0,日涨幅达到15%的前5只可转债
20240814,128118.SZ,东方证券股份有限公司上海松江区沪亭北路证券营业部,191801883.7,3.83,191941700.99,3.83,-139817.29,0,日涨幅达到15%的前5只可转债
20240814,128118.SZ,华鑫证券有限责任公司上海陆家嘴证券营业部,165723693.68,3.31,165683678.31,3.31,40015.37,0,日涨幅达到15%的前5只可转债
20240814,128118.SZ,国泰君安证券股份有限公司成都双庆路证券营业部,139114477.57,2.78,139220981.29,2.78,-106503.72,0,日涨幅达到15%的前5只可转债
20240814,128118.SZ,华宝证券股份有限公司上海东大名路证券营业部,562233866.64,11.23,557908335.08,11.14,4325531.56,1,日涨幅达到15%的前5只可转债
20240814,128118.SZ,华鑫证券有限责任公司上海分公司,282188171.99,5.63,282329943.45,5.64,-141771.46,1,日涨幅达到15%的前5只可转债
20240814,128118.SZ,东方证券股份有限公司上海松江区沪亭北路证券营业部,191801883.7,3.83,191941700.99,3.83,-139817.29,1,日涨幅达到15%的前5只可转债
20240814,128118.SZ,华鑫证券有限责任公司上海陆家嘴证券营业部,165723693.68,3.31,165683678.31,3.31,40015.37,1,日涨幅达到15%的前5只可转债
20240814,128118.SZ,国泰君安证券股份有限公司成都双庆路证券营业部,139114477.57,2.78,139220981.29,2.78,-106503.72,1,日涨幅达到15%的前5只可转债
20240814,300157.SZ,国泰君安证券股份有限公司成都北一环路证券营业部,10235643.0,2.99,10374178.0,3.03,-138535.0,0,连续三个交易日内，涨幅偏离值累计达到30%的证券
20240814,300157.SZ,东方财富证券股份有限公司拉萨团结路第二证券营业部,5056162.0,1.48,3388206.0,0.99,1667956.0,0,连续三个交易日内，涨幅偏离值累计达到30%的证券
20240814,300157.SZ,东方财富证券股份有限公司拉萨东环路第二证券营业部,4858074.0,1.42,1243123.0,0.36,3614951.0,0,连续三个交易日内，涨幅偏离值累计达到30%的证券
20240814,300157.SZ,天风证券股份有限公司上海世纪大道证券营业部,4581603.0,1.34,4726324.0,1.38,-144721.0,0,连续三个交易日内，涨幅偏离值累计达到30%的证券
20240814,300157.SZ,国泰君安证券股份有限公司上海江苏路证券营业部,4574409.63,1.34,4832685.39,1.41,-258275.76,0,连续三个交易日内，涨幅偏离值累计达到30%的证券
20240814,300157.SZ,国泰君安证券股份有限公司成都北一环路证券营业部,10235643.0,2.99,10374178.0,3.03,-138535.0,1,连续三个交易日内，涨幅偏离值累计达到30%的证券
20240814,300157.SZ,机构专用,1979705.0,0.58,6275809.07,1.84,-4296104.07,1,连续三个交易日内，涨幅偏离值累计达到30%的证券
20240814,300157.SZ,东兴证券股份有限公司石狮濠江路证券营业部,23389.0,0.01,5929260.0,1.73,-5905871.0,1,连续三个交易日内，涨幅偏离值累计达到30%的证券
20240814,300157.SZ,华泰证券股份有限公司成都蜀金路证券营业部,3281956.0,0.96,5051288.0,1.48,-1769332.0,1,连续三个交易日内，涨幅偏离值累计达到30%的证券
20240814,300157.SZ,国泰君安证券股份有限公司上海江苏路证券营业部,4574409.63,1.34,4832685.39,1.41,-258275.76,1,连续三个交易日内，涨幅偏离值累计达到30%的证券
20240814,300256.SZ,国泰君安证券股份有限公司上海松江中山东路证券营业部,28060242.0,3.74,11734.0,0.0,28048508.0,0,日涨幅达到15%的前5只证券
20240814,300256.SZ,国泰君安证券股份有限公司宜昌珍珠路证券营业部,20096883.0,2.68,455309.0,0.06,19641574.0,0,日涨幅达到15%的前5只证券
20240814,300256.SZ,麦高证券有限责任公司北京第二分公司,15099748.0,2.01,0.0,0.0,15099748.0,0,日涨幅达到15%的前5只证券
20240814,300256.SZ,国泰君安证券股份有限公司上海号文路证券营业部,12866213.0,1.72,2329205.0,0.31,10537008.0,0,日涨幅达到15%的前5只证券
20240814,300256.SZ,东方财富证券股份有限公司拉萨东环路第二证券营业部,7296958.0,0.97,6785732.0,0.9,511226.0,0,日涨幅达到15%的前5只证券
20240814,300256.SZ,国盛证券有限责任公司萍乡分公司,148681.0,0.02,12945899.0,1.73,-12797218.0,1,日涨幅达到15%的前5只证券
20240814,300256.SZ,东方财富证券股份有限公司拉萨团结路第二证券营业部,7173827.0,0.96,8169699.0,1.09,-995872.0,1,日涨幅达到15%的前5只证券
20240814,300256.SZ,东方财富证券股份有限公司拉萨东环路第一证券营业部,6792372.0,0.91,7480317.0,1.0,-687945.0,1,日涨幅达到15%的前5只证券
20240814,300256.SZ,东方财富证券股份有限公司拉萨团结路第一证券营业部,6056436.0,0.81,7429577.0,0.99,-1373141.0,1,日涨幅达到15%的前5只证券
20240814,300256.SZ,东方财富证券股份有限公司拉萨东环路第二证券营业部,7296958.0,0.97,6785732.0,0.9,511226.0,1,日涨幅达到15%的前5只证券
20240814,300322.SZ,中信证券股份有限公司东阳吴宁西路证券营业部,24218166.0,2.87,163651.0,0.02,24054515.0,0,日涨幅达到15%的前5只证券
20240814,300322.SZ,机构专用,23128316.0,2.74,2282162.86,0.27,20846153.14,0,日涨幅达到15%的前5只证券
20240814,300322.SZ,麦高证券有限责任公司北京第二分公司,20999248.0,2.49,0.0,0.0,20999248.0,0,日涨幅达到15%的前5只证券
20240814,300322.SZ,机构专用,18790056.0,2.23,0.0,0.0,18790056.0,0,日涨幅达到15%的前5只证券
20240814,300322.SZ,华鑫证券有限责任公司上海银翔路证券营业部,18214452.0,2.16,0.0,0.0,18214452.0,0,日涨幅达到15%的前5只证券
20240814,300322.SZ,国都证券股份有限公司成都天益街证券营业部,95665.0,0.01,7875476.0,0.93,-7779811.0,1,日涨幅达到15%的前5只证券
20240814,300322.SZ,长江证券股份有限公司武汉珞瑜路证券营业部,165025.0,0.02,7813667.0,0.93,-7648642.0,1,日涨幅达到15%的前5只证券
20240814,300322.SZ,爱建证券有限责任公司厦门湖滨一里证券营业部,504853.0,0.06,7072703.0,0.84,-6567850.0,1,日涨幅达到15%的前5只证券
20240814,300322.SZ,东方财富证券股份有限公司拉萨东环路第二证券营业部,2920068.0,0.35,6656559.0,0.79,-3736491.0,1,日涨幅达到15%的前5只证券
20240814,300322.SZ,中泰证券股份有限公司上海申长路证券营业部,2697.0,0.0,6006304.0,0.71,-6003607.0,1,日涨幅达到15%的前5只证券
20240814,300436.SZ,国泰君安证券股份有限公司宜昌珍珠路证券营业部,40004566.24,3.26,22210601.0,1.81,17793965.24,0,连续三个交易日内，涨幅偏离值累计达到30%的证券
20240814,300436.SZ,国泰君安证券股份有限公司咸宁咸宁大道证券营业部,19980528.0,1.63,2274.0,0.0,19978254.0,0,连续三个交易日内，涨幅偏离值累计达到30%的证券
20240814,300436.SZ,华鑫证券有限责任公司上海西藏中路证券营业部,17172720.0,1.4,0.0,0.0,17172720.0,0,连续三个交易日内，涨幅偏离值累计达到30%的证券
20240814,300436.SZ,华鑫证券有限责任公司上海分公司,15159989.0,1.24,2023360.0,0.16,13136629.0,0,连续三个交易日内，涨幅偏离值累计达到30%的证券
20240814,300436.SZ,国泰君安证券股份有限公司成都北一环路证券营业部,14816352.0,1.21,14186496.0,1.16,629856.0,0,连续三个交易日内，涨幅偏离值累计达到30%的证券
20240814,300436.SZ,平安证券股份有限公司银川凤凰北街证券营业部,1102695.0,0.09,22544444.0,1.84,-21441749.0,1,连续三个交易日内，涨幅偏离值累计达到30%的证券
20240814,300436.SZ,国泰君安证券股份有限公司宜昌珍珠路证券营业部,40004566.24,3.26,22210601.0,1.81,17793965.24,1,连续三个交易日内，涨幅偏离值累计达到30%的证券
20240814,300436.SZ,东方财富证券股份有限公司拉萨团结路第二证券营业部,11181299.3,0.91,18621308.2,1.52,-7440008.9,1,连续三个交易日内，涨幅偏离值累计达到30%的证券
20240814,300436.SZ,东海证券股份有限公司北京西三环北路证券营业部,2438943.0,0.2,17112063.16,1.4,-14673120.16,1,连续三个交易日内，涨幅偏离值累计达到30%的证券
20240814,300436.SZ,国泰君安证券股份有限公司成都北一环路证券营业部,14816352.0,1.21,14186496.0,1.16,629856.0,1,连续三个交易日内，涨幅偏离值累计达到30%的证券
20240814,300564.SZ,华鑫证券有限责任公司上海分公司,11027515.4,3.34,10170469.4,3.08,857046.0,0,连续三个交易日内，涨幅偏离值累计达到30%的证券
20240814,300564.SZ,东亚前海证券有限责任公司上海临港新片区分公司,10137179.0,3.07,0.0,0.0,10137179.0,0,连续三个交易日内，涨幅偏离值累计达到30%的证券
20240814,300564.SZ,中信证券股份有限公司西安朱雀大街证券营业部,9437471.2,2.86,0.0,0.0,9437471.2,0,连续三个交易日内，涨幅偏离值累计达到30%的证券
20240814,300564.SZ,国投证券股份有限公司云南分公司,7928174.0,2.4,0.0,0.0,7928174.0,0,连续三个交易日内，涨幅偏离值累计达到30%的证券
20240814,300564.SZ,甬兴证券有限公司宁波和源路证券营业部,6932217.0,2.1,3783000.0,1.14,3149217.0,0,连续三个交易日内，涨幅偏离值累计达到30%的证券
20240814,300564.SZ,华鑫证券有限责任公司上海分公司,11027515.4,3.34,10170469.4,3.08,857046.0,1,连续三个交易日内，涨幅偏离值累计达到30%的证券
20240814,300564.SZ,东方证券股份有限公司厦门仙岳路证券营业部,5262461.0,1.59,6311996.0,1.91,-1049535.0,1,连续三个交易日内，涨幅偏离值累计达到30%的证券
20240814,300564.SZ,第一创业证券股份有限公司武汉分公司,1166.0,0.0,5696701.0,1.72,-5695535.0,1,连续三个交易日内，涨幅偏离值累计达到30%的证券
20240814,300564.SZ,浙商证券股份有限公司无锡人民中路证券营业部,0.0,0.0,5378430.82,1.63,-5378430.82,1,连续三个交易日内，涨幅偏离值累计达到30%的证券
20240814,300564.SZ,国盛证券有限责任公司宁波桑田路证券营业部,4288780.0,1.3,4841498.0,1.47,-552718.0,1,连续三个交易日内，涨幅偏离值累计达到30%的证券
20240814,300622.SZ,华泰证券股份有限公司南京江宁天元东路证券营业部,19618874.0,1.83,0.0,0.0,19618874.0,0,日涨幅达到15%的前5只证券
20240814,300622.SZ,华泰证券股份有限公司南京江宁天元东路证券营业部,19618874.0,1.83,0.0,0.0,19618874.0,0,日换手率达到30%的前5只证券
20240814,300622.SZ,长城证券股份有限公司杭州文一西路证券营业部,17927491.2,1.67,14388.0,0.0,17913103.2,0,日涨幅达到15%的前5只证券
20240814,300622.SZ,长城证券股份有限公司杭州文一西路证券营业部,17927491.2,1.67,14388.0,0.0,17913103.2,0,日换手率达到30%的前5只证券
20240814,300622.SZ,申港证券股份有限公司深圳深南东路证券营业部,17432921.93,1.63,23670.0,0.0,17409251.93,0,日涨幅达到15%的前5只证券
20240814,300622.SZ,申港证券股份有限公司深圳深南东路证券营业部,17432921.93,1.63,23670.0,0.0,17409251.93,0,日换手率达到30%的前5只证券
20240814,300622.SZ,东亚前海证券有限责任公司上海分公司,16797179.18,1.57,0.0,0.0,16797179.18,0,日涨幅达到15%的前5只证券
20240814,300622.SZ,东亚前海证券有限责任公司上海分公司,16797179.18,1.57,0.0,0.0,16797179.18,0,日换手率达到30%的前5只证券
20240814,300622.SZ,浙商证券股份有限公司杭州五星路证券营业部,15230142.0,1.42,3327899.44,0.31,11902242.56,0,日涨幅达到15%的前5只证券
20240814,300622.SZ,浙商证券股份有限公司杭州五星路证券营业部,15230142.0,1.42,3327899.44,0.31,11902242.56,0,日换手率达到30%的前5只证券
20240814,300622.SZ,中信证券股份有限公司宁波甬江大道证券营业部,128178.0,0.01,27423482.0,2.56,-27295304.0,1,日涨幅达到15%的前5只证券
20240814,300622.SZ,中信证券股份有限公司宁波甬江大道证券营业部,128178.0,0.01,27423482.0,2.56,-27295304.0,1,日换手率达到30%的前5只证券
20240814,300622.SZ,长江证券股份有限公司昆明白龙路证券营业部,64223.0,0.01,24958417.2,2.33,-24894194.2,1,日涨幅达到15%的前5只证券
20240814,300622.SZ,长江证券股份有限公司昆明白龙路证券营业部,64223.0,0.01,24958417.2,2.33,-24894194.2,1,日换手率达到30%的前5只证券
20240814,300622.SZ,国泰君安证券股份有限公司咸宁咸宁大道证券营业部,9867.0,0.0,24736709.47,2.31,-24726842.47,1,日涨幅达到15%的前5只证券
20240814,300622.SZ,国泰君安证券股份有限公司咸宁咸宁大道证券营业部,9867.0,0.0,24736709.47,2.31,-24726842.47,1,日换手率达到30%的前5只证券
20240814,300622.SZ,华鑫证券有限责任公司上海分公司,7317253.0,0.68,22206885.23,2.07,-14889632.23,1,日涨幅达到15%的前5只证券
20240814,300622.SZ,华鑫证券有限责任公司上海分公司,7317253.0,0.68,22206885.23,2.07,-14889632.23,1,日换手率达到30%的前5只证券
20240814,300622.SZ,国泰君安证券股份有限公司上海松江中山东路证券营业部,77122.0,0.01,20934383.32,1.95,-20857261.32,1,日涨幅达到15%的前5只证券
20240814,300622.SZ,国泰君安证券股份有限公司上海松江中山东路证券营业部,77122.0,0.01,20934383.32,1.95,-20857261.32,1,日换手率达到30%的前5只证券
20240814,301016.SZ,机构专用,15384762.2,2.65,9689621.5,1.67,5695140.7,0,日涨幅达到15%的前5只证券
20240814,301016.SZ,机构专用,15384762.2,2.65,9689621.5,1.67,5695140.7,0,日换手率达到30%的前5只证券
20240814,301016.SZ,国泰君安证券股份有限公司河源越王大道证券营业部,14028000.0,2.41,0.0,0.0,14028000.0,0,日涨幅达到15%的前5只证券
20240814,301016.SZ,国泰君安证券股份有限公司河源越王大道证券营业部,14028000.0,2.41,0.0,0.0,14028000.0,0,日换手率达到30%的前5只证券
20240814,301016.SZ,华宝证券股份有限公司上海东大名路证券营业部,7660478.0,1.32,58745.0,0.01,7601733.0,0,日涨幅达到15%的前5只证券
20240814,301016.SZ,华宝证券股份有限公司上海东大名路证券营业部,7660478.0,1.32,58745.0,0.01,7601733.0,0,日换手率达到30%的前5只证券
20240814,301016.SZ,国金证券股份有限公司深圳湾一号证券营业部,6976130.8,1.2,1887645.0,0.32,5088485.8,0,日涨幅达到15%的前5只证券
20240814,301016.SZ,国金证券股份有限公司深圳湾一号证券营业部,6976130.8,1.2,1887645.0,0.32,5088485.8,0,日换手率达到30%的前5只证券
20240814,301016.SZ,万和证券股份有限公司北京分公司,6270516.0,1.08,0.0,0.0,6270516.0,0,日涨幅达到15%的前5只证券
20240814,301016.SZ,万和证券股份有限公司北京分公司,6270516.0,1.08,0.0,0.0,6270516.0,0,日换手率达到30%的前5只证券
20240814,301016.SZ,机构专用,15384762.2,2.65,9689621.5,1.67,5695140.7,1,日涨幅达到15%的前5只证券
20240814,301016.SZ,机构专用,15384762.2,2.65,9689621.5,1.67,5695140.7,1,日换手率达到30%的前5只证券
20240814,301016.SZ,机构专用,2988538.0,0.51,7997277.0,1.38,-5008739.0,1,日涨幅达到15%的前5只证券
20240814,301016.SZ,机构专用,2988538.0,0.51,7997277.0,1.38,-5008739.0,1,日换手率达到30%的前5只证券
20240814,301016.SZ,海通证券股份有限公司长沙五一大道证券营业部,18036.0,0.0,6949338.5,1.2,-6931302.5,1,日涨幅达到15%的前5只证券
20240814,301016.SZ,海通证券股份有限公司长沙五一大道证券营业部,18036.0,0.0,6949338.5,1.2,-6931302.5,1,日换手率达到30%的前5只证券
20240814,301016.SZ,东方财富证券股份有限公司拉萨团结路第二证券营业部,5138061.7,0.88,6799073.8,1.17,-1661012.1,1,日涨幅达到15%的前5只证券
20240814,301016.SZ,东方财富证券股份有限公司拉萨团结路第二证券营业部,5138061.7,0.88,6799073.8,1.17,-1661012.1,1,日换手率达到30%的前5只证券
20240814,301016.SZ,浙商证券股份有限公司永康望春西路证券营业部,321068.0,0.06,4470425.0,0.77,-4149357.0,1,日涨幅达到15%的前5只证券
20240814,301016.SZ,浙商证券股份有限公司永康望春西路证券营业部,321068.0,0.06,4470425.0,0.77,-4149357.0,1,日换手率达到30%的前5只证券
20240814,301024.SZ,中泰证券股份有限公司阳谷谷山路证券营业部,3594359.0,1.6,3531289.0,1.58,63070.0,0,日换手率达到30%的前5只证券
20240814,301024.SZ,东方财富证券股份有限公司拉萨团结路第二证券营业部,2931857.0,1.31,1761329.0,0.79,1170528.0,0,日换手率达到30%的前5只证券
20240814,301024.SZ,国金证券股份有限公司深圳湾一号证券营业部,2463839.5,1.1,4481028.0,2.0,-2017188.5,0,日换手率达到30%的前5只证券
20240814,301024.SZ,东方财富证券股份有限公司拉萨东城区江苏大道证券营业部,2422247.0,1.08,240792.0,0.11,2181455.0,0,日换手率达到30%的前5只证券
20240814,301024.SZ,东方财富证券股份有限公司拉萨东环路第二证券营业部,2330892.0,1.04,851656.0,0.38,1479236.0,0,日换手率达到30%的前5只证券
20240814,301024.SZ,机构专用,0.0,0.0,11645402.86,5.2,-11645402.86,1,日换手率达到30%的前5只证券
20240814,301024.SZ,华鑫证券有限责任公司深圳财富大厦证券营业部,0.0,0.0,10524705.8,4.7,-10524705.8,1,日换手率达到30%的前5只证券
20240814,301024.SZ,华鑫证券有限责任公司成都交子大道证券营业部,0.0,0.0,9097512.0,4.06,-9097512.0,1,日换手率达到30%的前5只证券
20240814,301024.SZ,中信证券股份有限公司东阳吴宁西路证券营业部,8157.0,0.0,7683224.0,3.43,-7675067.0,1,日换手率达到30%的前5只证券
20240814,301024.SZ,华鑫证券有限责任公司上海分公司,111232.0,0.05,4722659.0,2.11,-4611427.0,1,日换手率达到30%的前5只证券
20240814,301101.SZ,深股通专用,15124701.0,2.2,14653875.0,2.13,470826.0,0,连续三个交易日内，涨幅偏离值累计达到30%的证券
20240814,301101.SZ,方正证券股份有限公司杭州白石巷证券营业部,13882775.0,2.02,2349.0,0.0,13880426.0,0,连续三个交易日内，涨幅偏离值累计达到30%的证券
20240814,301101.SZ,东方财富证券股份有限公司拉萨东环路第二证券营业部,9600038.32,1.4,8267713.75,1.2,1332324.57,0,连续三个交易日内，涨幅偏离值累计达到30%的证券
20240814,301101.SZ,机构专用,7456362.0,1.08,7997723.52,1.16,-541361.52,0,连续三个交易日内，涨幅偏离值累计达到30%的证券
20240814,301101.SZ,东方财富证券股份有限公司拉萨团结路第二证券营业部,6370873.0,0.93,4430654.0,0.64,1940219.0,0,连续三个交易日内，涨幅偏离值累计达到30%的证券
20240814,301101.SZ,深股通专用,15124701.0,2.2,14653875.0,2.13,470826.0,1,连续三个交易日内，涨幅偏离值累计达到30%的证券
20240814,301101.SZ,中信证券股份有限公司金华分公司,122979.0,0.02,14366466.24,2.09,-14243487.24,1,连续三个交易日内，涨幅偏离值累计达到30%的证券
20240814,301101.SZ,机构专用,0.0,0.0,13490000.0,1.96,-13490000.0,1,连续三个交易日内，涨幅偏离值累计达到30%的证券
20240814,301101.SZ,中信证券股份有限公司上海东方路证券营业部,0.0,0.0,11671396.24,1.7,-11671396.24,1,连续三个交易日内，涨幅偏离值累计达到30%的证券
20240814,301101.SZ,中信证券（山东）有限责任公司青岛总部证券营业部,0.0,0.0,10133934.5,1.47,-10133934.5,1,连续三个交易日内，涨幅偏离值累计达到30%的证券
20240814,301151.SZ,中信建投证券股份有限公司北京广渠门内大街证券营业部,44032542.72,5.29,15934839.0,1.91,28097703.72,0,连续三个交易日内，涨幅偏离值累计达到30%的证券
20240814,301151.SZ,中信证券股份有限公司上海分公司,31292074.5,3.76,30156957.0,3.62,1135117.5,0,连续三个交易日内，涨幅偏离值累计达到30%的证券
20240814,301151.SZ,中信建投证券股份有限公司北京广渠门内大街证券营业部,30468647.86,5.21,15934839.0,2.73,14533808.86,0,日涨幅达到15%的前5只证券
20240814,301151.SZ,中信建投证券股份有限公司北京广渠门内大街证券营业部,30468647.86,5.21,15934839.0,2.73,14533808.86,0,日换手率达到30%的前5只证券
20240814,301151.SZ,华鑫证券有限责任公司上海银翔路证券营业部,15473892.0,1.86,17268025.0,2.07,-1794133.0,0,连续三个交易日内，涨幅偏离值累计达到30%的证券
20240814,301151.SZ,中信证券股份有限公司北京总部证券营业部,12590055.36,2.15,5475.0,0.0,12584580.36,0,日涨幅达到15%的前5只证券
20240814,301151.SZ,中信证券股份有限公司北京总部证券营业部,12590055.36,1.51,11629.0,0.0,12578426.36,0,连续三个交易日内，涨幅偏离值累计达到30%的证券
20240814,301151.SZ,中信证券股份有限公司北京总部证券营业部,12590055.36,2.15,5475.0,0.0,12584580.36,0,日换手率达到30%的前5只证券
20240814,301151.SZ,东方财富证券股份有限公司拉萨团结路第一证券营业部,11485099.55,1.38,4111248.95,0.49,7373850.6,0,连续三个交易日内，涨幅偏离值累计达到30%的证券
20240814,301151.SZ,东方财富证券股份有限公司拉萨团结路第一证券营业部,10511566.0,1.8,2332970.95,0.4,8178595.05,0,日涨幅达到15%的前5只证券
20240814,301151.SZ,东方财富证券股份有限公司拉萨团结路第一证券营业部,10511566.0,1.8,2332970.95,0.4,8178595.05,0,日换手率达到30%的前5只证券
20240814,301151.SZ,南京证券股份有限公司张家港东环路证券营业部,6492796.0,1.11,2907706.0,0.5,3585090.0,0,日涨幅达到15%的前5只证券
20240814,301151.SZ,南京证券股份有限公司张家港东环路证券营业部,6492796.0,1.11,2907706.0,0.5,3585090.0,0,日换手率达到30%的前5只证券
20240814,301151.SZ,中信建投证券股份有限公司杭州庆春路证券营业部,6411360.97,1.1,0.0,0.0,6411360.97,0,日涨幅达到15%的前5只证券
20240814,301151.SZ,中信建投证券股份有限公司杭州庆春路证券营业部,6411360.97,1.1,0.0,0.0,6411360.97,0,日换手率达到30%的前5只证券
20240814,301151.SZ,中信证券股份有限公司上海分公司,31292074.5,3.76,30156957.0,3.62,1135117.5,1,连续三个交易日内，涨幅偏离值累计达到30%的证券
20240814,301151.SZ,中信证券股份有限公司上海分公司,3599315.5,0.62,30060461.0,5.14,-26461145.5,1,日涨幅达到15%的前5只证券
20240814,301151.SZ,中信证券股份有限公司上海分公司,3599315.5,0.62,30060461.0,5.14,-26461145.5,1,日换手率达到30%的前5只证券
20240814,301151.SZ,华鑫证券有限责任公司上海银翔路证券营业部,0.0,0.0,17268025.0,2.95,-17268025.0,1,日涨幅达到15%的前5只证券
20240814,301151.SZ,华鑫证券有限责任公司上海银翔路证券营业部,15473892.0,1.86,17268025.0,2.07,-1794133.0,1,连续三个交易日内，涨幅偏离值累计达到30%的证券
20240814,301151.SZ,华鑫证券有限责任公司上海银翔路证券营业部,0.0,0.0,17268025.0,2.95,-17268025.0,1,日换手率达到30%的前5只证券
20240814,301151.SZ,中信建投证券股份有限公司北京广渠门内大街证券营业部,30468647.86,5.21,15934839.0,2.73,14533808.86,1,日涨幅达到15%的前5只证券
20240814,301151.SZ,中信建投证券股份有限公司北京广渠门内大街证券营业部,44032542.72,5.29,15934839.0,1.91,28097703.72,1,连续三个交易日内，涨幅偏离值累计达到30%的证券
20240814,301151.SZ,中信建投证券股份有限公司北京广渠门内大街证券营业部,30468647.86,5.21,15934839.0,2.73,14533808.86,1,日换手率达到30%的前5只证券
20240814,301151.SZ,招商证券股份有限公司青岛新都心证券营业部,1379215.9,0.17,9719280.3,1.17,-8340064.4,1,连续三个交易日内，涨幅偏离值累计达到30%的证券
20240814,301151.SZ,招商证券股份有限公司青岛新都心证券营业部,17465.0,0.0,8356171.3,1.43,-8338706.3,1,日涨幅达到15%的前5只证券
20240814,301151.SZ,招商证券股份有限公司青岛新都心证券营业部,17465.0,0.0,8356171.3,1.43,-8338706.3,1,日换手率达到30%的前5只证券
20240814,301151.SZ,华鑫证券有限责任公司上海漕溪北路证券营业部,130158.0,0.02,8179449.0,1.4,-8049291.0,1,日涨幅达到15%的前5只证券
20240814,301151.SZ,华鑫证券有限责任公司上海漕溪北路证券营业部,130158.0,0.02,8179449.0,1.4,-8049291.0,1,日换手率达到30%的前5只证券
20240814,301151.SZ,华鑫证券有限责任公司上海漕溪北路证券营业部,7873992.0,0.95,8179449.0,0.98,-305457.0,1,连续三个交易日内，涨幅偏离值累计达到30%的证券
20240814,301288.SZ,中国银河证券股份有限公司北京学院南路证券营业部,13909706.64,2.34,512650.0,0.09,13397056.64,0,连续三个交易日内，涨幅偏离值累计达到30%的证券
20240814,301288.SZ,中国银河证券股份有限公司北京学院南路证券营业部,13901696.64,3.64,187954.0,0.05,13713742.64,0,日换手率达到30%的前5只证券
20240814,301288.SZ,东方财富证券股份有限公司拉萨东环路第一证券营业部,12811117.7,2.15,3831860.0,0.64,8979257.7,0,连续三个交易日内，涨幅偏离值累计达到30%的证券
20240814,301288.SZ,国泰君安证券股份有限公司河源越王大道证券营业部,10355000.0,2.71,0.0,0.0,10355000.0,0,日换手率达到30%的前5只证券
20240814,301288.SZ,国泰君安证券股份有限公司河源越王大道证券营业部,10355000.0,1.74,0.0,0.0,10355000.0,0,连续三个交易日内，涨幅偏离值累计达到30%的证券
20240814,301288.SZ,平安证券股份有限公司深圳分公司,9277643.0,1.56,1190937.0,0.2,8086706.0,0,连续三个交易日内，涨幅偏离值累计达到30%的证券
20240814,301288.SZ,中国银河证券股份有限公司大连人民路证券营业部,8970910.0,1.51,2004707.0,0.34,6966203.0,0,连续三个交易日内，涨幅偏离值累计达到30%的证券
20240814,301288.SZ,中国银河证券股份有限公司大连人民路证券营业部,7300240.0,1.91,2004707.0,0.53,5295533.0,0,日换手率达到30%的前5只证券
20240814,301288.SZ,国盛证券有限责任公司宁波桑田路证券营业部,5823278.0,1.53,918499.0,0.24,4904779.0,0,日换手率达到30%的前5只证券
20240814,301288.SZ,东吴证券股份有限公司苏州干将东路证券营业部,5740287.0,1.5,2013.0,0.0,5738274.0,0,日换手率达到30%的前5只证券
20240814,301288.SZ,中国银河证券股份有限公司深圳福华一路证券营业部,36955.0,0.01,16990974.94,2.86,-16954019.94,1,连续三个交易日内，涨幅偏离值累计达到30%的证券
20240814,301288.SZ,中国银河证券股份有限公司深圳福华一路证券营业部,36955.0,0.01,16962390.94,4.45,-16925435.94,1,日换手率达到30%的前5只证券
20240814,301288.SZ,华鑫证券有限责任公司成都交子大道证券营业部,1391502.0,0.23,9682383.91,1.63,-8290881.91,1,连续三个交易日内，涨幅偏离值累计达到30%的证券
20240814,301288.SZ,华鑫证券有限责任公司成都交子大道证券营业部,106830.0,0.03,9575710.91,2.51,-9468880.91,1,日换手率达到30%的前5只证券
20240814,301288.SZ,华鑫证券有限责任公司上海分公司,3108315.0,0.52,8958425.0,1.51,-5850110.0,1,连续三个交易日内，涨幅偏离值累计达到30%的证券
20240814,301288.SZ,华鑫证券有限责任公司佛山南海海五路证券营业部,0.0,0.0,8294137.84,1.39,-8294137.84,1,连续三个交易日内，涨幅偏离值累计达到30%的证券
20240814,301288.SZ,中国银河证券股份有限公司绍兴证券营业部,7749494.0,1.3,7260976.0,1.22,488518.0,1,连续三个交易日内，涨幅偏离值累计达到30%的证券
20240814,301288.SZ,中国银河证券股份有限公司绍兴证券营业部,1648395.0,0.43,7256458.0,1.9,-5608063.0,1,日换手率达到30%的前5只证券
20240814,301288.SZ,国金证券股份有限公司深圳湾一号证券营业部,1184572.0,0.31,5872441.0,1.54,-4687869.0,1,日换手率达到30%的前5只证券
20240814,301288.SZ,东方财富证券股份有限公司拉萨东环路第二证券营业部,4484670.08,1.18,5096550.95,1.34,-611880.87,1,日换手率达到30%的前5只证券
20240814,600171.SH,沪股通专用,165940336.74,,,,165940336.74,0,有价格涨跌幅限制的日换手率达到20%的前五只证券
20240814,600171.SH,国泰君安证券股份有限公司总部,51983898.65,,,,51983898.65,0,有价格涨跌幅限制的日换手率达到20%的前五只证券
20240814,600171.SH,东方财富证券股份有限公司拉萨金融城南环路证券营业部,48372698.0,,,,48372698.0,0,有价格涨跌幅限制的日换手率达到20%的前五只证券
20240814,600171.SH,中信证券股份有限公司西安朱雀大街证券营业部,40003882.0,,,,40003882.0,0,有价格涨跌幅限制的日换手率达到20%的前五只证券
20240814,600171.SH,东方财富证券股份有限公司拉萨团结路第二证券营业部,39048890.97,,,,39048890.97,0,有价格涨跌幅限制的日换手率达到20%的前五只证券
20240814,600171.SH,东方财富证券股份有限公司拉萨团结路第一证券营业部,,,75233114.63,,-75233114.63,1,有价格涨跌幅限制的日换手率达到20%的前五只证券
20240814,600171.SH,东方财富证券股份有限公司拉萨金融城南环路证券营业部,,,44745755.51,,-44745755.51,1,有价格涨跌幅限制的日换手率达到20%的前五只证券
20240814,600171.SH,高盛（中国）证券有限责任公司上海浦东新区世纪大道证券营业部,,,30261452.0,,-30261452.0,1,有价格涨跌幅限制的日换手率达到20%的前五只证券
20240814,600171.SH,东方财富证券股份有限公司拉萨东环路第二证券营业部,,,29912205.71,,-29912205.71,1,有价格涨跌幅限制的日换手率达到20%的前五只证券
20240814,600171.SH,东方财富证券股份有限公司拉萨团结路第二证券营业部,,,29581663.4,,-29581663.4,1,有价格涨跌幅限制的日换手率达到20%的前五只证券
20240814,600326.SH,国盛证券有限责任公司宁波桑田路证券营业部,42493027.4,,,,42493027.4,0,非ST、*ST和S证券连续三个交易日内收盘价格涨幅偏离值累计达到20%的证券
20240814,600326.SH,机构专用,21902084.36,,,,21902084.36,0,非ST、*ST和S证券连续三个交易日内收盘价格涨幅偏离值累计达到20%的证券
20240814,600326.SH,山西证券股份有限公司杭州五星路证券营业部,21485268.0,,,,21485268.0,0,非ST、*ST和S证券连续三个交易日内收盘价格涨幅偏离值累计达到20%的证券
20240814,600326.SH,山西证券股份有限公司杭州五星路证券营业部,21474180.0,,,,21474180.0,0,有价格涨跌幅限制的日收盘价格涨幅偏离值达到7%的前五只证券
20240814,600326.SH,甬兴证券有限公司宁波和源路证券营业部,19402110.0,,,,19402110.0,0,有价格涨跌幅限制的日收盘价格涨幅偏离值达到7%的前五只证券
20240814,600326.SH,甬兴证券有限公司宁波和源路证券营业部,19402110.0,,,,19402110.0,0,非ST、*ST和S证券连续三个交易日内收盘价格涨幅偏离值累计达到20%的证券
20240814,600326.SH,甬兴证券有限公司宁波分公司,15307656.0,,,,15307656.0,0,有价格涨跌幅限制的日收盘价格涨幅偏离值达到7%的前五只证券
20240814,600326.SH,甬兴证券有限公司宁波分公司,15307656.0,,,,15307656.0,0,非ST、*ST和S证券连续三个交易日内收盘价格涨幅偏离值累计达到20%的证券
20240814,600326.SH,东亚前海证券有限责任公司深圳分公司,13798512.0,,,,13798512.0,0,有价格涨跌幅限制的日收盘价格涨幅偏离值达到7%的前五只证券
20240814,600326.SH,东亚前海证券有限责任公司上海分公司,11719846.32,,,,11719846.32,0,有价格涨跌幅限制的日收盘价格涨幅偏离值达到7%的前五只证券
20240814,600326.SH,机构专用,,,26773110.0,,-26773110.0,1,有价格涨跌幅限制的日收盘价格涨幅偏离值达到7%的前五只证券
20240814,600326.SH,机构专用,,,26773110.0,,-26773110.0,1,非ST、*ST和S证券连续三个交易日内收盘价格涨幅偏离值累计达到20%的证券
20240814,600326.SH,沪股通专用,,,9735254.0,,-9735254.0,1,非ST、*ST和S证券连续三个交易日内收盘价格涨幅偏离值累计达到20%的证券
20240814,600326.SH,东方财富证券股份有限公司拉萨东环路第二证券营业部,,,9176444.0,,-9176444.0,1,非ST、*ST和S证券连续三个交易日内收盘价格涨幅偏离值累计达到20%的证券
20240814,600326.SH,东方财富证券股份有限公司拉萨东环路第二证券营业部,,,5544630.0,,-5544630.0,1,有价格涨跌幅限制的日收盘价格涨幅偏离值达到7%的前五只证券
20240814,600326.SH,华福证券有限责任公司温岭万昌中路证券营业部,,,5460000.0,,-5460000.0,1,非ST、*ST和S证券连续三个交易日内收盘价格涨幅偏离值累计达到20%的证券
20240814,600326.SH,华福证券有限责任公司温岭万昌中路证券营业部,,,5460000.0,,-5460000.0,1,有价格涨跌幅限制的日收盘价格涨幅偏离值达到7%的前五只证券
20240814,600326.SH,高盛（中国）证券有限责任公司上海浦东新区世纪大道证券营业部,,,5443422.0,,-5443422.0,1,非ST、*ST和S证券连续三个交易日内收盘价格涨幅偏离值累计达到20%的证券
20240814,600326.SH,财达证券股份有限公司佳木斯长安东路证券营业部,,,4988419.8,,-4988419.8,1,有价格涨跌幅限制的日收盘价格涨幅偏离值达到7%的前五只证券
20240814,600326.SH,国联证券股份有限公司总部,,,4922190.0,,-4922190.0,1,有价格涨跌幅限制的日收盘价格涨幅偏离值达到7%的前五只证券
20240814,600611.SH,东方财富证券股份有限公司拉萨金融城南环路证券营业部,50811829.47,,,,50811829.47,0,有价格涨跌幅限制的日换手率达到20%的前五只证券
20240814,600611.SH,东方财富证券股份有限公司拉萨团结路第一证券营业部,47134562.0,,,,47134562.0,0,有价格涨跌幅限制的日换手率达到20%的前五只证券
20240814,600611.SH,国泰君安证券股份有限公司泰州鼓楼南路证券营业部,46094042.75,,,,46094042.75,0,有价格涨跌幅限制的日换手率达到20%的前五只证券
20240814,600611.SH,东方财富证券股份有限公司拉萨东环路第二证券营业部,37448710.0,,,,37448710.0,0,有价格涨跌幅限制的日换手率达到20%的前五只证券
20240814,600611.SH,东方财富证券股份有限公司拉萨东环路第一证券营业部,32373021.0,,,,32373021.0,0,有价格涨跌幅限制的日换手率达到20%的前五只证券
20240814,600611.SH,东方财富证券股份有限公司拉萨团结路第一证券营业部,,,43119545.46,,-43119545.46,1,有价格涨跌幅限制的日换手率达到20%的前五只证券
20240814,600611.SH,东方财富证券股份有限公司拉萨金融城南环路证券营业部,,,42465931.16,,-42465931.16,1,有价格涨跌幅限制的日换手率达到20%的前五只证券
20240814,600611.SH,中信证券股份有限公司浙江分公司,,,41359905.5,,-41359905.5,1,有价格涨跌幅限制的日换手率达到20%的前五只证券
20240814,600611.SH,国泰君安证券股份有限公司咸宁咸宁大道证券营业部,,,38226827.0,,-38226827.0,1,有价格涨跌幅限制的日换手率达到20%的前五只证券
20240814,600611.SH,东方财富证券股份有限公司拉萨东环路第二证券营业部,,,35416444.48,,-35416444.48,1,有价格涨跌幅限制的日换手率达到20%的前五只证券
20240814,600686.SH,沪股通专用,170948883.0,,,,170948883.0,0,非ST、*ST和S证券连续三个交易日内收盘价格涨幅偏离值累计达到20%的证券
20240814,600686.SH,华泰证券股份有限公司天津东丽开发区二纬路证券营业部,84504246.66,,,,84504246.66,0,非ST、*ST和S证券连续三个交易日内收盘价格涨幅偏离值累计达到20%的证券
20240814,600686.SH,沪股通专用,84325571.0,,,,84325571.0,0,有价格涨跌幅限制的日收盘价格涨幅偏离值达到7%的前五只证券
20240814,600686.SH,东方证券股份有限公司上海浦东新区源深路证券营业部,76366200.06,,,,76366200.06,0,非ST、*ST和S证券连续三个交易日内收盘价格涨幅偏离值累计达到20%的证券
20240814,600686.SH,东方证券股份有限公司上海浦东新区源深路证券营业部,76232566.06,,,,76232566.06,0,有价格涨跌幅限制的日收盘价格涨幅偏离值达到7%的前五只证券
20240814,600686.SH,华鑫证券有限责任公司珠海海滨南路证券营业部,73683583.0,,,,73683583.0,0,非ST、*ST和S证券连续三个交易日内收盘价格涨幅偏离值累计达到20%的证券
20240814,600686.SH,国泰君安证券股份有限公司河源越王大道证券营业部,55695711.0,,,,55695711.0,0,非ST、*ST和S证券连续三个交易日内收盘价格涨幅偏离值累计达到20%的证券
20240814,600686.SH,方正证券股份有限公司北京阜外大街证券营业部,44243092.0,,,,44243092.0,0,有价格涨跌幅限制的日收盘价格涨幅偏离值达到7%的前五只证券
20240814,600686.SH,国泰君安证券股份有限公司河源越王大道证券营业部,37010566.0,,,,37010566.0,0,有价格涨跌幅限制的日收盘价格涨幅偏离值达到7%的前五只证券
20240814,600686.SH,中国银河证券股份有限公司北京学院南路证券营业部,33996165.0,,,,33996165.0,0,有价格涨跌幅限制的日收盘价格涨幅偏离值达到7%的前五只证券
20240814,600686.SH,沪股通专用,,,159065963.57,,-159065963.57,1,非ST、*ST和S证券连续三个交易日内收盘价格涨幅偏离值累计达到20%的证券
20240814,600686.SH,东方财富证券股份有限公司拉萨金融城南环路证券营业部,,,75813910.18,,-75813910.18,1,非ST、*ST和S证券连续三个交易日内收盘价格涨幅偏离值累计达到20%的证券
20240814,600686.SH,沪股通专用,,,65476825.0,,-65476825.0,1,有价格涨跌幅限制的日收盘价格涨幅偏离值达到7%的前五只证券
20240814,600686.SH,华泰证券股份有限公司天津东丽开发区二纬路证券营业部,,,61096869.05,,-61096869.05,1,非ST、*ST和S证券连续三个交易日内收盘价格涨幅偏离值累计达到20%的证券
20240814,600686.SH,东方财富证券股份有限公司拉萨团结路第一证券营业部,,,52347334.7,,-52347334.7,1,非ST、*ST和S证券连续三个交易日内收盘价格涨幅偏离值累计达到20%的证券
20240814,600686.SH,华泰证券股份有限公司天津东丽开发区二纬路证券营业部,,,46795324.0,,-46795324.0,1,有价格涨跌幅限制的日收盘价格涨幅偏离值达到7%的前五只证券
20240814,600686.SH,国泰君安证券股份有限公司泰州鼓楼南路证券营业部,,,45232333.05,,-45232333.05,1,非ST、*ST和S证券连续三个交易日内收盘价格涨幅偏离值累计达到20%的证券
20240814,600686.SH,东方财富证券股份有限公司拉萨金融城南环路证券营业部,,,37221831.64,,-37221831.64,1,有价格涨跌幅限制的日收盘价格涨幅偏离值达到7%的前五只证券
20240814,600686.SH,东莞证券股份有限公司南京分公司,,,34527680.0,,-34527680.0,1,有价格涨跌幅限制的日收盘价格涨幅偏离值达到7%的前五只证券
20240814,600686.SH,东方财富证券股份有限公司拉萨团结路第一证券营业部,,,22295158.0,,-22295158.0,1,有价格涨跌幅限制的日收盘价格涨幅偏离值达到7%的前五只证券
20240814,600696.SH,沪股通专用,13736137.0,,,,13736137.0,0,有价格涨跌幅限制的日收盘价格涨幅偏离值达到7%的前五只证券
20240814,600696.SH,国泰君安证券股份有限公司总部,12213445.0,,,,12213445.0,0,有价格涨跌幅限制的日收盘价格涨幅偏离值达到7%的前五只证券
20240814,600696.SH,国泰君安证券股份有限公司南京双龙大道证券营业部,7663878.0,,,,7663878.0,0,有价格涨跌幅限制的日收盘价格涨幅偏离值达到7%的前五只证券
20240814,600696.SH,财通证券股份有限公司杭州上塘路证券营业部,6274638.76,,,,6274638.76,0,有价格涨跌幅限制的日收盘价格涨幅偏离值达到7%的前五只证券
20240814,600696.SH,中信建投证券股份有限公司衡阳解放西路证券营业部,5842724.0,,,,5842724.0,0,有价格涨跌幅限制的日收盘价格涨幅偏离值达到7%的前五只证券
20240814,600696.SH,华龙证券股份有限公司上海中山北二路证券营业部,,,6743717.5,,-6743717.5,1,有价格涨跌幅限制的日收盘价格涨幅偏离值达到7%的前五只证券
20240814,600696.SH,华林证券股份有限公司上海分公司,,,4999196.0,,-4999196.0,1,有价格涨跌幅限制的日收盘价格涨幅偏离值达到7%的前五只证券
20240814,600696.SH,中国国际金融股份有限公司上海分公司,,,3111449.0,,-3111449.0,1,有价格涨跌幅限制的日收盘价格涨幅偏离值达到7%的前五只证券
20240814,600696.SH,东方财富证券股份有限公司拉萨金融城南环路证券营业部,,,3090482.0,,-3090482.0,1,有价格涨跌幅限制的日收盘价格涨幅偏离值达到7%的前五只证券
20240814,600696.SH,东方财富证券股份有限公司拉萨团结路第一证券营业部,,,3028239.0,,-3028239.0,1,有价格涨跌幅限制的日收盘价格涨幅偏离值达到7%的前五只证券
20240814,600875.SH,沪股通专用,72210402.06,,,,72210402.06,0,有价格涨跌幅限制的日收盘价格跌幅偏离值达到7%的前五只证券
20240814,600875.SH,首创证券股份有限公司哈尔滨西大直街证券营业部,44418054.0,,,,44418054.0,0,有价格涨跌幅限制的日收盘价格跌幅偏离值达到7%的前五只证券
20240814,600875.SH,华泰证券股份有限公司成都人民南路证券营业部,23065585.0,,,,23065585.0,0,有价格涨跌幅限制的日收盘价格跌幅偏离值达到7%的前五只证券
20240814,600875.SH,华泰证券股份有限公司总部,10907400.0,,,,10907400.0,0,有价格涨跌幅限制的日收盘价格跌幅偏离值达到7%的前五只证券
20240814,600875.SH,广发证券股份有限公司郑州农业路证券营业部,10895693.0,,,,10895693.0,0,有价格涨跌幅限制的日收盘价格跌幅偏离值达到7%的前五只证券
20240814,600875.SH,沪股通专用,,,121985580.56,,-121985580.56,1,有价格涨跌幅限制的日收盘价格跌幅偏离值达到7%的前五只证券
20240814,600875.SH,机构专用,,,119500257.43,,-119500257.43,1,有价格涨跌幅限制的日收盘价格跌幅偏离值达到7%的前五只证券
20240814,600875.SH,机构专用,,,102528316.2,,-102528316.2,1,有价格涨跌幅限制的日收盘价格跌幅偏离值达到7%的前五只证券
20240814,600875.SH,中国国际金融股份有限公司北京建国门外大街证券营业部,,,41988940.76,,-41988940.76,1,有价格涨跌幅限制的日收盘价格跌幅偏离值达到7%的前五只证券
20240814,600875.SH,机构专用,,,39472910.74,,-39472910.74,1,有价格涨跌幅限制的日收盘价格跌幅偏离值达到7%的前五只证券
20240814,603139.SH,中信证券股份有限公司上海分公司,2587728.0,,,,2587728.0,0,有价格涨跌幅限制的日收盘价格跌幅偏离值达到7%的前五只证券
20240814,603139.SH,国泰君安证券股份有限公司上海江苏路证券营业部,1598420.0,,,,1598420.0,0,有价格涨跌幅限制的日收盘价格跌幅偏离值达到7%的前五只证券
20240814,603139.SH,东方财富证券股份有限公司拉萨团结路第二证券营业部,1277343.0,,,,1277343.0,0,有价格涨跌幅限制的日收盘价格跌幅偏离值达到7%的前五只证券
20240814,603139.SH,华泰证券股份有限公司沈阳大西路证券营业部,1100719.0,,,,1100719.0,0,有价格涨跌幅限制的日收盘价格跌幅偏离值达到7%的前五只证券
20240814,603139.SH,东方财富证券股份有限公司拉萨金融城南环路证券营业部,1069692.0,,,,1069692.0,0,有价格涨跌幅限制的日收盘价格跌幅偏离值达到7%的前五只证券
20240814,603139.SH,财通证券股份有限公司杭州上塘路证券营业部,,,13690624.94,,-13690624.94,1,有价格涨跌幅限制的日收盘价格跌幅偏离值达到7%的前五只证券
20240814,603139.SH,联储证券股份有限公司浙江分公司,,,8328446.96,,-8328446.96,1,有价格涨跌幅限制的日收盘价格跌幅偏离值达到7%的前五只证券
20240814,603139.SH,东方证券股份有限公司厦门仙岳路证券营业部,,,7217802.0,,-7217802.0,1,有价格涨跌幅限制的日收盘价格跌幅偏离值达到7%的前五只证券
20240814,603139.SH,东方财富证券股份有限公司拉萨东环路第一证券营业部,,,1399693.0,,-1399693.0,1,有价格涨跌幅限制的日收盘价格跌幅偏离值达到7%的前五只证券
20240814,603139.SH,中信证券股份有限公司上海分公司,,,1336768.0,,-1336768.0,1,有价格涨跌幅限制的日收盘价格跌幅偏离值达到7%的前五只证券
20240814,603310.SH,招商证券股份有限公司上海牡丹江路证券营业部,21363646.03,,,,21363646.03,0,无价格涨跌幅限制的证券
20240814,603310.SH,东方财富证券股份有限公司拉萨团结路第二证券营业部,15251140.85,,,,15251140.85,0,无价格涨跌幅限制的证券
20240814,603310.SH,东方财富证券股份有限公司拉萨金融城南环路证券营业部,14660659.65,,,,14660659.65,0,无价格涨跌幅限制的证券
20240814,603310.SH,东方财富证券股份有限公司拉萨东环路第一证券营业部,13222930.4,,,,13222930.4,0,无价格涨跌幅限制的证券
20240814,603310.SH,东方财富证券股份有限公司拉萨东环路第二证券营业部,12235385.09,,,,12235385.09,0,无价格涨跌幅限制的证券
20240814,603310.SH,机构专用,,,17870471.64,,-17870471.64,1,无价格涨跌幅限制的证券
20240814,603310.SH,机构专用,,,14410871.42,,-14410871.42,1,无价格涨跌幅限制的证券
20240814,603310.SH,机构专用,,,13454697.29,,-13454697.29,1,无价格涨跌幅限制的证券
20240814,603310.SH,机构专用,,,12473340.1,,-12473340.1,1,无价格涨跌幅限制的证券
20240814,603310.SH,机构专用,,,10010534.46,,-10010534.46,1,无价格涨跌幅限制的证券
20240814,603341.SH,中信证券股份有限公司西安朱雀大街证券营业部,49271053.8,,,,49271053.8,0,有价格涨跌幅限制的日收盘价格涨幅偏离值达到7%的前五只证券
20240814,603341.SH,中信证券股份有限公司西安朱雀大街证券营业部,49271053.8,,,,49271053.8,0,有价格涨跌幅限制的日换手率达到20%的前五只证券
20240814,603341.SH,华泰证券股份有限公司北京东三环北路证券营业部,13384998.0,,,,13384998.0,0,有价格涨跌幅限制的日收盘价格涨幅偏离值达到7%的前五只证券
20240814,603341.SH,华泰证券股份有限公司北京东三环北路证券营业部,13384998.0,,,,13384998.0,0,有价格涨跌幅限制的日换手率达到20%的前五只证券
20240814,603341.SH,高盛（中国）证券有限责任公司上海浦东新区世纪大道证券营业部,12198696.0,,,,12198696.0,0,有价格涨跌幅限制的日收盘价格涨幅偏离值达到7%的前五只证券
20240814,603341.SH,高盛（中国）证券有限责任公司上海浦东新区世纪大道证券营业部,12198696.0,,,,12198696.0,0,有价格涨跌幅限制的日换手率达到20%的前五只证券
20240814,603341.SH,华鑫证券有限责任公司广州广州大道中证券营业部,10496973.0,,,,10496973.0,0,有价格涨跌幅限制的日收盘价格涨幅偏离值达到7%的前五只证券
20240814,603341.SH,华鑫证券有限责任公司广州广州大道中证券营业部,10496973.0,,,,10496973.0,0,有价格涨跌幅限制的日换手率达到20%的前五只证券
20240814,603341.SH,国泰君安证券股份有限公司总部,6070610.0,,,,6070610.0,0,有价格涨跌幅限制的日收盘价格涨幅偏离值达到7%的前五只证券
20240814,603341.SH,国泰君安证券股份有限公司总部,6070610.0,,,,6070610.0,0,有价格涨跌幅限制的日换手率达到20%的前五只证券
20240814,603341.SH,中信证券股份有限公司上海分公司,,,6509880.0,,-6509880.0,1,有价格涨跌幅限制的日收盘价格涨幅偏离值达到7%的前五只证券
20240814,603341.SH,中信证券股份有限公司上海分公司,,,6509880.0,,-6509880.0,1,有价格涨跌幅限制的日换手率达到20%的前五只证券
20240814,603341.SH,国泰君安证券股份有限公司总部,,,6257894.96,,-6257894.96,1,有价格涨跌幅限制的日收盘价格涨幅偏离值达到7%的前五只证券
20240814,603341.SH,国泰君安证券股份有限公司总部,,,6257894.96,,-6257894.96,1,有价格涨跌幅限制的日换手率达到20%的前五只证券
20240814,603341.SH,东方财富证券股份有限公司拉萨团结路第二证券营业部,,,4687525.29,,-4687525.29,1,有价格涨跌幅限制的日收盘价格涨幅偏离值达到7%的前五只证券
20240814,603341.SH,东方财富证券股份有限公司拉萨团结路第二证券营业部,,,4687525.29,,-4687525.29,1,有价格涨跌幅限制的日换手率达到20%的前五只证券
20240814,603341.SH,中国银河证券股份有限公司北京安贞门证券营业部,,,3722515.0,,-3722515.0,1,有价格涨跌幅限制的日收盘价格涨幅偏离值达到7%的前五只证券
20240814,603341.SH,中国银河证券股份有限公司北京安贞门证券营业部,,,3722515.0,,-3722515.0,1,有价格涨跌幅限制的日换手率达到20%的前五只证券
20240814,603341.SH,东兴证券股份有限公司北京北四环中路证券营业部,,,3455976.0,,-3455976.0,1,有价格涨跌幅限制的日收盘价格涨幅偏离值达到7%的前五只证券
20240814,603341.SH,东兴证券股份有限公司北京北四环中路证券营业部,,,3455976.0,,-3455976.0,1,有价格涨跌幅限制的日换手率达到20%的前五只证券
20240814,603375.SH,广发证券股份有限公司广州洛溪新城证券营业部,4012175.0,,,,4012175.0,0,有价格涨跌幅限制的日换手率达到20%的前五只证券
20240814,603375.SH,麦高证券有限责任公司北京分公司,3529650.28,,,,3529650.28,0,有价格涨跌幅限制的日换手率达到20%的前五只证券
20240814,603375.SH,东方财富证券股份有限公司拉萨东环路第一证券营业部,3004283.0,,,,3004283.0,0,有价格涨跌幅限制的日换手率达到20%的前五只证券
20240814,603375.SH,中信证券股份有限公司上海分公司,2974179.66,,,,2974179.66,0,有价格涨跌幅限制的日换手率达到20%的前五只证券
20240814,603375.SH,中国银河证券股份有限公司北京中关村大街证券营业部,2711033.0,,,,2711033.0,0,有价格涨跌幅限制的日换手率达到20%的前五只证券
20240814,603375.SH,中国银河证券股份有限公司北京中关村大街证券营业部,,,9167818.76,,-9167818.76,1,有价格涨跌幅限制的日换手率达到20%的前五只证券
20240814,603375.SH,华泰证券股份有限公司常熟金沙江路证券营业部,,,5220441.26,,-5220441.26,1,有价格涨跌幅限制的日换手率达到20%的前五只证券
20240814,603375.SH,中信证券股份有限公司上海分公司,,,4331044.0,,-4331044.0,1,有价格涨跌幅限制的日换手率达到20%的前五只证券
20240814,603375.SH,国泰君安证券股份有限公司总部,,,4322296.53,,-4322296.53,1,有价格涨跌幅限制的日换手率达到20%的前五只证券
20240814,603375.SH,中国中金财富证券有限公司上海分公司,,,3551975.47,,-3551975.47,1,有价格涨跌幅限制的日换手率达到20%的前五只证券
20240814,603458.SH,东亚前海证券有限责任公司上海分公司,23021727.0,,,,23021727.0,0,非ST、*ST和S证券连续三个交易日内收盘价格涨幅偏离值累计达到20%的证券
20240814,603458.SH,东亚前海证券有限责任公司上海分公司,23016903.0,,,,23016903.0,0,有价格涨跌幅限制的日收盘价格涨幅偏离值达到7%的前五只证券
20240814,603458.SH,财通证券股份有限公司杭州上塘路证券营业部,13702392.38,,,,13702392.38,0,非ST、*ST和S证券连续三个交易日内收盘价格涨幅偏离值累计达到20%的证券
20240814,603458.SH,万和证券股份有限公司北京分公司,8084554.12,,,,8084554.12,0,非ST、*ST和S证券连续三个交易日内收盘价格涨幅偏离值累计达到20%的证券
20240814,603458.SH,国金证券股份有限公司深圳分公司,6361386.91,,,,6361386.91,0,非ST、*ST和S证券连续三个交易日内收盘价格涨幅偏离值累计达到20%的证券
20240814,603458.SH,国金证券股份有限公司深圳湾一号证券营业部,6051264.06,,,,6051264.06,0,非ST、*ST和S证券连续三个交易日内收盘价格涨幅偏离值累计达到20%的证券
20240814,603458.SH,国金证券股份有限公司深圳湾一号证券营业部,4416386.0,,,,4416386.0,0,有价格涨跌幅限制的日收盘价格涨幅偏离值达到7%的前五只证券
20240814,603458.SH,华鑫证券有限责任公司上海光复路证券营业部,2999737.0,,,,2999737.0,0,有价格涨跌幅限制的日收盘价格涨幅偏离值达到7%的前五只证券
20240814,603458.SH,东方财富证券股份有限公司昌都两江大道证券营业部,2391506.0,,,,2391506.0,0,有价格涨跌幅限制的日收盘价格涨幅偏离值达到7%的前五只证券
20240814,603458.SH,中国银河证券股份有限公司宜昌新世纪证券营业部,2224300.0,,,,2224300.0,0,有价格涨跌幅限制的日收盘价格涨幅偏离值达到7%的前五只证券
20240814,603458.SH,国泰君安证券股份有限公司上海松江中山东路证券营业部,,,8627853.44,,-8627853.44,1,非ST、*ST和S证券连续三个交易日内收盘价格涨幅偏离值累计达到20%的证券
20240814,603458.SH,中信证券股份有限公司上海分公司,,,7166605.0,,-7166605.0,1,非ST、*ST和S证券连续三个交易日内收盘价格涨幅偏离值累计达到20%的证券
20240814,603458.SH,东方财富证券股份有限公司拉萨团结路第二证券营业部,,,5949698.0,,-5949698.0,1,非ST、*ST和S证券连续三个交易日内收盘价格涨幅偏离值累计达到20%的证券
20240814,603458.SH,高盛（中国）证券有限责任公司上海浦东新区世纪大道证券营业部,,,5771775.0,,-5771775.0,1,非ST、*ST和S证券连续三个交易日内收盘价格涨幅偏离值累计达到20%的证券
20240814,603458.SH,东方财富证券股份有限公司拉萨东环路第二证券营业部,,,5604967.3,,-5604967.3,1,非ST、*ST和S证券连续三个交易日内收盘价格涨幅偏离值累计达到20%的证券
20240814,603458.SH,财信证券股份有限公司杭州庆春路证券营业部,,,3585794.03,,-3585794.03,1,有价格涨跌幅限制的日收盘价格涨幅偏离值达到7%的前五只证券
20240814,603458.SH,高盛（中国）证券有限责任公司上海浦东新区世纪大道证券营业部,,,3122457.0,,-3122457.0,1,有价格涨跌幅限制的日收盘价格涨幅偏离值达到7%的前五只证券
20240814,603458.SH,广发证券股份有限公司贵阳延安中路证券营业部,,,3065737.35,,-3065737.35,1,有价格涨跌幅限制的日收盘价格涨幅偏离值达到7%的前五只证券
20240814,603458.SH,东方财富证券股份有限公司拉萨东环路第二证券营业部,,,3012699.3,,-3012699.3,1,有价格涨跌幅限制的日收盘价格涨幅偏离值达到7%的前五只证券
20240814,603458.SH,广发证券股份有限公司晋江崇德路证券营业部,,,2546440.0,,-2546440.0,1,有价格涨跌幅限制的日收盘价格涨幅偏离值达到7%的前五只证券
20240814,603679.SH,东方财富证券股份有限公司拉萨金融城南环路证券营业部,4027145.0,,,,4027145.0,0,有价格涨跌幅限制的日收盘价格跌幅偏离值达到7%的前五只证券
20240814,603679.SH,中国银河证券股份有限公司北京中关村大街证券营业部,3108170.0,,,,3108170.0,0,有价格涨跌幅限制的日收盘价格跌幅偏离值达到7%的前五只证券
20240814,603679.SH,中银国际证券股份有限公司合肥滨湖新区证券营业部,2687126.0,,,,2687126.0,0,有价格涨跌幅限制的日收盘价格跌幅偏离值达到7%的前五只证券
20240814,603679.SH,东方财富证券股份有限公司拉萨东环路第二证券营业部,2451376.0,,,,2451376.0,0,有价格涨跌幅限制的日收盘价格跌幅偏离值达到7%的前五只证券
20240814,603679.SH,东方财富证券股份有限公司拉萨团结路第二证券营业部,2321868.0,,,,2321868.0,0,有价格涨跌幅限制的日收盘价格跌幅偏离值达到7%的前五只证券
20240814,603679.SH,华鑫证券有限责任公司杭州分公司,,,12361658.0,,-12361658.0,1,有价格涨跌幅限制的日收盘价格跌幅偏离值达到7%的前五只证券
20240814,603679.SH,华泰证券股份有限公司苏州何山路证券营业部,,,4899690.0,,-4899690.0,1,有价格涨跌幅限制的日收盘价格跌幅偏离值达到7%的前五只证券
20240814,603679.SH,中信证券股份有限公司宜昌西陵一路证券营业部,,,4002610.0,,-4002610.0,1,有价格涨跌幅限制的日收盘价格跌幅偏离值达到7%的前五只证券
20240814,603679.SH,高盛（中国）证券有限责任公司上海浦东新区世纪大道证券营业部,,,3946585.0,,-3946585.0,1,有价格涨跌幅限制的日收盘价格跌幅偏离值达到7%的前五只证券
20240814,603679.SH,中信证券股份有限公司上海分公司,,,3915976.0,,-3915976.0,1,有价格涨跌幅限制的日收盘价格跌幅偏离值达到7%的前五只证券
20240814,603687.SH,国金证券股份有限公司宁波中兴路证券营业部,5910300.0,,,,5910300.0,0,有价格涨跌幅限制的日收盘价格跌幅偏离值达到7%的前五只证券
20240814,603687.SH,沪股通专用,2108545.0,,,,2108545.0,0,有价格涨跌幅限制的日收盘价格跌幅偏离值达到7%的前五只证券
20240814,603687.SH,中信证券股份有限公司杭州金城路证券营业部,1845924.0,,,,1845924.0,0,有价格涨跌幅限制的日收盘价格跌幅偏离值达到7%的前五只证券
20240814,603687.SH,华福证券有限责任公司厦门湖滨南路证券营业部,1635780.0,,,,1635780.0,0,有价格涨跌幅限制的日收盘价格跌幅偏离值达到7%的前五只证券
20240814,603687.SH,海通证券股份有限公司杭州市心北路证券营业部,1091317.0,,,,1091317.0,0,有价格涨跌幅限制的日收盘价格跌幅偏离值达到7%的前五只证券
20240814,603687.SH,平安证券股份有限公司浙江分公司,,,1579767.0,,-1579767.0,1,有价格涨跌幅限制的日收盘价格跌幅偏离值达到7%的前五只证券
20240814,603687.SH,华安证券股份有限公司洛阳周山路证券营业部,,,1171314.0,,-1171314.0,1,有价格涨跌幅限制的日收盘价格跌幅偏离值达到7%的前五只证券
20240814,603687.SH,中国中金财富证券有限公司深圳爱国路证券营业部,,,1155374.1,,-1155374.1,1,有价格涨跌幅限制的日收盘价格跌幅偏离值达到7%的前五只证券
20240814,603687.SH,上海证券有限责任公司温州月乐西街证券营业部,,,1015122.0,,-1015122.0,1,有价格涨跌幅限制的日收盘价格跌幅偏离值达到7%的前五只证券
20240814,603687.SH,东北证券股份有限公司江阴滨江东路证券营业部,,,896097.0,,-896097.0,1,有价格涨跌幅限制的日收盘价格跌幅偏离值达到7%的前五只证券
20240814,688426.SH,中信建投证券股份有限公司深圳深南中路中核大厦证券营业部,2350000.0,,,,2350000.0,0,有价格涨跌幅限制的日收盘价格跌幅达到15%的前五只证券
20240814,688426.SH,中信建投证券股份有限公司杭州庆春路证券营业部,2057700.0,,,,2057700.0,0,有价格涨跌幅限制的日收盘价格跌幅达到15%的前五只证券
20240814,688426.SH,中信证券股份有限公司上海分公司,2026700.0,,,,2026700.0,0,有价格涨跌幅限制的日收盘价格跌幅达到15%的前五只证券
20240814,688426.SH,中国银河证券股份有限公司北京安贞门证券营业部,1983700.0,,,,1983700.0,0,有价格涨跌幅限制的日收盘价格跌幅达到15%的前五只证券
20240814,688426.SH,申万宏源证券有限公司靖江人民中路证券营业部,1749800.0,,,,1749800.0,0,有价格涨跌幅限制的日收盘价格跌幅达到15%的前五只证券
20240814,688426.SH,招商证券股份有限公司深圳龙岗龙城大道证券营业部,,,8338200.0,,-8338200.0,1,有价格涨跌幅限制的日收盘价格跌幅达到15%的前五只证券
20240814,688426.SH,中信建投证券股份有限公司深圳深南中路中核大厦证券营业部,,,6985700.0,,-6985700.0,1,有价格涨跌幅限制的日收盘价格跌幅达到15%的前五只证券
20240814,688426.SH,海通证券股份有限公司上海共和新路证券营业部,,,5499300.0,,-5499300.0,1,有价格涨跌幅限制的日收盘价格跌幅达到15%的前五只证券
20240814,688426.SH,招商证券股份有限公司深圳南山南油大道证券营业部,,,4304500.0,,-4304500.0,1,有价格涨跌幅限制的日收盘价格跌幅达到15%的前五只证券
20240814,688426.SH,中国银河证券股份有限公司深圳南山海岸城证券营业部,,,2474300.0,,-2474300.0,1,有价格涨跌幅限制的日收盘价格跌幅达到15%的前五只证券
20240814,920802.BJ,招商证券股份有限公司深圳龙岗龙岗大道证券营业部,2230824.35,5.26,0.0,0.0,2230824.35,0,当日换手率达到20%的前5只股票
20240814,920802.BJ,中信建投证券股份有限公司广州珠江新城证券营业部,1892778.33,4.47,504708.04,1.19,1388070.29,0,当日换手率达到20%的前5只股票
20240814,920802.BJ,国信证券股份有限公司深圳互联网分公司,1830455.93,4.32,1636428.8,3.86,194027.13,0,当日换手率达到20%的前5只股票
20240814,920802.BJ,国信证券股份有限公司北京分公司,1278906.78,3.02,339573.74,0.8,939333.04,0,当日换手率达到20%的前5只股票
20240814,920802.BJ,财通证券股份有限公司台州黄岩天长南路证券营业部,876069.26,2.07,0.0,0.0,876069.26,0,当日换手率达到20%的前5只股票
20240814,920802.BJ,平安证券股份有限公司深圳金田路证券营业部,0.0,0.0,2394752.11,5.65,-2394752.11,1,当日换手率达到20%的前5只股票
20240814,920802.BJ,国信证券股份有限公司深圳互联网分公司,1830455.93,4.32,1636428.8,3.86,194027.13,1,当日换手率达到20%的前5只股票
20240814,920802.BJ,东方财富证券股份有限公司拉萨团结路第二证券营业部,499224.4,1.18,964478.25,2.28,-465253.85,1,当日换手率达到20%的前5只股票
20240814,920802.BJ,东方财富证券股份有限公司拉萨东环路第二证券营业部,577570.88,1.36,873253.04,2.06,-295682.16,1,当日换手率达到20%的前5只股票
20240814,920802.BJ,东方财富证券股份有限公司昌都两江大道证券营业部,439989.69,1.04,863596.06,2.04,-423606.37,1,当日换手率达到20%的前5只股票
20240814,920130.BJ,东方财富证券股份有限公司拉萨东环路第一证券营业部,2068110.97,2.72,993963.79,1.31,1074147.18,0,当日换手率达到20%的前5只股票
20240814,920130.BJ,国金证券股份有限公司重庆江北嘴证券营业部,1789241.3,2.36,495594.71,0.65,1293646.59,0,当日换手率达到20%的前5只股票
20240814,920130.BJ,东方财富证券股份有限公司拉萨金融城南环路证券营业部,1693708.33,2.23,886760.71,1.17,806947.62,0,当日换手率达到20%的前5只股票
20240814,920130.BJ,华泰证券股份有限公司北京雍和宫证券营业部,1681285.93,2.21,1464998.69,1.93,216287.24,0,当日换手率达到20%的前5只股票
20240814,920130.BJ,东方财富证券股份有限公司拉萨团结路第二证券营业部,1369985.9,1.8,1088849.1,1.43,281136.8,0,当日换手率达到20%的前5只股票
20240814,920130.BJ,东方财富证券股份有限公司拉萨团结路第一证券营业部,1064878.92,1.4,1788015.62,2.35,-723136.7,1,当日换手率达到20%的前5只股票
20240814,920130.BJ,华泰证券股份有限公司北京雍和宫证券营业部,1681285.93,2.21,1464998.69,1.93,216287.24,1,当日换手率达到20%的前5只股票
20240814,920130.BJ,中国银河证券股份有限公司金华证券营业部,29354.1,0.04,1096449.23,1.44,-1067095.13,1,当日换手率达到20%的前5只股票
20240814,920130.BJ,平安证券股份有限公司河南分公司,267663.65,0.35,1094343.08,1.44,-826679.43,1,当日换手率达到20%的前5只股票
20240814,920130.BJ,东方财富证券股份有限公司拉萨团结路第二证券营业部,1369985.9,1.8,1088849.1,1.43,281136.8,1,当日换手率达到20%的前5只股票
20240814,920367.BJ,国信证券股份有限公司深圳互联网分公司,1849583.57,2.61,1814119.14,2.56,35464.43,0,当日换手率达到20%的前5只股票
20240814,920367.BJ,东方财富证券股份有限公司拉萨团结路第二证券营业部,1489362.79,2.1,1415207.6,2.0,74155.19,0,当日换手率达到20%的前5只股票
20240814,920367.BJ,东方财富证券股份有限公司拉萨东环路第二证券营业部,1348163.58,1.9,470014.89,0.66,878148.69,0,当日换手率达到20%的前5只股票
20240814,920367.BJ,国泰君安证券股份有限公司广西南宁民族大道营业部,1269483.7,1.79,0.0,0.0,1269483.7,0,当日换手率达到20%的前5只股票
20240814,920367.BJ,长城证券股份有限公司前海分公司,1252434.18,1.77,476212.52,0.67,776221.66,0,当日换手率达到20%的前5只股票
20240814,920367.BJ,中信建投证券股份有限公司广州珠江新城证券营业部,215509.49,0.3,4736118.25,6.69,-4520608.76,1,当日换手率达到20%的前5只股票
20240814,920367.BJ,国信证券股份有限公司北京分公司,224888.26,0.32,2400268.77,3.39,-2175380.51,1,当日换手率达到20%的前5只股票
20240814,920367.BJ,国信证券股份有限公司深圳互联网分公司,1849583.57,2.61,1814119.14,2.56,35464.43,1,当日换手率达到20%的前5只股票
20240814,920367.BJ,东方财富证券股份有限公司拉萨东城区江苏大道证券营业部,462529.02,0.65,1738325.3,2.46,-1275796.28,1,当日换手率达到20%的前5只股票
20240814,920367.BJ,东方财富证券股份有限公司拉萨团结路第一证券营业部,293943.77,0.42,1733577.59,2.45,-1439633.82,1,当日换手率达到20%的前5只股票
20240814,900957.SH,海通证券股份有限公司杭州富春路证券营业部,100712.2,,,,100712.2,0,有价格涨跌幅限制的日收盘价格涨幅偏离值达到7%的前五只证券
20240814,900957.SH,中国中金财富证券有限公司无锡分公司,62695.7,,,,62695.7,0,有价格涨跌幅限制的日收盘价格涨幅偏离值达到7%的前五只证券
20240814,900957.SH,申万宏源证券有限公司上海松江区人民北路证券营业部,51760.3,,,,51760.3,0,有价格涨跌幅限制的日收盘价格涨幅偏离值达到7%的前五只证券
20240814,900957.SH,国元证券股份有限公司上海斜土路证券营业部,31689.0,,,,31689.0,0,有价格涨跌幅限制的日收盘价格涨幅偏离值达到7%的前五只证券
20240814,900957.SH,海通证券股份有限公司嵊州高杨路证券营业部,26241.9,,,,26241.9,0,有价格涨跌幅限制的日收盘价格涨幅偏离值达到7%的前五只证券
20240814,900957.SH,中国中金财富证券有限公司洛阳天津路证券营业部,,,26027.7,,-26027.7,1,有价格涨跌幅限制的日收盘价格涨幅偏离值达到7%的前五只证券
20240814,900957.SH,国泰君安证券股份有限公司重庆中山三路证券营业部,,,25302.0,,-25302.0,1,有价格涨跌幅限制的日收盘价格涨幅偏离值达到7%的前五只证券
20240814,900957.SH,招商证券股份有限公司南京庐山路证券营业部,,,24745.3,,-24745.3,1,有价格涨跌幅限制的日收盘价格涨幅偏离值达到7%的前五只证券
20240814,900957.SH,申万宏源证券有限公司上海普陀区武宁路证券营业部,,,22863.8,,-22863.8,1,有价格涨跌幅限制的日收盘价格涨幅偏离值达到7%的前五只证券
20240814,900957.SH,中信证券（山东）有限责任公司淄博柳泉路证券营业部,,,22437.5,,-22437.5,1,有价格涨跌幅限制的日收盘价格涨幅偏离值达到7%的前五只证券
