ts_code,name,trade_date,open,high,low,close,pre_close,change,pct_chg,vol,amount
603109.SH,神驰机电,20261008,17.5,17.65,17.23,17.27,17.37,-0.1,-0.5757,12607.0,21916.232
603109.SH,神驰机电,20260930,17.47,17.75,17.31,17.37,17.48,-0.11,-0.6293,13521.0,23593.97
603109.SH,神驰机电,20260929,17.45,17.68,17.41,17.48,17.49,-0.01,-0.0572,13496.0,23713.085
603109.SH,神驰机电,20260928,17.66,17.99,17.3,17.49,17.72,-0.23,-1.298,18095.8,31636.512
603109.SH,神驰机电,20260924,17.36,17.8,17.36,17.72,17.45,0.27,1.5473,21076.4,37210.958
603109.SH,神驰机电,20260923,17.22,17.59,17.22,17.45,17.31,0.14,0.8088,15009.0,26183.219
603109.SH,神驰机电,20260922,17.24,17.62,17.24,17.31,17.33,-0.02,-0.1154,13774.25,23917.709
603109.SH,神驰机电,20260921,17.15,17.49,17.11,17.33,17.2,0.13,0.7558,21026.0,36507.839
603109.SH,神驰机电,20260918,16.93,17.34,16.86,17.2,16.95,0.25,1.4749,32321.0,55460.411
603109.SH,神驰机电,20260917,16.55,17.65,16.42,16.95,16.4,0.55,3.3537,37866.39,63818.18
603109.SH,神驰机电,20260916,16.39,16.44,16.11,16.4,16.38,0.02,0.1221,9651.0,15766.258
603109.SH,神驰机电,20260915,16.6,16.67,16.37,16.38,16.73,-0.35,-2.0921,9149.2,15089.435
603109.SH,神驰机电,20260914,16.39,16.78,16.36,16.73,16.5,0.23,1.3939,15065.0,25076.397
603109.SH,神驰机电,20260911,16.96,16.98,16.46,16.5,17.01,-0.51,-2.9982,11745.0,19493.746
603109.SH,神驰机电,20260910,17.37,17.37,17.01,17.01,17.37,-0.36,-2.0725,10970.0,18755.744
603109.SH,神驰机电,20260909,17.48,17.54,17.18,17.37,17.47,-0.1,-0.5724,8152.0,14129.738
603109.SH,神驰机电,20260908,17.3,17.5,17.25,17.47,17.38,0.09,0.5178,10430.95,18155.793
603109.SH,神驰机电,20260907,17.27,17.56,17.27,17.38,17.37,0.01,0.0576,8881.08,15479.905
603109.SH,神驰机电,20260904,17.39,17.65,17.29,17.37,17.39,-0.02,-0.115,13289.28,23192.764
603109.SH,神驰机电,20260903,17.5,17.77,17.32,17.39,17.5,-0.11,-0.6286,12555.0,21977.471
603109.SH,神驰机电,20260902,17.21,17.6,17.21,17.5,17.4,0.1,0.5747,17449.0,30405.403
603109.SH,神驰机电,20260901,17.8,17.96,17.38,17.4,17.7,-0.3,-1.6949,33088.0,58397.129
603109.SH,神驰机电,20260831,17.56,17.73,17.51,17.7,17.58,0.12,0.6826,10517.0,18544.051
603109.SH,神驰机电,20260828,17.62,17.74,17.53,17.58,17.63,-0.05,-0.2836,9708.0,17118.054
603109.SH,神驰机电,20260827,17.64,17.78,17.42,17.63,17.62,0.01,0.0568,14276.04,25144.167
603109.SH,神驰机电,20260826,17.99,18.0,17.54,17.62,17.85,-0.23,-1.2885,17976.6,31828.888
603109.SH,神驰机电,20260825,17.64,17.93,17.4,17.85,17.64,0.21,1.1905,22016.77,39062.804
603109.SH,神驰机电,20260824,17.54,17.94,17.39,17.64,17.53,0.11,0.6275,19336.44,34150.583
603109.SH,神驰机电,20260821,17.37,17.57,17.1,17.53,17.4,0.13,0.7471,12656.33,22021.747
603109.SH,神驰机电,20260820,17.34,17.74,17.3,17.4,17.4,0.0,0.0,15628.8,27296.917
603109.SH,神驰机电,20260819,17.8,17.8,17.08,17.4,17.65,-0.25,-1.4164,19977.0,34609.099
603109.SH,神驰机电,20260818,17.78,17.8,17.4,17.65,17.72,-0.07,-0.395,14565.39,25632.264
603109.SH,神驰机电,20260817,17.55,17.87,17.41,17.72,17.55,0.17,0.9687,10734.4,18999.898
603109.SH,神驰机电,20260814,17.44,17.65,17.32,17.55,17.44,0.11,0.6307,15746.0,27575.306
603109.SH,神驰机电,20260813,17.6,17.69,17.44,17.44,17.63,-0.19,-1.0777,13664.8,23933.452
603109.SH,神驰机电,20260812,17.8,17.8,17.46,17.63,17.52,0.11,0.6279,13149.4,23163.514
603109.SH,神驰机电,20260811,17.3,17.63,17.21,17.52,17.37,0.15,0.8636,19472.59,33993.643
603109.SH,神驰机电,20260810,17.01,17.44,16.85,17.37,17.03,0.34,1.9965,18215.0,31415.841
603109.SH,神驰机电,20260807,16.95,17.16,16.6,17.03,16.97,0.06,0.3536,20543.0,34805.074
603109.SH,神驰机电,20260806,17.07,17.24,16.72,16.97,17.12,-0.15,-0.8762,14174.8,24026.783
603109.SH,神驰机电,20260805,17.1,17.44,16.92,17.12,17.0,0.12,0.7059,23744.4,40599.99
603109.SH,神驰机电,20260804,17.18,17.26,16.93,17.0,17.15,-0.15,-0.8746,16482.8,28135.395
603109.SH,神驰机电,20260803,16.7,17.23,16.7,17.15,16.7,0.45,2.6946,19425.0,33153.858
603109.SH,神驰机电,20260731,16.5,16.8,16.49,16.7,16.49,0.21,1.2735,18964.0,31633.317
603109.SH,神驰机电,20260730,16.26,16.75,16.26,16.49,16.55,-0.06,-0.3625,13758.0,22749.154
603109.SH,神驰机电,20260729,16.12,16.64,16.12,16.55,16.11,0.44,2.7312,18167.0,29948.603
603109.SH,神驰机电,20260728,15.92,16.34,15.9,16.11,16.05,0.06,0.3738,12576.0,20327.967
603109.SH,神驰机电,20260727,15.45,16.07,15.45,16.05,15.65,0.4,2.5559,13300.0,21198.6
603109.SH,神驰机电,20260724,15.86,16.17,15.5,15.65,15.92,-0.27,-1.696,20467.0,32322.083
603109.SH,神驰机电,20260723,15.51,15.95,15.45,15.92,15.57,0.35,2.2479,13993.2,22022.069
603109.SH,神驰机电,20260722,15.96,16.18,15.52,15.57,16.05,-0.48,-2.9907,18437.0,28995.438
603109.SH,神驰机电,20260721,16.01,16.23,15.45,16.05,16.22,-0.17,-1.0481,34123.0,54126.829
603109.SH,神驰机电,20260720,17.1,17.1,16.0,16.22,17.1,-0.88,-5.1462,33566.52,55641.881
603109.SH,神驰机电,20260717,17.01,17.53,16.59,17.1,17.01,0.09,0.5291,38796.52,66261.877
603109.SH,神驰机电,20260716,16.45,17.5,16.4,17.01,16.56,0.45,2.7174,30916.4,52821.81
603109.SH,神驰机电,20260715,16.34,16.72,16.34,16.56,16.43,0.13,0.7912,17095.4,28280.157
603109.SH,神驰机电,20260714,16.35,16.45,15.8,16.43,16.09,0.34,2.1131,17382.0,28158.754
603109.SH,神驰机电,20260713,16.5,16.59,16.03,16.09,16.6,-0.51,-3.0723,22362.0,36303.672
603109.SH,神驰机电,20260710,16.28,16.92,16.19,16.6,16.29,0.31,1.903,20365.0,33820.955
603109.SH,神驰机电,20260709,16.53,16.53,15.89,16.29,16.41,-0.12,-0.7313,20774.0,33664.034
603109.SH,神驰机电,20260708,16.75,16.83,16.4,16.41,16.78,-0.37,-2.205,15320.59,25386.578
603109.SH,神驰机电,20260707,17.45,17.56,16.76,16.78,17.47,-0.69,-3.9496,22836.0,38966.128
603109.SH,神驰机电,20260706,17.44,17.84,17.3,17.47,17.59,-0.12,-0.6822,23843.4,41951.19
603109.SH,神驰机电,20260703,16.7,17.76,16.7,17.59,16.68,0.91,5.4556,37909.0,66058.343
603109.SH,神驰机电,20260702,16.7,17.1,16.44,16.68,16.53,0.15,0.9074,22721.0,38117.986
603109.SH,神驰机电,20260701,16.1,16.64,15.98,16.53,16.1,0.43,2.6708,26190.0,42849.64
603109.SH,神驰机电,20260630,16.0,16.34,15.95,16.1,16.13,-0.03,-0.186,16953.59,27341.817
603109.SH,神驰机电,20260629,16.5,16.57,15.86,16.13,16.5,-0.37,-2.2424,25098.59,40488.998
603109.SH,神驰机电,20260626,16.9,16.99,16.44,16.5,17.08,-0.58,-3.3958,19632.59,32635.946
603109.SH,神驰机电,20260625,17.35,17.7,16.85,17.08,17.38,-0.3,-1.7261,27714.0,47761.831
603109.SH,神驰机电,20260624,17.78,17.88,17.22,17.38,17.78,-0.4,-2.2497,16160.0,28153.847
603109.SH,神驰机电,20260623,18.02,18.14,17.64,17.78,17.96,-0.18,-1.0022,22033.6,39453.69
603109.SH,神驰机电,20260622,17.51,18.4,16.9,17.96,17.52,0.44,2.5114,36462.2,63930.553
603109.SH,神驰机电,20260618,17.71,17.79,17.45,17.52,17.64,-0.12,-0.6803,17932.0,31528.652
603109.SH,神驰机电,20260617,18.35,18.36,17.58,17.64,18.36,-0.72,-3.9216,31222.0,55569.245
603109.SH,神驰机电,20260616,18.6,18.61,18.16,18.36,18.57,-0.21,-1.1309,19978.4,36706.644
603109.SH,神驰机电,20260615,18.5,18.78,18.31,18.57,18.43,0.14,0.7596,19106.0,35399.573
603109.SH,神驰机电,20260612,18.6,19.0,18.31,18.43,18.37,0.06,0.3266,25410.75,47356.227
603109.SH,XD神驰机,20260611,19.3,19.33,18.31,18.37,19.44,-1.07,-5.5041,27001.0,50435.665
603109.SH,神驰机电,20260610,19.66,20.09,19.35,19.69,19.8,-0.11,-0.5556,24693.0,48596.135
603109.SH,神驰机电,20260609,20.46,20.56,19.4,19.8,19.96,-0.16,-0.8016,33462.28,66535.338
603109.SH,神驰机电,20260608,20.81,21.23,19.9,19.96,21.45,-1.49,-6.9464,43161.0,88378.6
603109.SH,神驰机电,20260605,21.5,22.0,20.69,21.45,21.86,-0.41,-1.8756,49071.0,104734.52
603109.SH,神驰机电,20260604,22.08,22.3,20.86,21.86,21.23,0.63,2.9675,93168.3,203286.008
603109.SH,神驰机电,20260603,19.33,21.23,18.96,21.23,19.3,1.93,10.0,55735.0,113380.009
603109.SH,神驰机电,20260602,19.5,19.57,18.94,19.3,19.48,-0.18,-0.924,19538.8,37571.476
603109.SH,神驰机电,20260601,19.16,19.62,18.91,19.48,19.16,0.32,1.6701,17014.77,33068.72
603109.SH,神驰机电,20260529,19.6,19.68,19.0,19.16,19.58,-0.42,-2.145,23362.0,44984.871
603109.SH,神驰机电,20260528,19.37,19.82,19.05,19.58,19.37,0.21,1.0842,27015.6,52530.456
603109.SH,神驰机电,20260527,20.2,20.37,19.3,19.37,20.3,-0.93,-4.5813,27667.4,54377.199
603109.SH,神驰机电,20260526,20.99,21.0,20.03,20.3,20.98,-0.68,-3.2412,22686.8,46311.527
603109.SH,神驰机电,20260525,21.21,21.29,20.82,20.98,21.12,-0.14,-0.6629,16090.17,33799.012
603109.SH,神驰机电,20260522,20.8,21.25,20.61,21.12,20.89,0.23,1.101,17084.8,35878.539
603109.SH,神驰机电,20260521,21.48,21.84,20.82,20.89,21.57,-0.68,-3.1525,22576.0,48248.858
603109.SH,神驰机电,20260520,21.83,21.83,21.21,21.57,21.91,-0.34,-1.5518,22636.4,48610.127
603109.SH,神驰机电,20260519,21.98,22.08,21.58,21.91,21.71,0.2,0.9212,18004.23,39232.228
603109.SH,神驰机电,20260518,21.97,21.97,21.55,21.71,22.17,-0.46,-2.0749,23055.0,50047.57
603109.SH,神驰机电,20260515,21.79,22.52,21.65,22.17,21.79,0.38,1.7439,33415.4,74056.035
603109.SH,神驰机电,20260514,22.5,22.53,21.72,21.79,22.42,-0.63,-2.81,28549.2,62646.889
603109.SH,神驰机电,20260513,22.03,22.74,22.01,22.42,22.23,0.19,0.8547,21588.4,48431.784
603109.SH,神驰机电,20260512,23.0,23.08,22.18,22.23,22.77,-0.54,-2.3715,32500.4,73062.384
603109.SH,神驰机电,20260511,23.23,23.28,22.54,22.77,23.09,-0.32,-1.3859,34851.88,79229.244
603109.SH,神驰机电,20260508,22.7,23.14,22.7,23.09,22.9,0.19,0.8297,35658.0,81930.079
603109.SH,神驰机电,20260507,22.58,23.12,22.44,22.9,22.58,0.32,1.4172,34760.4,79302.517
603109.SH,神驰机电,20260506,22.43,22.8,22.21,22.58,22.4,0.18,0.8036,38779.0,87228.767
603109.SH,神驰机电,20260430,22.43,23.05,22.31,22.4,22.32,0.08,0.3584,44027.52,99470.412
603109.SH,神驰机电,20260429,21.99,23.0,21.81,22.32,22.48,-0.16,-0.7117,61990.08,139313.092
603109.SH,神驰机电,20260428,24.48,24.56,22.48,22.48,24.98,-2.5,-10.008,96243.91,222469.892
603109.SH,神驰机电,20260427,23.88,26.2,23.88,24.98,23.82,1.16,4.8699,173543.28,443205.462
603109.SH,神驰机电,20260424,23.71,23.98,23.36,23.82,23.79,0.03,0.1261,27630.58,65268.542
603109.SH,神驰机电,20260423,24.54,24.68,23.78,23.79,24.53,-0.74,-3.0167,36473.18,87710.374
603109.SH,神驰机电,20260422,24.32,24.55,24.25,24.53,24.64,-0.11,-0.4464,31730.0,77413.159
603109.SH,神驰机电,20260421,25.08,25.18,24.52,24.64,24.75,-0.11,-0.4444,55757.78,138338.862
603109.SH,神驰机电,20260420,24.28,24.92,23.8,24.75,24.18,0.57,2.3573,69278.97,170297.62
603109.SH,神驰机电,20260417,23.79,24.37,23.06,24.18,23.29,0.89,3.8214,77495.04,184294.588
603109.SH,神驰机电,20260416,23.32,23.32,22.83,23.29,23.1,0.19,0.8225,33546.52,77703.787
603109.SH,神驰机电,20260415,23.66,23.68,22.9,23.1,23.43,-0.33,-1.4085,69481.0,161490.963
603109.SH,神驰机电,20260414,21.47,23.43,21.15,23.43,21.3,2.13,10.0,88183.56,196462.205
603109.SH,神驰机电,20260413,21.45,21.76,21.21,21.3,21.39,-0.09,-0.4208,17901.0,38316.951
603109.SH,神驰机电,20260410,20.86,21.55,20.86,21.39,20.86,0.53,2.5407,31349.4,66869.382
603109.SH,神驰机电,20260409,21.08,21.1,20.75,20.86,21.22,-0.36,-1.6965,20654.0,43127.259
603109.SH,神驰机电,20260408,20.98,21.34,20.81,21.22,20.66,0.56,2.7106,32933.4,69458.329
603109.SH,神驰机电,20260407,20.4,20.69,20.05,20.66,20.4,0.26,1.2745,19407.8,39580.62
603109.SH,神驰机电,20260403,20.9,20.91,20.0,20.4,20.7,-0.3,-1.4493,29053.8,59216.282
603109.SH,神驰机电,20260402,21.27,21.27,20.69,20.7,21.3,-0.6,-2.8169,26846.4,56080.143
603109.SH,神驰机电,20260401,21.5,21.58,21.22,21.3,21.3,0.0,0.0,31280.3,66787.427
603109.SH,神驰机电,20260331,21.0,21.88,21.0,21.3,23.1,-1.8,-7.7922,59503.52,126842.783
603109.SH,神驰机电,20260330,22.75,23.16,22.61,23.1,23.0,0.1,0.4348,14347.35,32870.37
603109.SH,神驰机电,20260327,22.7,23.07,22.53,23.0,22.82,0.18,0.7888,15216.96,34792.58
603109.SH,神驰机电,20260326,23.19,23.43,22.78,22.82,23.29,-0.47,-2.018,17514.4,40287.158
603109.SH,神驰机电,20260325,22.66,23.35,22.66,23.29,22.62,0.67,2.962,22171.2,51250.698
603109.SH,神驰机电,20260324,22.81,22.81,22.04,22.62,21.96,0.66,3.0055,22749.0,50941.477
603109.SH,神驰机电,20260323,22.66,23.05,21.86,21.96,23.02,-1.06,-4.6047,25049.48,56287.115
603109.SH,神驰机电,20260320,23.68,23.82,23.02,23.02,23.67,-0.65,-2.7461,16692.9,38912.414
603109.SH,神驰机电,20260319,24.13,24.35,23.55,23.67,24.5,-0.83,-3.3878,18626.08,44425.407
603109.SH,神驰机电,20260318,24.44,24.57,24.11,24.5,24.28,0.22,0.9061,11568.87,28115.515
603109.SH,神驰机电,20260317,24.95,24.96,24.26,24.28,24.77,-0.49,-1.9782,17097.0,41986.823
603109.SH,神驰机电,20260316,24.83,24.84,24.58,24.77,24.85,-0.08,-0.3219,13413.8,33112.604
603109.SH,神驰机电,20260313,25.25,25.35,24.84,24.85,25.43,-0.58,-2.2808,19752.0,49537.145
603109.SH,神驰机电,20260312,25.97,25.98,25.25,25.43,25.71,-0.28,-1.0891,17034.6,43447.718
603109.SH,神驰机电,20260311,25.71,26.0,25.55,25.71,25.66,0.05,0.1949,18936.0,48776.226
603109.SH,神驰机电,20260310,25.52,25.85,25.43,25.66,25.3,0.36,1.4229,17375.0,44635.761
603109.SH,神驰机电,20260309,25.46,25.47,24.92,25.3,25.96,-0.66,-2.5424,24258.12,61109.001
603109.SH,神驰机电,20260306,25.1,26.3,24.92,25.96,24.92,1.04,4.1734,37396.1,96549.548
603109.SH,神驰机电,20260305,24.97,25.1,24.8,24.92,24.62,0.3,1.2185,15969.8,39895.217
603109.SH,神驰机电,20260304,24.66,25.07,24.51,24.62,24.91,-0.29,-1.1642,21639.1,53472.631
603109.SH,神驰机电,20260303,26.06,26.46,24.91,24.91,26.2,-1.29,-4.9237,34200.2,87401.07
603109.SH,神驰机电,20260302,26.6,26.79,26.11,26.2,26.87,-0.67,-2.4935,34970.0,92101.93
603109.SH,神驰机电,20260227,26.49,27.09,26.49,26.87,26.58,0.29,1.091,25007.6,66862.727
603109.SH,神驰机电,20260226,26.73,26.75,26.34,26.58,26.68,-0.1,-0.3748,23185.7,61384.871
603109.SH,神驰机电,20260225,26.85,26.87,26.63,26.68,26.9,-0.22,-0.8178,26193.5,70057.072
603109.SH,神驰机电,20260224,26.7,27.08,26.5,26.9,26.63,0.27,1.0139,24471.2,65588.885
603109.SH,神驰机电,20260213,26.82,27.06,26.6,26.63,27.01,-0.38,-1.4069,26961.1,72250.021
603109.SH,神驰机电,20260212,25.98,27.62,25.86,27.01,25.98,1.03,3.9646,62447.83,168426.986
603109.SH,神驰机电,20260211,26.16,26.18,25.97,25.98,26.22,-0.24,-0.9153,13044.0,34000.374
603109.SH,神驰机电,20260210,25.98,26.22,25.88,26.22,25.98,0.24,0.9238,16986.0,44349.065
603109.SH,神驰机电,20260209,25.85,25.98,25.75,25.98,25.61,0.37,1.4447,14391.98,37278.67
603109.SH,神驰机电,20260206,25.55,25.9,25.45,25.61,25.63,-0.02,-0.078,14825.2,38103.776
603109.SH,神驰机电,20260205,26.0,26.0,25.62,25.63,26.13,-0.5,-1.9135,16246.0,41811.416
603109.SH,神驰机电,20260204,25.98,26.31,25.85,26.13,26.05,0.08,0.3071,18742.0,48882.631
603109.SH,神驰机电,20260203,25.65,26.12,25.59,26.05,25.62,0.43,1.6784,19614.5,50700.423
603109.SH,神驰机电,20260202,26.21,26.36,25.6,25.62,26.24,-0.62,-2.3628,22183.65,57566.904
603109.SH,神驰机电,20260130,26.0,26.31,25.71,26.24,26.13,0.11,0.421,23526.88,61312.943
603109.SH,神驰机电,20260129,26.6,26.68,26.1,26.13,26.63,-0.5,-1.8776,31288.48,82461.113
603109.SH,神驰机电,20260128,26.9,26.94,26.37,26.63,27.05,-0.42,-1.5527,32923.0,87623.285
603109.SH,神驰机电,20260127,27.3,27.37,26.34,27.05,27.42,-0.37,-1.3494,36547.2,97862.408
603109.SH,神驰机电,20260126,28.11,28.29,27.13,27.42,28.1,-0.68,-2.4199,47245.96,130535.009
603109.SH,神驰机电,20260123,28.59,28.62,27.92,28.1,28.44,-0.34,-1.1955,51716.4,145349.955
603109.SH,神驰机电,20260122,28.04,28.52,27.71,28.44,28.07,0.37,1.3181,60064.65,169338.803
603109.SH,神驰机电,20260121,27.05,28.83,27.05,28.07,27.0,1.07,3.963,87219.6,243788.798
603109.SH,神驰机电,20260120,27.52,27.68,26.86,27.0,27.52,-0.52,-1.8895,31961.4,86649.697
603109.SH,神驰机电,20260119,27.44,27.54,27.2,27.52,27.38,0.14,0.5113,32344.52,88690.071
603109.SH,神驰机电,20260116,26.98,27.55,26.96,27.38,26.96,0.42,1.5579,38995.0,106448.868
603109.SH,神驰机电,20260115,26.8,27.29,26.71,26.96,27.08,-0.12,-0.4431,31519.0,85040.972
603109.SH,神驰机电,20260114,27.4,27.72,26.8,27.08,27.51,-0.43,-1.5631,58529.7,159915.185
603109.SH,神驰机电,20260113,28.09,28.15,27.4,27.51,27.93,-0.42,-1.5038,41925.0,116106.731
603109.SH,神驰机电,20260112,27.93,28.1,27.46,27.93,27.69,0.24,0.8667,62596.3,174106.445
603109.SH,神驰机电,20260109,26.75,28.01,26.75,27.69,26.65,1.04,3.9024,83664.2,231729.04
603109.SH,神驰机电,20260108,26.5,26.93,26.4,26.65,26.49,0.16,0.604,32230.4,85862.07
603109.SH,神驰机电,20260107,26.92,26.97,26.36,26.49,26.9,-0.41,-1.5242,40002.2,106407.72
603109.SH,神驰机电,20260106,27.32,27.54,26.65,26.9,27.4,-0.5,-1.8248,59533.0,160302.52
603109.SH,神驰机电,20260105,25.76,27.87,25.6,27.4,25.79,1.61,6.2427,105419.54,286034.019
