name,desc,orgs
龙飞虎,龙飞虎(克拉美书)股灾期间曾为桃县精神领袖，留有颇多名言，可见人品股品。,"[""华泰证券南京六合雄州西路""]"
高送转专家,擅长在高送转个股进行波段操作,"[""财通证券常熟枫林路""]"
高毅邻山,"价投大神“茅台03\""，真名冯柳。自述曾有9年时间多达93%的年复利回报。眼光犀利独到，风格以中长线为主，碰上短线风口会主动配合炒作迅速推升股价。","[""国信证券深圳罗湖宝安北路""]"
骑牛,敢于追涨，锁仓，也敢于割肉。,"[""中国银河证券重庆民族路""]"
首板挖掘,善于发掘低位首板或跟风板，市场上活跃的挖掘资金，擅长在题材爆发后挖掘补涨机会，一旦出现高位分歧就会及时离场。,[]
飞云江路,知名游资，近来崛起的江浙资金席位，接力操作为主，尤擅点火操作，资金规模适中，但活跃力度较高。,[]
隐秀路,杭州隐秀路，60后，代表作南天信息，深桑达。隐秀路有人称其为散户收割机，也反映出不一样的手法操作，市场理解超于常人，信创概念股个人保守估计浮盈约1亿。操作手法一流，将极限做到极致，喜欢一家独大。,[]
陈小群,活跃于网络论坛的实力游资，擅长趋势龙头，分歧打板介入，理解力尤其优秀。,"[""中国银河证券大连金马路"", ""中国银河证券沈阳大北关街"", ""中国银河证券大连黄河路""]"
鑫多多,活跃于网络论坛的实力游资，擅长挖掘化工品涨价这类逻辑个股,"[""中泰证券烟台正阳路"", ""广发证券南京汉中路"", ""川财证券北京分公司"", ""中泰证券烟台南大街""]"
金田路,交易手法简单粗暴，追龙头，专做高位接力板，敢收敢割，在市场好的时候敢在高位连续加仓，遭遇行情不好的时候割的非常果断，毫不犹豫。,"[""中天证券深圳分公司"", ""光大证券深圳金田路"", ""申万宏源证券深圳金田路""]"
金开大道,,"[""方正证券重庆金开大道"", ""中信建投证券重庆涪陵""]"
量化抢筹,量化交易，尤其擅长分歧回暖日竞价最后时间扫货，有能力制造弱转强分时吸引市场资金流入,[]
量化打板,量化打板，绝大多数操作以首板二板为主，次日不能秒板开盘都会先兑现一半，上板纠错买回部分仓位，不能走强则直接清仓。,"[""华鑫证券上海金山"", ""华鑫证券湖州大线场路"", ""开源证券西安太华路"", ""东方证券常熟李闸路"", ""麦高证券北京第二分公司"", ""中泰证券江苏分公司"", ""中信证券上海徐汇区漕溪北路"", ""天风证券浙江分公司"", ""麦高证券成都丽都路"", ""华宝证券成都天府大道"", ""中泰证券北京大望路"", ""华鑫证券上海梅园路"", ""中泰证券常州惠国路"", ""华鑫证券南京清凉门大街"", ""中泰证券西安锦业路"", ""东方证券无锡梁清路"", ""开源证券西安曲江新区分公司"", ""华鑫证券成都交子大道"", ""华鑫证券上海分公司"", ""国新证券北京中关村大街"", ""开源证券西安西大街"", ""华鑫证券上海西藏中路"", ""国新证券长沙韶山路"", ""华鑫证券上海陆家嘴"", ""开源证券云南分公司""]"
量化基金,20年参与京粮控股首次携假机构入场，凭借机构席位溢价次日获得一字板，到现在量化基金已经是市场上非常活跃的一股力量，内部资金成分复杂，多家机构混杂在其中，但是整体策略同样是起到助涨助跌的作用，会频繁做T。,"[""中国国际金融上海分公司"", ""国泰海通证券总部"", ""中国国际金融上海黄浦区湖滨路"", ""中信证券深圳滨海大道"", ""摩根大通证券（中国）上海银城中路"", ""摩根大通证券(中国)上海银城中路"", ""瑞银证券上海浦东新区花园石桥路第二"", ""中国中金财富证券北京建国门外大街"", ""中信证券上海分公司"", ""西部证券上海世纪大道"", ""平安证券深圳分公司"", ""中国中金财富证券上海黄浦区湖滨路"", ""中国中金财富证券上海分公司"", ""瑞银证券上海花园石桥路"", ""中信证券北京安外大街"", ""高盛（中国）证券上海浦东新区世纪大道"", ""国泰君安证券总部"", ""高盛(中国)证券上海浦东新区世纪大道"", ""华泰证券总部"", ""中国中金财富证券北京宋庄路""]"
轮回666,活跃在社交论坛的实盘赛选手，常年保持较大仓位，以趋势交易为核心策略几，擅长波段持股。,"[""华泰证券沈阳青年大街""]"
越王大道,短线游资，擅长人气股、热门股，操作纪律性强，成功率高,"[""国泰海通证券河源越王大道""]"
赵老哥,以短线点火打板为主，擅长主线题材炒作，主抓龙头股。主要参与市场风口的龙头股接力板，激发市场资金持续接力。盘中操作手法主要以急速暴量扫货封板为主，利用资金优势万手大单排板。,"[""浙商证券湖州双子大厦"", ""华泰证券浙江分公司"", ""湘财证券上海陆家嘴"", ""银泰证券上海嘉善路"", ""浙商证券绍兴分公司"", ""中国银河证券北京阜成路""]"
西湖国贸,顶级价投型资金，顶级理解力，善于挖掘低位的趋势牛股，波段持股为主。,"[""财信证券杭州长生路""]"
西安西大街,敏锐的市场洞察力、快速反应能力,[]
葛卫东,葛卫东偏爱科技股，其次是医药股，基本以中、长线投资为主，买入股票后往往会持有几年时间直至股价起飞\r\n,"[""国泰君安证券上海分公司""]"
著名刺客,活跃于股吧、论坛的小游资，擅长龙头股锁仓。,"[""海通证券北京阜外大街""]"
落升(江南神鹰),落升(江南神鹰)03年的股评红遍网络05年底隐居隐居3年狂赚112倍他的故事网上有详细记载据观察其后自然人名罗申，取的是谐音，大熊市战绩斐然，令人惊叹，游资界早年网红派。,"[""光大证券金华宾虹路""]"
苏州帮,以做短线为主，常见高抛低吸，做T营业部。,"[""东吴证券常州通江中路"", ""东吴证券苏州西北街二部"", ""兴业证券上海金陵东路"", ""海通证券杭州市心北路"", ""广发证券苏州东吴北路"", ""华泰证券苏州人民路""]"
苏南帮,短庄游资，资金体量较大且人员众多，席位多为江苏本地席位联动操作，3/4板多为强顶一字板。,"[""国泰君安证券深圳登良路"", ""申万宏源证券南宁英华路"", ""东莞证券苏州聚茂街"", ""长江证券武汉友谊路"", ""南京证券张家港东环路"", ""华泰证券无锡金融一街"", ""华泰证券南京江宁天元东路"", ""长江证券南京中山东路"", ""上海证券黄浦区延安东路"", ""海通证券武汉光谷"", ""华泰证券镇江句容华阳北路"", ""华泰证券南京庐山路"", ""华泰证券南京中华路"", ""中国银河证券北京学院南路"", ""华泰证券南宁民族大道"", ""东海证券南京洪武北路"", ""上海证券南京胜太路""]"
花呗哥,实盘赛选手，喜欢满仓单票，只参与短线人气股，对个股逻辑要求很高,"[""中信建投证券南通青年中路""]"
红岭路,联同作战，喜欢运作的强势主力之一，往往在核心个股第一波爆量后吸筹进场，随后维护股价，等待时机启动二波。,"[""华泰证券深圳彩田路"", ""平安证券深圳蛇口招商路招商大厦""]"
紫阳东路,,"[""国泰海通证券武汉紫阳东路""]"
粉葛,擅长趋势热门股，打板交易,"[""东亚前海证券深圳分公司""]"
章盟主,江浙地区元老级顶级游资之一，90年代5万元入市。现在资金体量百亿，20年20万倍，操作霸气，尤好在权重大票上主升浪上重仓出击。,"[""方正证券杭州延安路"", ""国泰海通证券上海长宁区江苏路"", ""国泰海通证券上海浦东新区海阳西路"", ""国泰海通证券宁波广福街"", ""国泰海通证券上海徐汇区建国西路"", ""中信证券杭州富春路"", ""中信证券杭州延安路""]"
竞价抢筹,量化交易，尤其擅长分歧回暖日竞价最后时间扫货，有能力制造弱转强分时吸引市场资金流入,[]
秋千,主要模式：连板接力、次新、跌停翘板,"[""财通证券台州临海杜桥滨海西路""]"
真爱坤,,"[""国泰海通证券襄阳檀溪路""]"
益田路,顶级情绪资金，对价投亦有独到理解。益田路游资基本上多是以自买自卖的形式出现在龙虎榜上。,[]
申港广东分,"情绪周期先行者,实力彪悍执行力务必坚决","[""东吴证券苏州干将东路"", ""申港证券广东分公司""]"
瑞鹤仙,2011年入市，在当时的熊市中依然所向披靡，入市3年资金就从数十万达到上亿。以白衣骑士自居，操作风格独来独往。,"[""诚通证券宜昌东山大道"", ""中国银河证券宜昌新世纪"", ""中信建投证券宜昌云集路""]"
王海祥,,"[""财通证券绍兴人民中路"", ""财通证券绍兴解放大道""]"
玉兰路,近来崛起的资金席位，接力操作为主，风格激进，擅长龙头股锁仓,"[""东莞证券南京分公司""]"
独股一剑,网名，独股一剑，天涯论坛最早布道者，影响了一大批后来者，几乎是桃县半数超短手的启蒙老师，最早是天涯直播交割单火起来的。乔帮主便是在07年入市7年之后接触其交割单后顿悟，大开大合，一年过亿的。,"[""华泰证券北京月坛南街""]"
牛散朱彬,朱彬实际控制并使用的账户“朱彬”“朱某宏”和“林某丽”证券账户（以下简称账户组）由朱彬实际控制并使用。其中朱某宏、林某丽是朱彬的父母，账户组内的资金主要为朱彬所有。账户组所使用的交易终端在中泰证券宁波江东北路营业部大户室，与账户组交易资料核对一致，并由朱彬予以确认。,"[""中泰证券宁波江东北路""]"
牛散唐汉若,牛散唐汉若，喜欢巨量出击，创小板玩得不错，但也有乐视网（300104）硬封割肉的时候，敢干敢割死队成员之一，资金量也在10位之上，硬派选手，圈内盛传千股跌停之下7个亿死扛浙富控股。,"[""首创证券北京雍和宫"", ""华泰证券北京雍和宫""]"
炒股养家,目前资金量极大，对市场和个股都有很独到的理解力，通道优势较强，常常利用通道使个股一字涨停，隔日高位逐步离场。善于挖掘题材龙头。,"[""华鑫证券上海莘庄"", ""华鑫证券北京光华路"", ""华鑫证券南昌分公司"", ""华鑫证券珠海海滨南路"", ""华鑫证券西安南二环"", ""华鑫证券马鞍山分公司"", ""浙商证券绍兴解放北路"", ""华创证券上海大连路"", ""华鑫证券海口滨海大道"", ""华鑫证券上海红宝石路"", ""华鑫证券上海宛平南路"", ""华鑫证券上海茅台路"", ""华鑫证券上海新松江路""]"
炒新一族,市场上专做次新股的几个游资，近期参与了彩讯、锋龙，仙鹤股份的接力，主要是上海的几个席位，分别是上海共和新路、上海武定路、上海澳门路。这几个席位经常联合出动，利用资金优势拉升开板次新，风格也是超短为主，一日游居多。,"[""华泰证券无锡解放西路"", ""华泰证券上海静安区广中西路"", ""华泰证券上海武定路"", ""华泰证券上海普陀区江宁路""]"
湖里大道,厦门一线游资，眼光独到，出手大气,"[""兴业证券厦门湖里大道"", ""东方证券上海浦东新区银城中路"", ""国泰海通证券上海闵行区号文路""]"
湖滨四季,活跃在网络论坛的人气选手，擅长预判情绪转暖并介入中低位连板从而享受高溢价，胜率较高；短线操作较多,"[""东亚前海证券上海临港新片区分公司"", ""国联证券盐城解放南路"", ""申港证券江苏分公司"", ""甬兴证券杭州金城路""]"
湖州劳动路,湖州实力游资，做票以接力居多，风格剽悍，尤好操控，常常与江浙资金联动出没。,"[""华鑫证券深圳分公司"", ""华鑫证券湖州劳动路浙北金融中心""]"
温州帮,2016年操作次新股一战成名，手法彪悍，经常连续拉升3个涨停板。操作手法往往多席位联合出动，同时盘踞在数只次新股，建仓迅速，深度控盘，快速对倒拉升。,"[""平安证券广州华夏路"", ""申万宏源证券福州古田路"", ""平安证券北京金融大街"", ""光大证券佛山南庄"", ""联储证券成都洗面桥街"", ""华林证券杭州朝晖路"", ""浙商证券路桥数码街"", ""联储证券深圳彩田路"", ""平安证券温州市府路"", ""平安证券浙江分公司"", ""平安证券山东分公司"", ""申万宏源证券广州珠江西路"", ""平安证券河南分公司"", ""海通证券宁波和济街"", ""国泰海通证券常州健身路"", ""海通证券杭州富春路"", ""平安证券上海巨鹿路"", ""平安证券深圳金田路"", ""国泰海通证券绍兴劳动路"", ""国元证券重庆分公司"", ""上海证券温州乐清伯乐东路"", ""广发证券上海漕溪北路"", ""海通证券新昌康福路"", ""德邦证券上海乍浦路"", ""万和证券福建分公司"", ""兴业证券福州铜盘路左海"", ""浙商证券东阳环城北路"", ""中泰证券慈溪新城大道"", ""中信建投证券上海华灵路"", ""中信证券乐清金溪路"", ""信达证券福建分公司"", ""中国银河证券宁波宁穿路"", ""中国中金财富证券宿迁洪泽湖路"", ""长江证券深圳红荔路"", ""长江证券上海锦绣路"", ""长城证券广州天河北路"", ""中银国际证券中银宁波药行街"", ""中银国际证券宁波药行街"", ""长江证券北京广渠门内大街"", ""长城证券福州五四路"", ""长城证券杭州钱江路"", ""长城证券天台赭溪"", ""长江证券武汉珞瑜路"", ""长江证券台州市府大道"", ""长江证券深圳福华路"", ""长城证券杭州民心路"", ""方正证券杭州平澜路"", ""海通证券嵊州高杨路"", ""申万宏源证券乐清伯乐东路"", ""财通证券温州分公司"", ""金元证券浙江分公司"", ""西南证券温州汤家桥路"", ""申万宏源证券上海长宁区淞虹路"", ""招商证券深圳深南大道车公庙"", ""申万宏源证券莱西烟台路"", ""申万宏源证券上海杨浦区隆昌路"", ""联储证券深圳金田路"", ""申万宏源证券青岛分公司"", ""广发证券台州东海大道"", ""国投证券盐城世纪大道"", ""招商证券成都人民南路"", ""招商证券上海肇嘉浜路"", ""恒泰证券上海兰花路"", ""广发证券普宁流沙"", ""招商证券上海陆家嘴东路"", ""招商证券深圳文锦渡深润大厦"", ""国投证券成都交子大道"", ""国投证券深圳深南东路"", ""平安证券福州长乐北路"", ""国泰海通证券顺德大良"", ""国泰海通证券福州华林路"", ""国盛证券苏州苏绣路"", ""南京证券宁波锦寓路"", ""国联民生证券杭州金城路"", ""国泰海通证券金华八一南街"", ""国泰海通证券重庆朝天门"", ""国元证券温岭太平东城路"", ""国投证券上海黄浦区中山南路"", ""国投证券上海黄浦区中山东二路"", ""国元证券深圳深圳湾"", ""国泰海通证券上海普陀区大渡河路"", ""华鑫证券武汉文治街"", ""信达证券上海闵行区七莘路"", ""华泰证券江阴福泰路"", ""五矿证券杭州中山北路"", ""华鑫证券上海自贸试验区分公司"", ""光大证券江阴暨阳路"", ""华泰证券常州和平北路"", ""兴业证券福州鳌峰路"", ""华福证券乐清清远路"", ""华福证券福州广达路"", ""光大证券福州五一北路"", ""华泰证券永嘉阳光大道"", ""中泰证券天津红旗路"", ""中国银河证券杭州建国北路"", ""中航证券南昌广场南路"", ""中信证券慈溪新城大道"", ""华源证券浙江分公司"", ""中信建投证券锦州解放路"", ""中信证券温岭万昌中路"", ""中原证券上海第一分公司"", ""中泰证券青岛香港中路"", ""五矿证券东莞汇金路"", ""东兴证券上海陆家嘴"", ""东北证券温州新城大道"", ""中信建投证券慈溪三北西大街"", ""东吴证券常熟商城中路"", ""东方证券上海闵行区鹤庆路"", ""东方证券上海浦东新区金科路"", ""东方证券上海松江区沪亭北路"", ""东莞证券东莞东坑"", ""东吴证券江阴滨江东路"", ""东兴证券福州江厝路"", ""东兴证券上海虹口区杨树浦路"", ""东兴证券福州五四路"", ""中信建投证券武汉中北路"", ""万和证券山东分公司"", ""东兴证券上海肇嘉浜路"", ""上海证券乐清柳市柳青南路"", ""上海证券温州月乐西街""]"
深股通专用,深港通，是深港股票市场交易互联互通机制的简称，指深圳证券交易所和香港联合交易所有限公司建立技术连接，使内地和香港投资者可以通过当地证券公司或经纪商买卖规定范围内的对方交易所上市的股票。,"[""深股通专用""]"
深圳帮,深圳营业部做T做的飞起，经常可以看见深圳帮做T，同样活跃还有上海帮、杭州帮，所操作标的彼此之间重合度很高。,"[""华泰证券福州五一北路"", ""华龙证券深圳民田路"", ""恒泰证券深圳梅林路"", ""财通证券绍兴柯桥区钱清钱门大道""]"
涪陵广场路,西南地区，巨型打板游资，资金实力雄厚，出手频率不高，但尤好重仓大手笔出手，风格剽悍，经常单笔近亿，曾在美锦能源、泰禾集团、北斗星通上大手笔出手。,[]
消闲派,2008年入市，是一位手法稳健的推土机选手，首板胜率高，20CM的首板也信手拈来，首板次日往往有不错的溢价。,"[""国泰君安证券宜昌珍珠路"", ""国泰海通证券宜昌沿江大道""]"
涅盘重升,90后知名选手，曾有四年百倍战绩,"[""上海证券苏州人民路"", ""上海证券苏州中心广场""]"
浙江帮,浙江帮的特点是出货的时候下方喜欢挂出非常多的自己的买单，撑住盘面不下跌，再用快速拉升法快速拉高股价，吸引散户追高，用密集的中小单抛货，躲过散户的眼睛，从浙江帮选股的特点来看，他们喜欢选一些低价股，这样会有非常多的买卖单，进出也是非常频繁密集，这样是很容易躲过散户的眼睛的。,"[""兴业证券石狮宝岛中路"", ""申万宏源证券瑞安罗阳大道"", ""西部证券西安高新路""]"
流沙河,成名于网络论坛，异常活跃的游资席位。专一的打板选手，主做低位板。喜欢做顶板、秒板，快速拉升的分时强势个股。,"[""中国银河证券绍兴""]"
沪股通专用,沪港通是指上海证券交易所和香港联合交易所允许两地投资者通过当地证券公司（或经纪商）买卖规定范围内的对方交易所上市的股票，是沪港股票市场交易互联互通机制。,"[""沪股通专用""]"
毛老板,成都毛老板（现改名塞力斯）对强基本面个股有自己独到的理解，更早之前毛老板是造妖大师金田路，后面转型趋势打法淡出短线市场,"[""国泰海通证券北京光华路"", ""广发证券上海东方路"", ""广发证券上海浦东新区东方路"", ""方正证券乐山龙游路"", ""方正证券温州怀江路"", ""国泰海通证券北京国贸""]"
正经哥,,"[""东海证券常州劳动西路""]"
歌神,分时看的准，情绪面把控的很到位。,"[""中国中金财富证券杭州江河汇"", ""兴业证券杭州体育场路"", ""中信证券杭州金城路""]"
欢乐海岸,极少涉及首板，一般都是高位板；经常多席位联动，大手笔封单，总额经常上亿；介入后经常锁仓，也不轻易砸盘，往往离场之后尾盘也会拉升进行善后。,"[""中泰证券深圳分公司"", ""中国中金财富证券深圳宝安兴华路"", ""中信证券深圳科技园"", ""中泰证券深圳宝源南路"", ""中泰证券深圳科苑南路"", ""华泰证券深圳深南大道基金大厦"", ""国金证券深圳湾一号"", ""第一创业证券深圳福华一路总部"", ""华泰证券深圳分公司"", ""华泰证券深圳科苑南路华润大厦"", ""中信证券深圳分公司"", ""中国中金财富证券云浮新兴东堤北路"", ""广发证券深圳福华一路"", ""中信证券深圳后海""]"
校长,,"[""华泰证券成都蜀金路""]"
杭州帮,杭州系短线游资，资金量较大，喜欢动用多个营业部同时操作一股，波段操作，整体成功率较高。偏好上市3年以上的老股票，规模上，大盘股与小盘股都是他的最爱，整体分布较为平均。,"[""中信证券宁波大庆南路"", ""中国银河证券杭州凤起路"", ""中国银河证券杭州天城东路"", ""华宝证券上海浦东新区浦电路"", ""中国银河证券杭州市民街"", ""中信证券杭州庆春路"", ""光大证券杭州延安路"", ""中信建投证券杭州庆春路"", ""浙商证券杭州萧山永久路"", ""中国银河证券杭州景芳""]"
机构专用,新交易规则规定，机构席位是指基金专用席位、券商自营专用席位、社保专用席位、券商理财专用席位、保险机构专用席位、保险机构租用席位、QFII专用席位等机构投资者买卖证券的专用通道和席位。,"[""机构专用""]"
曲江池,实力游资，资金风格多样，有做短板连线的资金，也有做趋势大票的资金,"[""国投证券西安曲江池南路""]"
方新侠,与赵老哥同期的顶级游资，操作手法大开大合，擅长大成交趋势股。2020年主导了省广集团大二波、未名医药等票。,"[""兴业证券陕西分公司"", ""中信证券西安朱雀大街""]"
新生代,新晋市场主力，擅长低位题材挖掘潜伏及打造板块补涨，通常喜欢提前埋伏底仓。,"[""银泰证券成都天府大道"", ""中国银河证券上海新闸路"", ""财通证券杭州瓜沥建设四路"", ""中信证券(山东)莱州文化东路"", ""国投证券广州猎德大道"", ""华泰证券上海宝山区牡丹江路""]"
敢死队,"宁波敢死队主要由4号人物组成,又并称为“超短F4”。1号人物叫徐翔,是敢死队中年纪最轻的一位。2号人物姓吴,大约35岁。两人大约在1999年从其他营业部转到银河证券宁波解放南路营业部,当时资金不过几十万元,4年后,两人账户上的钱都变成了数千万元。3号人物徐海鸥,1975年出生,上大学时就开始炒股,1997年毕业于北京商学院后没找工作,就直接回宁波专职炒股。而马信琪在这三位之前,2002年5月,被临近的天一证券(现为光大证券)解放南路营业部挖走,数位大户亦追随而去。4人并称“超短F4”。敢死队以吃庄家为生,","[""平安证券深圳深南东路罗湖商务中心"", ""中泰证券上海建国中路""]"
撬板王,风格上喜欢撬跌停板，尤其是连续跌停的个股，人称撬板王,"[""兴业证券苏州分公司""]"
招商深南东,作为国内A股市场游资主力，招商证券深南东路手法相对温和，在选股方面并不热衷于次新股，跟踪上市时间三年以上个股较多，选择热点板块其中的人气个股，但大多为上涨行情还没有启动，或者已进入调整期的个股；其操作套路还是集中优势资金趋势加速，吸引跟盘资金接盘出货。,"[""招商证券深圳深南东路""]"
成都系,超短游资，具备短时间内引导个股价格的能力，风格稳定，以超跌板为主，盘中都是直线拉升涨停，引导资金合力封板。擅长做首板个股并且盘中喜欢直线拉升，次日冲高后爱砸盘，偏爱中小盘个股。,"[""国联证券成都锦城大道"", ""华泰证券德阳长江西路钻石广场"", ""宏信证券成都锦晖西一街"", ""华泰证券成都天府广场"", ""中国银河证券成都科华北路"", ""国泰海通证券成都天府二街第一"", ""中信建投证券成都马家花园"", ""华泰证券贵阳长岭北路"", ""国泰海通证券成都北一环路""]"
成泉系,做均线多头发散向上的个股并惯提前建仓；涨停板往往不封死，反复打开并再度封板；次日继续涨停概率较低。,"[""中国国际金融北京建国门外大街""]"
思明南路,2022年90后游资，风格多变但选股水平极高，参与的个股大多有基本面支撑。,"[""东莞证券湖北分公司"", ""东亚前海证券上海分公司""]"
徐留胜,著名牛散、顶级游资徐留胜，曾被证监会处罚罚没1.1亿。通常喜好大手笔出手后波段锁仓,"[""华泰证券深圳益田路荣超商务中心"", ""申万宏源证券上海闵行区东川路""]"
徐晓,大手笔、低频率、资金实力雄厚、出手胜率极高，有主导热点板块龙头股趋势行情的能力,"[""国元证券上海虹桥路""]"
广东帮,操作手法上习惯用“大阳线——调整数日——大阳线”反复拉升,"[""申万宏源证券上海黄浦区中华路"", ""东方证券上海黄浦区中华路"", ""申万宏源证券杭州密渡桥路"", ""德邦证券上海岳州路"", ""万联证券广州番禺清河东路"", ""华福证券厦门湖滨南路"", ""财通证券温岭中华路""]"
山东帮,"因为当时山东席位为旗舰，故被称为“山东帮”，次新股手法,往往是多席位联合行动,同时盘踞在数只次新股上面,建仓迅速,深度控盘,快速对倒拉升。","[""中信证券（山东）荣成成山大道"", ""中信证券厦门分公司"", ""东海证券厦门嘉禾路"", ""东方证券厦门仙岳路"", ""国海证券山东分公司"", ""方正证券温州小南路"", ""广发证券荣成石岛"", ""华泰证券厦门厦禾路""]"
屠文斌,屠文斌是叱咤风云的老牌游资，偏好大流通的板块中军，可观察其出手来判断板块地位。,"[""中国银河证券上海杨浦区靖宇东路"", ""平安证券宁波海晏北路""]"
小鳄鱼,新生代90后游资，常常活跃在各大论坛社区，手法剽悍，资金体量过亿。在趋势性行情下也能与时俱进，对基本面的理解非常不错，胜率较高。,"[""中国中金财富证券南京龙蟠中路"", ""中国中金财富证券靖江人民南路"", ""南京证券南京大钟亭"", ""东方证券上海浦东新区源深路""]"
小睿睿,活跃在网络的一线游资，擅长主流题材的推演并买入龙头个股，同时也会挖掘基本逻辑面进行潜伏，总体手法胜率率较高。,"[""申港证券深圳深南东路""]"
小棉袄,价值投机型顶级选手，从钠电池到人工智能。逻辑牛股一个不落,"[""上海证券上海证券上海分公司""]"
宁波解放南,老牌游资席位，江浙宁波敢死队资金，喜好万手倒序单联排打板，冲击制造涨停的股票，买卖市场活跃情绪标,"[""光大证券宁波解放南路""]"
宁波桑田路,宁波知名的游资，资金量超过10亿，操作风格彪悍凌厉，是众多知名游资里面溢价比较高的席位，交易风格多为打板为主，不拘泥于是高位板，还是低位板，可以锁仓做T很久，也可以跑的飞快,"[""国盛证券宁波桑田路""]"
宁波和源路,杀伐果断的短线选手，高位接力敢于重仓，对日内情绪节点有深刻认识，一旦个股预期走弱出货也是毫不拖泥带水。此前常用该席位的短线资金已纷纷退出，但仍有大量通道资金在使用有关席位，主要用于排一字板。,"[""甬兴证券宁波和源路""]"
孙哥,老牌顶级游资之一，资金实力雄厚，擅长捕捉市场热点，常以重仓出击、超短线快进快出为主要策略，操盘手法彪悍凌厉。,"[""中信证券上海溧阳路""]"
天童南路,新生代游资。擅长题材挖掘和捕捉市场拐点，出手干净利落且成功率极高，是25年上半年最活跃的游资之一,"[""国盛证券宁波天童南路""]"
大小说家,95后新生代游资，擅长主线题材的创业板、北交所弹性个股,"[""中信建投证券福州东街""]"
境外机构,境外机构是指境外官方、非官方金融机构、金融组织以及投资基金，其通过QFII和RQFII获准投资或港股通等通道投资A股市场。其资金体量大而擅长中长线投资，爱好核心资产投资。,"[""海通证券国际部""]"
和平路,喜欢重仓出击妖股、龙头股，且喜欢波段操作；擅长趋势交易，打板，半路，低吸,"[""东兴证券晋江和平路""]"
呼家楼,老牌实力游资，风格大开大合,"[""中信建投证券北京广渠门内大街"", ""南京证券绍兴人民东路"", ""中信建投证券北京中信大厦"", ""广发证券北京建外大街"", ""中信建投证券北京朝外大街"", ""中信建投证券北京东城分公司"", ""中信证券北京总部"", ""中信证券北京呼家楼""]"
叶庆均,叶庆均席位，这个席位做的股票大都是热门风口股。,"[""中国银河证券宁波大闸南路""]"
古北路,顶级游资，2016年11月份前还默默无闻，随后却异军突起，成为龙虎榜常客，在年初的雄安板块炒作中一战成名，擅长制造板块行情，和其他一线游资联动，敢于锁仓，隐藏身后的游资大佬，孙氏父子、赵老哥分身席位诸多传言，江湖多揣测。,"[""中信证券上海红宝石路"", ""中信证券上海长宁区红宝石路"", ""中信证券上海凯滨路"", ""中信证券上海宝山区同济路""]"
原六一中路,,"[""国泰君安证券南京双龙大道"", ""国泰君安证券南京清凉门大街"", ""招商证券福州六一中路"", ""东北证券武汉香港路""]"
南京帮,游资短庄，多与江苏本地的席位进行联合操作，选股也偏短线，连续拉板提升辨识度，在通过制造大波动吸引目光利用资金优势对倒拉升,"[""中航证券长沙韶山中路"", ""华福证券上海宛平南路"", ""海通证券南京广州路"", ""粤开证券山东分公司"", ""粤开证券青岛分公司"", ""国泰海通证券南京广州路"", ""华福证券南京胜太路"", ""华泰证券扬中翠竹南路"", ""华泰证券宁波柳汀街"", ""长江证券荆州北京西路"", ""华鑫证券深圳财富大厦"", ""爱建证券宁波槐树路"", ""首创证券徐州新淮海西路"", ""金元证券苏州分公司""]"
华鑫宁波分,1、确定主线热点题材，选择强势个股低吸。2、确定题材龙头，会进行打板，享受龙头溢价。3、锁定市场主线热点，敢于持续锁仓等待其发酵拉抬。4、利用交易通道优势，一字排板上市新股炒作与利好复牌个股。敢于主动引导市场，资金格局较大,"[""华鑫证券宁波分公司""]"
北京炒家,北京炒家，网传是前字节跳动员工，擅长自媒体运营，听声音年龄应该是80后之间,"[""长城证券绵阳飞云大道""]"
北京帮,有大格局的游资，资金雄厚。,"[""招商证券北京车公庄西路"", ""中国银河证券北京朝阳门北大街"", ""光大证券北京东中街"", ""万和证券成都蜀汉路"", ""海通证券北京知春里"", ""广发证券潮州潮枫路""]"
北京中关村,,"[""中国银河证券北京中关村大街""]"
列夫,从市场最整体到情绪整体、板块整体、个股个性、高低位置，主做市场龙头,"[""海通证券绍兴劳动路""]"
六一路,操作风格独特，偏向于高位打板、高位锁仓、一鼓作气再而衰三而竭的操作模式。通常在一只股票的上升趋势中，不断加仓，高位锁仓，以获取收益,[]
作手新一,新生代小游资，资金体量相对较小，但常常活跃在各大社交论坛，知名度相对较高。,"[""中国中金财富证券南京中央路"", ""国泰海通证券南京太平南路""]"
佛山系,能够在短时间内主导个股走势，风格超短，嗅觉敏感。擅长短线，早盘快速拉板，制造日内龙头，一根线拉板，从小资金做起的典范。擅长做一板个股，往往以一日游为主，次日冲高快速获利出局；,"[""诚通证券佛山南海大道"", ""兴业证券佛山魁奇路"", ""华泰证券广州兴民路"", ""湘财证券佛山星辰路"", ""国泰海通证券三亚迎宾路"", ""国盛证券佛山分公司"", ""长江证券武汉武珞路"", ""光大证券佛山绿景路"", ""长江证券佛山南海大道"", ""长江证券佛山普澜二路"", ""光大证券佛山季华六路"", ""东莞证券东莞横沥中山东路"", ""长江证券惠州金山湖"", ""方正证券北京安定门东大街""]"
余哥,2022年新晋游资，95后，资金增长速度之快令人咋舌，擅长机构游资合力大妖股，市场理解力顶级。,"[""东吴证券苏州相城大道"", ""甬兴证券四川分公司"", ""申港证券湖北分公司"", ""甬兴证券慈溪新城大道北路"", ""财通证券普陀山""]"
低位挖掘,善于发掘低位首板或跟风板，市场上活跃的挖掘资金，擅长在题材爆发后挖掘补涨机会，一旦出现高位分歧就会及时离场。,"[""国融证券青岛分公司"", ""国都证券北京阜外大街"", ""华福证券福州湖东路"", ""海通证券济南舜华路"", ""东方财富证券江苏分公司"", ""海通证券上海黄浦区福州路"", ""申港证券上海闵行区古北路"", ""申万宏源证券北京劲松九区"", ""华鑫证券上海东大名路"", ""华鑫证券江苏分公司"", ""华鑫证券山东分公司"", ""华鑫证券泉州分公司"", ""华福证券福州西环中路"", ""中国中金财富证券江门迎宾大道"", ""开源证券深圳分公司"", ""华鑫证券佛山南海海五路"", ""中信证券金华分公司"", ""东莞证券北京西城太平街"", ""东莞证券浙江分公司"", ""东莞证券厦门分公司"", ""东莞证券福建分公司"", ""兴业证券厦门穆厝路"", ""东莞证券四川分公司"", ""兴业证券深圳分公司"", ""中信建投证券西安南大街"", ""中国银河证券深圳华侨城"", ""兴业证券厦门分公司"", ""东吴证券苏州石路"", ""东亚前海证券北京分公司"", ""东莞证券北京分公司""]"
交易者单骑,,"[""华创证券龙岩龙岩大道""]"
交易猿,操作手法，大多都是满仓资金梭哈一只股票，且这只股票前期已经有巨大涨幅，流通盘、成交量巨大的大票，做大票的半路主升浪。\r\n\r\n,"[""华泰证券天津东丽开发区二纬路""]"
乔帮主,一线游资，资金量上亿，风格凶悍，纪律严格，低吸配合打板。,"[""招商证券深圳蛇口工业三路""]"
中山东路,中山东路和消闲派一样是永动型选手，擅长新题材20厘米套现，一般隔日交易居多，较少参与连板接力但渗滤较高。,"[""国泰海通证券上海松江区中山东路""]"
中信总部,中信证券股份有限公司总部(非营业场所),"[""中信证券""]"
上海超短帮,"以短线速度建仓吸凑,持股周期在3-5日内,经常协同机构专用席位拉升；资金实力雄厚，通常选取一些有明显的基本面支撑的标的，携手机构席位，以小波段运作为主，整体成功率较高","[""国泰海通证券上海静安区新闸路"", ""国泰君安证券济宁吴泰闸路""]"
上海溧阳路,老牌游资席位，整体席位资金较杂，多路资金并存，但是总体已超短隔夜操作为主，资金实力雄厚，体量较大，具体的操盘手法是喜欢操作龙头股，找到龙头后，反复进出看好的个股。,[]
上塘路,顶级节奏大师，市场上扫板封板率最高的几路资金之一。整体操作以套利为主，稳中求进，纪律严明。上塘对次新的理解非常之深，擅长把握市场情绪，对首板的理解也居市场前列,"[""财通证券嘉兴分公司"", ""财通证券杭州体育场路"", ""联储证券浙江分公司"", ""财通证券杭州上塘路""]"
三板组,运作资金操盘手法娴熟，联动席位众多。低位发动首板后能快速发动二板三板。,"[""华鑫证券西安锦业路"", ""华鑫证券上海源深路"", ""华鑫证券西安分公司"", ""华鑫证券乐清双雁路"", ""华鑫证券上海光复路"", ""华鑫证券杭州分公司"", ""华鑫证券深圳益田路"", ""华鑫证券苏州分公司"", ""中信建投证券深圳深南中路中核大厦"", ""华林证券深圳福华三路"", ""天风证券江阴人民东路"", ""华林证券深圳民田路"", ""万联证券云南分公司"", ""五矿证券深圳金田路"", ""南京证券温州市府路"", ""粤开证券广州分公司"", ""万联证券深圳分公司"", ""申万宏源证券金华八一北街"", ""广发证券茂名双山七路福地大厦"", ""招商证券深圳建安路"", ""信达证券温州瓯江路"", ""中邮证券温州"", ""中信建投证券深圳中信国际大厦"", ""中国银河证券深圳水贝"", ""光大证券武汉中北路""]"
一瞬流光,擅长龙头战法，分歧买入，跟随趋势，波段买卖,"[""浙商证券海宁水月亭西路"", ""中泰证券湖北分公司""]"
zhouyu1933,,"[""长城证券仙桃钱沟路""]"
T王,此类席位每天做T，其乐无穷。,"[""东方财富证券山南香曲东路"", ""东方财富证券拉萨东环路第一"", ""东方财富证券拉萨团结路第二"", ""东方财富证券拉萨金融城南环路"", ""东方财富证券拉萨团结路第一"", ""东方财富证券拉萨东环路第二"", ""国金证券上海互联网证券分公司"", ""东方财富证券拉萨东城区江苏大道"", ""国金证券上海奉贤区金碧路""]"
N周二,擅长低吸和打板，短线趋势交易,"[""中信证券杭州凤起路""]"
bike770,论坛知名短线选手，小资金做大的典范，曾完成四年一千倍的超级战绩。,"[""国泰海通证券南宁民族大道""]"
Asking,,"[""兴业证券福州湖东路""]"
92科比,淘股吧知名选手，理解力惊人，完全理解投机本质，真正为交易而生。低吸、追涨、打板样样精通，是典型的打板高手，根据市场所处阶段切换手法。,"[""国泰海通证券泰州鼓楼南路第二""]"
