trade_date,ts_code,exalter,buy,buy_rate,sell,sell_rate,net_buy,side,reason
20251104,000555.SZ,深股通专用,486554775.02,3.37,427741253.05,2.96,58813521.97,0,连续三个交易日内，涨幅偏离值累计达到20%的证券
20251104,000555.SZ,深股通专用,168348514.17,3.13,228288243.25,4.24,-59939729.08,0,日振幅值达到15%的前5只证券
20251104,000555.SZ,机构专用,161755306.48,1.12,144755271.08,1.0,17000035.4,0,连续三个交易日内，涨幅偏离值累计达到20%的证券
20251104,000555.SZ,机构专用,159882994.57,1.11,92589555.88,0.64,67293438.69,0,连续三个交易日内，涨幅偏离值累计达到20%的证券
20251104,000555.SZ,国泰海通证券股份有限公司上海静安区新闸路证券营业部,145112655.0,1.0,134301750.52,0.93,10810904.48,0,连续三个交易日内，涨幅偏离值累计达到20%的证券
20251104,000555.SZ,国泰海通证券股份有限公司北京国贸证券营业部,136413698.22,0.94,655261.0,0.0,135758437.22,0,连续三个交易日内，涨幅偏离值累计达到20%的证券
20251104,000555.SZ,国泰海通证券股份有限公司北京国贸证券营业部,135921417.22,2.52,151952.0,0.0,135769465.22,0,日振幅值达到15%的前5只证券
20251104,000555.SZ,机构专用,92965418.57,1.73,53664303.2,1.0,39301115.37,0,日振幅值达到15%的前5只证券
20251104,000555.SZ,机构专用,78464814.2,1.46,54076851.58,1.0,24387962.62,0,日振幅值达到15%的前5只证券
20251104,000555.SZ,国泰海通证券股份有限公司上海静安区新闸路证券营业部,73782549.0,1.37,82694987.0,1.54,-8912438.0,0,日振幅值达到15%的前5只证券
20251104,000555.SZ,深股通专用,486554775.02,3.37,427741253.05,2.96,58813521.97,1,连续三个交易日内，涨幅偏离值累计达到20%的证券
20251104,000555.SZ,深股通专用,168348514.17,3.13,228288243.25,4.24,-59939729.08,1,日振幅值达到15%的前5只证券
20251104,000555.SZ,机构专用,161755306.48,1.12,144755271.08,1.0,17000035.4,1,连续三个交易日内，涨幅偏离值累计达到20%的证券
20251104,000555.SZ,国泰海通证券股份有限公司上海静安区新闸路证券营业部,145112655.0,1.0,134301750.52,0.93,10810904.48,1,连续三个交易日内，涨幅偏离值累计达到20%的证券
20251104,000555.SZ,华林证券股份有限公司北京分公司,62175330.0,0.43,119865434.8,0.83,-57690104.8,1,连续三个交易日内，涨幅偏离值累计达到20%的证券
20251104,000555.SZ,机构专用,92421012.0,0.64,110698001.15,0.77,-18276989.15,1,连续三个交易日内，涨幅偏离值累计达到20%的证券
20251104,000555.SZ,中泰证券股份有限公司湖北分公司,7404840.0,0.14,95724282.0,1.78,-88319442.0,1,日振幅值达到15%的前5只证券
20251104,000555.SZ,国泰海通证券股份有限公司成都北一环路证券营业部,640480.0,0.01,85746521.98,1.59,-85106041.98,1,日振幅值达到15%的前5只证券
20251104,000555.SZ,国泰海通证券股份有限公司上海静安区新闸路证券营业部,73782549.0,1.37,82694987.0,1.54,-8912438.0,1,日振幅值达到15%的前5只证券
20251104,000555.SZ,华泰证券股份有限公司北京东三环北路证券营业部,1195528.0,0.02,76235755.55,1.42,-75040227.55,1,日振幅值达到15%的前5只证券
20251104,000572.SZ,深股通专用,166206898.65,10.55,69228849.4,4.39,96978049.25,0,日涨幅偏离值达到7%的前5只证券
20251104,000572.SZ,平安证券股份有限公司杭州曙光路证券营业部,27130783.0,1.72,1310870.0,0.08,25819913.0,0,日涨幅偏离值达到7%的前5只证券
20251104,000572.SZ,机构专用,21905060.34,1.39,2743835.0,0.17,19161225.34,0,日涨幅偏离值达到7%的前5只证券
20251104,000572.SZ,开源证券股份有限公司西安西大街证券营业部,19853645.53,1.26,25373493.92,1.61,-5519848.39,0,日涨幅偏离值达到7%的前5只证券
20251104,000572.SZ,广发证券股份有限公司广州马场路广发证券大厦证券营业部,17369207.0,1.1,1126958.0,0.07,16242249.0,0,日涨幅偏离值达到7%的前5只证券
20251104,000572.SZ,深股通专用,166206898.65,10.55,69228849.4,4.39,96978049.25,1,日涨幅偏离值达到7%的前5只证券
20251104,000572.SZ,国泰海通证券股份有限公司惠州文昌一路证券营业部,29563.0,0.0,44802327.0,2.84,-44772764.0,1,日涨幅偏离值达到7%的前5只证券
20251104,000572.SZ,开源证券股份有限公司西安西大街证券营业部,19853645.53,1.26,25373493.92,1.61,-5519848.39,1,日涨幅偏离值达到7%的前5只证券
20251104,000572.SZ,东方财富证券股份有限公司拉萨达孜区虎峰大道证券营业部,2663620.0,0.17,16979693.0,1.08,-14316073.0,1,日涨幅偏离值达到7%的前5只证券
20251104,000572.SZ,国泰海通证券股份有限公司上海浦东新区福山路证券营业部,13419.0,0.0,15867200.0,1.01,-15853781.0,1,日涨幅偏离值达到7%的前5只证券
20251104,000592.SZ,东方财富证券股份有限公司拉萨金融城南环路证券营业部,33708694.0,1.08,26782923.0,0.86,6925771.0,0,日涨幅偏离值达到7%的前5只证券
20251104,000592.SZ,国信证券股份有限公司浙江互联网分公司,32109921.9,1.03,17946565.0,0.58,14163356.9,0,日涨幅偏离值达到7%的前5只证券
20251104,000592.SZ,东方财富证券股份有限公司拉萨东环路第二证券营业部,26120511.55,0.84,20670435.0,0.66,5450076.55,0,日涨幅偏离值达到7%的前5只证券
20251104,000592.SZ,东方财富证券股份有限公司昌都两江大道证券营业部,24713906.0,0.79,15409140.0,0.49,9304766.0,0,日涨幅偏离值达到7%的前5只证券
20251104,000592.SZ,东方财富证券股份有限公司拉萨团结路第一证券营业部,24463699.0,0.78,20603165.5,0.66,3860533.5,0,日涨幅偏离值达到7%的前5只证券
20251104,000592.SZ,开源证券股份有限公司西安西大街证券营业部,105335.0,0.0,75618422.0,2.43,-75513087.0,1,日涨幅偏离值达到7%的前5只证券
20251104,000592.SZ,华鑫证券有限责任公司佛山顺德近良路证券营业部,152980.0,0.0,61357995.55,1.97,-61205015.55,1,日涨幅偏离值达到7%的前5只证券
20251104,000592.SZ,深股通专用,24105044.84,0.77,45998606.86,1.48,-21893562.02,1,日涨幅偏离值达到7%的前5只证券
20251104,000592.SZ,机构专用,9331243.0,0.3,41509503.73,1.33,-32178260.73,1,日涨幅偏离值达到7%的前5只证券
20251104,000592.SZ,中国国际金融股份有限公司上海分公司,0.0,0.0,29603076.0,0.95,-29603076.0,1,日涨幅偏离值达到7%的前5只证券
20251104,000608.SZ,财信证券股份有限公司娄底湘中大道证券营业部,7978375.0,3.84,863807.0,0.42,7114568.0,0,连续三个交易日内，涨幅偏离值累计达到12%的ST证券、*ST证券和未完成股改证券
20251104,000608.SZ,中信建投证券股份有限公司上海营口路证券营业部,3585649.0,1.72,3009589.0,1.45,576060.0,0,连续三个交易日内，涨幅偏离值累计达到12%的ST证券、*ST证券和未完成股改证券
20251104,000608.SZ,机构专用,3580112.0,1.72,6541622.12,3.15,-2961510.12,0,连续三个交易日内，涨幅偏离值累计达到12%的ST证券、*ST证券和未完成股改证券
20251104,000608.SZ,东方财富证券股份有限公司拉萨东环路第一证券营业部,3476312.0,1.67,2737006.0,1.32,739306.0,0,连续三个交易日内，涨幅偏离值累计达到12%的ST证券、*ST证券和未完成股改证券
20251104,000608.SZ,机构专用,3157428.8,1.52,3033395.0,1.46,124033.8,0,连续三个交易日内，涨幅偏离值累计达到12%的ST证券、*ST证券和未完成股改证券
20251104,000608.SZ,机构专用,2943230.24,1.42,7399424.6,3.56,-4456194.36,1,连续三个交易日内，涨幅偏离值累计达到12%的ST证券、*ST证券和未完成股改证券
20251104,000608.SZ,中国中金财富证券有限公司广州天河路证券营业部,0.0,0.0,6986852.0,3.36,-6986852.0,1,连续三个交易日内，涨幅偏离值累计达到12%的ST证券、*ST证券和未完成股改证券
20251104,000608.SZ,机构专用,3580112.0,1.72,6541622.12,3.15,-2961510.12,1,连续三个交易日内，涨幅偏离值累计达到12%的ST证券、*ST证券和未完成股改证券
20251104,000608.SZ,华源证券股份有限公司江苏分公司,0.0,0.0,3355000.0,1.61,-3355000.0,1,连续三个交易日内，涨幅偏离值累计达到12%的ST证券、*ST证券和未完成股改证券
20251104,000608.SZ,东方证券股份有限公司北京安立路证券营业部,0.0,0.0,3173960.0,1.53,-3173960.0,1,连续三个交易日内，涨幅偏离值累计达到12%的ST证券、*ST证券和未完成股改证券
20251104,000620.SZ,深股通专用,103386848.0,5.88,44242364.0,2.52,59144484.0,0,连续三个交易日内，涨幅偏离值累计达到20%的证券
20251104,000620.SZ,联储证券股份有限公司杭州环城北路证券营业部,54011100.0,3.07,0.0,0.0,54011100.0,0,连续三个交易日内，涨幅偏离值累计达到20%的证券
20251104,000620.SZ,国投证券股份有限公司西安朱雀大街证券营业部,44497098.0,2.53,5376.0,0.0,44491722.0,0,连续三个交易日内，涨幅偏离值累计达到20%的证券
20251104,000620.SZ,国泰海通证券股份有限公司成都北一环路证券营业部,33390313.0,1.9,195221.0,0.01,33195092.0,0,连续三个交易日内，涨幅偏离值累计达到20%的证券
20251104,000620.SZ,国投证券股份有限公司西安曲江池南路证券营业部,30904500.0,1.76,19654.0,0.0,30884846.0,0,连续三个交易日内，涨幅偏离值累计达到20%的证券
20251104,000620.SZ,深股通专用,103386848.0,5.88,44242364.0,2.52,59144484.0,1,连续三个交易日内，涨幅偏离值累计达到20%的证券
20251104,000620.SZ,东莞证券股份有限公司南京分公司,1189488.0,0.07,26440107.13,1.5,-25250619.13,1,连续三个交易日内，涨幅偏离值累计达到20%的证券
20251104,000620.SZ,东莞证券股份有限公司四川分公司,3913319.0,0.22,26003482.0,1.48,-22090163.0,1,连续三个交易日内，涨幅偏离值累计达到20%的证券
20251104,000620.SZ,国信证券股份有限公司浙江互联网分公司,8609438.0,0.49,25134171.0,1.43,-16524733.0,1,连续三个交易日内，涨幅偏离值累计达到20%的证券
20251104,000620.SZ,华鑫证券有限责任公司北京光华路证券营业部,21704072.0,1.24,23829600.0,1.36,-2125528.0,1,连续三个交易日内，涨幅偏离值累计达到20%的证券
20251104,000638.SZ,东方财富证券股份有限公司拉萨东环路第二证券营业部,15774585.0,2.12,13352076.0,1.8,2422509.0,0,连续三个交易日内，涨幅偏离值累计达到12%的ST证券、*ST证券和未完成股改证券
20251104,000638.SZ,东方财富证券股份有限公司拉萨团结路第一证券营业部,12881093.0,1.73,9989915.0,1.35,2891178.0,0,连续三个交易日内，涨幅偏离值累计达到12%的ST证券、*ST证券和未完成股改证券
20251104,000638.SZ,东方财富证券股份有限公司昌都两江大道证券营业部,10758882.0,1.45,8242001.0,1.11,2516881.0,0,连续三个交易日内，涨幅偏离值累计达到12%的ST证券、*ST证券和未完成股改证券
20251104,000638.SZ,东方财富证券股份有限公司拉萨团结路第二证券营业部,9590316.0,1.29,11252955.0,1.52,-1662639.0,0,连续三个交易日内，涨幅偏离值累计达到12%的ST证券、*ST证券和未完成股改证券
20251104,000638.SZ,东方财富证券股份有限公司拉萨金融城南环路证券营业部,9545189.0,1.29,7695021.0,1.04,1850168.0,0,连续三个交易日内，涨幅偏离值累计达到12%的ST证券、*ST证券和未完成股改证券
20251104,000638.SZ,东方财富证券股份有限公司拉萨东环路第二证券营业部,15774585.0,2.12,13352076.0,1.8,2422509.0,1,连续三个交易日内，涨幅偏离值累计达到12%的ST证券、*ST证券和未完成股改证券
20251104,000638.SZ,联储证券股份有限公司烟台分公司,71198.0,0.01,11879797.0,1.6,-11808599.0,1,连续三个交易日内，涨幅偏离值累计达到12%的ST证券、*ST证券和未完成股改证券
20251104,000638.SZ,机构专用,8322029.0,1.12,11609186.6,1.56,-3287157.6,1,连续三个交易日内，涨幅偏离值累计达到12%的ST证券、*ST证券和未完成股改证券
20251104,000638.SZ,东方财富证券股份有限公司拉萨团结路第二证券营业部,9590316.0,1.29,11252955.0,1.52,-1662639.0,1,连续三个交易日内，涨幅偏离值累计达到12%的ST证券、*ST证券和未完成股改证券
20251104,000638.SZ,东方财富证券股份有限公司拉萨团结路第一证券营业部,12881093.0,1.73,9989915.0,1.35,2891178.0,1,连续三个交易日内，涨幅偏离值累计达到12%的ST证券、*ST证券和未完成股改证券
20251104,000688.SZ,深股通专用,69771907.08,13.44,22704296.78,4.37,47067610.3,0,日跌幅偏离值达到7%的前5只证券
20251104,000688.SZ,东吴证券股份有限公司上海浦东新区世纪大道证券营业部,24299095.0,4.68,0.0,0.0,24299095.0,0,日跌幅偏离值达到7%的前5只证券
20251104,000688.SZ,广发证券股份有限公司邯郸陵园路证券营业部,12395075.0,2.39,0.0,0.0,12395075.0,0,日跌幅偏离值达到7%的前5只证券
20251104,000688.SZ,机构专用,11966854.0,2.3,437116.0,0.08,11529738.0,0,日跌幅偏离值达到7%的前5只证券
20251104,000688.SZ,机构专用,10411356.0,2.01,8730269.17,1.68,1681086.83,0,日跌幅偏离值达到7%的前5只证券
20251104,000688.SZ,西南证券股份有限公司重庆第五分公司,0.0,0.0,42453992.02,8.18,-42453992.02,1,日跌幅偏离值达到7%的前5只证券
20251104,000688.SZ,深股通专用,69771907.08,13.44,22704296.78,4.37,47067610.3,1,日跌幅偏离值达到7%的前5只证券
20251104,000688.SZ,机构专用,0.0,0.0,20385788.62,3.93,-20385788.62,1,日跌幅偏离值达到7%的前5只证券
20251104,000688.SZ,机构专用,0.0,0.0,20215696.0,3.89,-20215696.0,1,日跌幅偏离值达到7%的前5只证券
20251104,000688.SZ,机构专用,8820799.0,1.7,11703956.08,2.25,-2883157.08,1,日跌幅偏离值达到7%的前5只证券
20251104,000797.SZ,深股通专用,61580928.02,4.42,52075561.48,3.74,9505366.54,0,连续三个交易日内，涨幅偏离值累计达到20%的证券
20251104,000797.SZ,开源证券股份有限公司西安西大街证券营业部,25388031.8,1.82,9197083.3,0.66,16190948.5,0,连续三个交易日内，涨幅偏离值累计达到20%的证券
20251104,000797.SZ,机构专用,25211808.0,1.81,17193454.0,1.23,8018354.0,0,连续三个交易日内，涨幅偏离值累计达到20%的证券
20251104,000797.SZ,华鑫证券有限责任公司上海宛平南路证券营业部,20854611.0,1.5,8669933.0,0.62,12184678.0,0,连续三个交易日内，涨幅偏离值累计达到20%的证券
20251104,000797.SZ,机构专用,18554284.0,1.33,21872133.0,1.57,-3317849.0,0,连续三个交易日内，涨幅偏离值累计达到20%的证券
20251104,000797.SZ,深股通专用,61580928.02,4.42,52075561.48,3.74,9505366.54,1,连续三个交易日内，涨幅偏离值累计达到20%的证券
20251104,000797.SZ,财通证券股份有限公司杭州江滨西大道证券营业部,8280945.0,0.59,22974647.0,1.65,-14693702.0,1,连续三个交易日内，涨幅偏离值累计达到20%的证券
20251104,000797.SZ,机构专用,18554284.0,1.33,21872133.0,1.57,-3317849.0,1,连续三个交易日内，涨幅偏离值累计达到20%的证券
20251104,000797.SZ,机构专用,0.0,0.0,21041721.13,1.51,-21041721.13,1,连续三个交易日内，涨幅偏离值累计达到20%的证券
20251104,000797.SZ,中国中金财富证券有限公司广州分公司,1881933.0,0.14,18648831.0,1.34,-16766898.0,1,连续三个交易日内，涨幅偏离值累计达到20%的证券
20251104,000820.SZ,中国银河证券股份有限公司北京珠市口大街证券营业部,7361522.0,4.38,4426012.0,2.64,2935510.0,0,连续三个交易日内，涨幅偏离值累计达到12%的ST证券、*ST证券和未完成股改证券
20251104,000820.SZ,国泰海通证券股份有限公司中山中山三路证券营业部,3717090.0,2.21,3786314.0,2.25,-69224.0,0,连续三个交易日内，涨幅偏离值累计达到12%的ST证券、*ST证券和未完成股改证券
20251104,000820.SZ,中信建投证券股份有限公司上海营口路证券营业部,3666764.84,2.18,1765609.8,1.05,1901155.04,0,连续三个交易日内，涨幅偏离值累计达到12%的ST证券、*ST证券和未完成股改证券
20251104,000820.SZ,机构专用,3412599.0,2.03,2331942.0,1.39,1080657.0,0,连续三个交易日内，涨幅偏离值累计达到12%的ST证券、*ST证券和未完成股改证券
20251104,000820.SZ,机构专用,3403008.0,2.03,2068176.0,1.23,1334832.0,0,连续三个交易日内，涨幅偏离值累计达到12%的ST证券、*ST证券和未完成股改证券
20251104,000820.SZ,长城证券股份有限公司上海人民广场证券营业部,0.0,0.0,6382997.36,3.8,-6382997.36,1,连续三个交易日内，涨幅偏离值累计达到12%的ST证券、*ST证券和未完成股改证券
20251104,000820.SZ,招商证券股份有限公司北京安立路证券营业部,0.0,0.0,6035458.96,3.59,-6035458.96,1,连续三个交易日内，涨幅偏离值累计达到12%的ST证券、*ST证券和未完成股改证券
20251104,000820.SZ,中国银河证券股份有限公司北京珠市口大街证券营业部,7361522.0,4.38,4426012.0,2.64,2935510.0,1,连续三个交易日内，涨幅偏离值累计达到12%的ST证券、*ST证券和未完成股改证券
20251104,000820.SZ,国泰海通证券股份有限公司中山中山三路证券营业部,3717090.0,2.21,3786314.0,2.25,-69224.0,1,连续三个交易日内，涨幅偏离值累计达到12%的ST证券、*ST证券和未完成股改证券
20251104,000820.SZ,国元证券股份有限公司深圳深圳湾证券营业部,2851300.0,1.7,2995350.0,1.78,-144050.0,1,连续三个交易日内，涨幅偏离值累计达到12%的ST证券、*ST证券和未完成股改证券
20251104,000892.SZ,机构专用,32665852.0,1.97,16711981.0,1.01,15953871.0,0,日振幅值达到15%的前5只证券
20251104,000892.SZ,机构专用,26232179.0,1.58,4424275.0,0.27,21807904.0,0,日振幅值达到15%的前5只证券
20251104,000892.SZ,机构专用,15403809.0,0.93,4672410.0,0.28,10731399.0,0,日振幅值达到15%的前5只证券
20251104,000892.SZ,东方财富证券股份有限公司拉萨团结路第一证券营业部,15053112.0,0.91,6655106.0,0.4,8398006.0,0,日振幅值达到15%的前5只证券
20251104,000892.SZ,光大证券股份有限公司北京总部基地证券营业部,14944738.0,0.9,28259352.0,1.71,-13314614.0,0,日振幅值达到15%的前5只证券
20251104,000892.SZ,国泰海通证券股份有限公司成都北一环路证券营业部,613786.0,0.04,62098517.0,3.75,-61484731.0,1,日振幅值达到15%的前5只证券
20251104,000892.SZ,机构专用,0.0,0.0,51940063.0,3.13,-51940063.0,1,日振幅值达到15%的前5只证券
20251104,000892.SZ,开源证券股份有限公司西安西大街证券营业部,13704260.68,0.83,31248160.5,1.89,-17543899.82,1,日振幅值达到15%的前5只证券
20251104,000892.SZ,光大证券股份有限公司北京总部基地证券营业部,14944738.0,0.9,28259352.0,1.71,-13314614.0,1,日振幅值达到15%的前5只证券
20251104,000892.SZ,东莞证券股份有限公司南京分公司,12251603.0,0.74,21930594.0,1.32,-9678991.0,1,日振幅值达到15%的前5只证券
20251104,001386.SZ,机构专用,37460613.2,3.96,22801972.11,2.41,14658641.09,0,日换手率达到20%的前5只证券
20251104,001386.SZ,机构专用,19642018.39,2.08,20854932.0,2.2,-1212913.61,0,日换手率达到20%的前5只证券
20251104,001386.SZ,机构专用,18982990.64,2.01,12725626.14,1.34,6257364.5,0,日换手率达到20%的前5只证券
20251104,001386.SZ,国金证券股份有限公司深圳分公司,16198197.39,1.71,1320923.0,0.14,14877274.39,0,日换手率达到20%的前5只证券
20251104,001386.SZ,东莞证券股份有限公司南京分公司,13793818.28,1.46,2532800.0,0.27,11261018.28,0,日换手率达到20%的前5只证券
20251104,001386.SZ,机构专用,37460613.2,3.96,22801972.11,2.41,14658641.09,1,日换手率达到20%的前5只证券
20251104,001386.SZ,机构专用,19642018.39,2.08,20854932.0,2.2,-1212913.61,1,日换手率达到20%的前5只证券
20251104,001386.SZ,机构专用,9366316.9,0.99,18412154.88,1.95,-9045837.98,1,日换手率达到20%的前5只证券
20251104,001386.SZ,机构专用,18982990.64,2.01,12725626.14,1.34,6257364.5,1,日换手率达到20%的前5只证券
20251104,001386.SZ,国泰海通证券股份有限公司长沙五一大道第二证券营业部,27412.0,0.0,9771013.0,1.03,-9743601.0,1,日换手率达到20%的前5只证券
20251104,002112.SZ,国泰海通证券股份有限公司成都北一环路证券营业部,50690217.89,3.55,1919684.0,0.13,48770533.89,0,日换手率达到20%的前5只证券
20251104,002112.SZ,华鑫证券有限责任公司湖州大线场路证券营业部,46444468.0,3.25,0.0,0.0,46444468.0,0,日换手率达到20%的前5只证券
20251104,002112.SZ,开源证券股份有限公司西安西大街证券营业部,27177011.6,1.9,428537.0,0.03,26748474.6,0,日换手率达到20%的前5只证券
20251104,002112.SZ,机构专用,23260280.0,1.63,0.0,0.0,23260280.0,0,日换手率达到20%的前5只证券
20251104,002112.SZ,广发证券股份有限公司成都新光路证券营业部,22836203.0,1.6,0.0,0.0,22836203.0,0,日换手率达到20%的前5只证券
20251104,002112.SZ,机构专用,0.0,0.0,49946410.6,3.5,-49946410.6,1,日换手率达到20%的前5只证券
20251104,002112.SZ,国泰海通证券股份有限公司温州江滨西路证券营业部,21945.0,0.0,34654684.0,2.43,-34632739.0,1,日换手率达到20%的前5只证券
20251104,002112.SZ,机构专用,0.0,0.0,26561166.0,1.86,-26561166.0,1,日换手率达到20%的前5只证券
20251104,002112.SZ,机构专用,10261271.05,0.72,18098520.77,1.27,-7837249.72,1,日换手率达到20%的前5只证券
20251104,002112.SZ,东北证券股份有限公司杭州市心北路证券营业部,12365795.05,0.87,13130176.0,0.92,-764380.95,1,日换手率达到20%的前5只证券
20251104,002122.SZ,浙商证券股份有限公司湖南分公司,25060000.0,43.23,0.0,0.0,25060000.0,0,连续三个交易日内，跌幅偏离值累计达到12%的ST证券、*ST证券和未完成股改证券
20251104,002122.SZ,华泰证券股份有限公司徐州睢宁睢河北路证券营业部,2104682.0,3.63,0.0,0.0,2104682.0,0,连续三个交易日内，跌幅偏离值累计达到12%的ST证券、*ST证券和未完成股改证券
20251104,002122.SZ,中泰证券股份有限公司厦门厦禾路证券营业部,1615000.0,2.79,0.0,0.0,1615000.0,0,连续三个交易日内，跌幅偏离值累计达到12%的ST证券、*ST证券和未完成股改证券
20251104,002122.SZ,中银国际证券股份有限公司北京宣外大街证券营业部,1123000.0,1.94,0.0,0.0,1123000.0,0,连续三个交易日内，跌幅偏离值累计达到12%的ST证券、*ST证券和未完成股改证券
20251104,002122.SZ,中泰证券股份有限公司厦门七星西路证券营业部,969000.0,1.67,0.0,0.0,969000.0,0,连续三个交易日内，跌幅偏离值累计达到12%的ST证券、*ST证券和未完成股改证券
20251104,002122.SZ,国泰海通证券股份有限公司张家港人民中路证券营业部,0.0,0.0,6600279.0,11.38,-6600279.0,1,连续三个交易日内，跌幅偏离值累计达到12%的ST证券、*ST证券和未完成股改证券
20251104,002122.SZ,国联民生证券股份有限公司无锡清扬路证券营业部,0.0,0.0,5934924.0,10.24,-5934924.0,1,连续三个交易日内，跌幅偏离值累计达到12%的ST证券、*ST证券和未完成股改证券
20251104,002122.SZ,国联民生证券股份有限公司无锡梁清路证券营业部,0.0,0.0,2052610.0,3.54,-2052610.0,1,连续三个交易日内，跌幅偏离值累计达到12%的ST证券、*ST证券和未完成股改证券
20251104,002122.SZ,国信证券股份有限公司浙江互联网分公司,186760.0,0.32,1137586.0,1.96,-950826.0,1,连续三个交易日内，跌幅偏离值累计达到12%的ST证券、*ST证券和未完成股改证券
20251104,002122.SZ,机构专用,0.0,0.0,1019402.0,1.76,-1019402.0,1,连续三个交易日内，跌幅偏离值累计达到12%的ST证券、*ST证券和未完成股改证券
20251104,002163.SZ,深股通专用,87548223.28,3.41,101622400.86,3.96,-14074177.58,0,日振幅值达到15%的前5只证券
20251104,002163.SZ,国信证券股份有限公司浙江互联网分公司,40784879.8,1.59,20283883.43,0.79,20500996.37,0,日振幅值达到15%的前5只证券
20251104,002163.SZ,机构专用,31140487.21,1.21,12749729.0,0.5,18390758.21,0,日振幅值达到15%的前5只证券
20251104,002163.SZ,东方财富证券股份有限公司拉萨金融城南环路证券营业部,25395846.0,0.99,22531448.0,0.88,2864398.0,0,日振幅值达到15%的前5只证券
20251104,002163.SZ,中信证券股份有限公司浙江分公司,22994187.0,0.9,17067534.0,0.66,5926653.0,0,日振幅值达到15%的前5只证券
20251104,002163.SZ,深股通专用,87548223.28,3.41,101622400.86,3.96,-14074177.58,1,日振幅值达到15%的前5只证券
20251104,002163.SZ,国盛证券有限责任公司宁波桑田路证券营业部,1636867.0,0.06,82921578.44,3.23,-81284711.44,1,日振幅值达到15%的前5只证券
20251104,002163.SZ,联储证券股份有限公司上海松林路证券营业部,0.0,0.0,36403680.0,1.42,-36403680.0,1,日振幅值达到15%的前5只证券
20251104,002163.SZ,国信证券股份有限公司上海分公司,2054328.0,0.08,23725799.75,0.92,-21671471.75,1,日振幅值达到15%的前5只证券
20251104,002163.SZ,华宝证券股份有限公司上海东大名路证券营业部,1108906.0,0.04,23420649.3,0.91,-22311743.3,1,日振幅值达到15%的前5只证券
20251104,002213.SZ,机构专用,85255095.0,4.28,78580102.0,3.95,6674993.0,0,日换手率达到20%的前5只证券
20251104,002213.SZ,机构专用,29136980.0,1.46,19618568.0,0.99,9518412.0,0,日换手率达到20%的前5只证券
20251104,002213.SZ,东方财富证券股份有限公司拉萨东环路第二证券营业部,23866130.0,1.2,17269308.0,0.87,6596822.0,0,日换手率达到20%的前5只证券
20251104,002213.SZ,机构专用,22100639.0,1.11,58945570.0,2.96,-36844931.0,0,日换手率达到20%的前5只证券
20251104,002213.SZ,东方财富证券股份有限公司拉萨东环路第一证券营业部,17833775.0,0.9,18097281.0,0.91,-263506.0,0,日换手率达到20%的前5只证券
20251104,002213.SZ,机构专用,85255095.0,4.28,78580102.0,3.95,6674993.0,1,日换手率达到20%的前5只证券
20251104,002213.SZ,机构专用,22100639.0,1.11,58945570.0,2.96,-36844931.0,1,日换手率达到20%的前5只证券
20251104,002213.SZ,机构专用,29136980.0,1.46,19618568.0,0.99,9518412.0,1,日换手率达到20%的前5只证券
20251104,002213.SZ,招商证券股份有限公司深圳益田路免税商务大厦证券营业部,2554226.0,0.13,18338046.0,0.92,-15783820.0,1,日换手率达到20%的前5只证券
20251104,002213.SZ,东方财富证券股份有限公司拉萨东环路第一证券营业部,17833775.0,0.9,18097281.0,0.91,-263506.0,1,日换手率达到20%的前5只证券
20251104,002231.SZ,机构专用,3687602.0,2.38,2771547.0,1.79,916055.0,0,连续三个交易日内，涨幅偏离值累计达到12%的ST证券、*ST证券和未完成股改证券
20251104,002231.SZ,中国银河证券股份有限公司北京珠市口大街证券营业部,3340595.0,2.15,1351895.0,0.87,1988700.0,0,连续三个交易日内，涨幅偏离值累计达到12%的ST证券、*ST证券和未完成股改证券
20251104,002231.SZ,中信建投证券股份有限公司上海营口路证券营业部,2831625.0,1.82,1990431.0,1.28,841194.0,0,连续三个交易日内，涨幅偏离值累计达到12%的ST证券、*ST证券和未完成股改证券
20251104,002231.SZ,东海证券股份有限公司南京分公司,2680069.0,1.73,1001004.0,0.64,1679065.0,0,连续三个交易日内，涨幅偏离值累计达到12%的ST证券、*ST证券和未完成股改证券
20251104,002231.SZ,东方财富证券股份有限公司昌都两江大道证券营业部,2636603.0,1.7,1559721.0,1.0,1076882.0,0,连续三个交易日内，涨幅偏离值累计达到12%的ST证券、*ST证券和未完成股改证券
20251104,002231.SZ,国信证券股份有限公司四川分公司,52823.0,0.03,4714500.52,3.04,-4661677.52,1,连续三个交易日内，涨幅偏离值累计达到12%的ST证券、*ST证券和未完成股改证券
20251104,002231.SZ,机构专用,1842884.0,1.19,4656813.0,3.0,-2813929.0,1,连续三个交易日内，涨幅偏离值累计达到12%的ST证券、*ST证券和未完成股改证券
20251104,002231.SZ,华泰证券股份有限公司成都蜀金路证券营业部,318778.0,0.21,4120215.0,2.65,-3801437.0,1,连续三个交易日内，涨幅偏离值累计达到12%的ST证券、*ST证券和未完成股改证券
20251104,002231.SZ,机构专用,3687602.0,2.38,2771547.0,1.79,916055.0,1,连续三个交易日内，涨幅偏离值累计达到12%的ST证券、*ST证券和未完成股改证券
20251104,002231.SZ,恒泰证券股份有限公司沈阳奉天街证券营业部,2104991.0,1.36,2320052.0,1.49,-215061.0,1,连续三个交易日内，涨幅偏离值累计达到12%的ST证券、*ST证券和未完成股改证券
20251104,002255.SZ,国盛证券有限责任公司宁波桑田路证券营业部,81428319.0,6.39,88055054.0,6.91,-6626735.0,0,连续三个交易日内，涨幅偏离值累计达到20%的证券
20251104,002255.SZ,方正证券股份有限公司北京阜外大街证券营业部,54000000.0,5.21,1638360.0,0.16,52361640.0,0,日涨幅偏离值达到7%的前5只证券
20251104,002255.SZ,方正证券股份有限公司北京阜外大街证券营业部,54000000.0,4.24,1693352.0,0.13,52306648.0,0,连续三个交易日内，涨幅偏离值累计达到20%的证券
20251104,002255.SZ,深股通专用,53222507.0,5.14,17717973.0,1.71,35504534.0,0,日涨幅偏离值达到7%的前5只证券
20251104,002255.SZ,深股通专用,53222507.0,4.18,28168417.0,2.21,25054090.0,0,连续三个交易日内，涨幅偏离值累计达到20%的证券
20251104,002255.SZ,华鑫证券有限责任公司江苏分公司,36263414.0,3.5,1080000.0,0.1,35183414.0,0,日涨幅偏离值达到7%的前5只证券
20251104,002255.SZ,华鑫证券有限责任公司江苏分公司,36263414.0,2.85,1080000.0,0.08,35183414.0,0,连续三个交易日内，涨幅偏离值累计达到20%的证券
20251104,002255.SZ,国投证券股份有限公司西安朱雀大街证券营业部,32076000.0,3.1,10800.0,0.0,32065200.0,0,日涨幅偏离值达到7%的前5只证券
20251104,002255.SZ,国投证券股份有限公司西安朱雀大街证券营业部,32076000.0,2.52,10800.0,0.0,32065200.0,0,连续三个交易日内，涨幅偏离值累计达到20%的证券
20251104,002255.SZ,开源证券股份有限公司西安高新成章路证券营业部,23976000.0,2.31,0.0,0.0,23976000.0,0,日涨幅偏离值达到7%的前5只证券
20251104,002255.SZ,国盛证券有限责任公司宁波桑田路证券营业部,81428319.0,6.39,88055054.0,6.91,-6626735.0,1,连续三个交易日内，涨幅偏离值累计达到20%的证券
20251104,002255.SZ,国盛证券有限责任公司宁波桑田路证券营业部,1431653.0,0.14,88038360.0,8.5,-86606707.0,1,日涨幅偏离值达到7%的前5只证券
20251104,002255.SZ,东吴证券股份有限公司张家港杨舍证券营业部,5545220.0,0.44,28753278.0,2.26,-23208058.0,1,连续三个交易日内，涨幅偏离值累计达到20%的证券
20251104,002255.SZ,深股通专用,53222507.0,4.18,28168417.0,2.21,25054090.0,1,连续三个交易日内，涨幅偏离值累计达到20%的证券
20251104,002255.SZ,东吴证券股份有限公司张家港杨舍证券营业部,5545220.0,0.54,26213826.0,2.53,-20668606.0,1,日涨幅偏离值达到7%的前5只证券
20251104,002255.SZ,华泰证券股份有限公司张家港杨舍东街证券营业部,130515.0,0.01,22307992.0,1.75,-22177477.0,1,连续三个交易日内，涨幅偏离值累计达到20%的证券
20251104,002255.SZ,国金证券股份有限公司福州长乐中路证券营业部,4212000.0,0.41,21580560.0,2.08,-17368560.0,1,日涨幅偏离值达到7%的前5只证券
20251104,002255.SZ,国金证券股份有限公司福州长乐中路证券营业部,23834324.0,1.87,21580560.0,1.69,2253764.0,1,连续三个交易日内，涨幅偏离值累计达到20%的证券
20251104,002255.SZ,华泰证券股份有限公司张家港杨舍东街证券营业部,130515.0,0.01,20867398.0,2.01,-20736883.0,1,日涨幅偏离值达到7%的前5只证券
20251104,002255.SZ,申港证券股份有限公司浙江分公司,0.0,0.0,20565360.0,1.99,-20565360.0,1,日涨幅偏离值达到7%的前5只证券
20251104,002370.SZ,机构专用,122686903.48,4.73,57829747.43,2.23,64857156.05,0,日换手率达到20%的前5只证券
20251104,002370.SZ,机构专用,64705762.33,2.5,28546784.0,1.1,36158978.33,0,日换手率达到20%的前5只证券
20251104,002370.SZ,机构专用,58703410.25,2.27,84579610.64,3.26,-25876200.39,0,日换手率达到20%的前5只证券
20251104,002370.SZ,机构专用,55839212.22,2.15,42973715.38,1.66,12865496.84,0,日换手率达到20%的前5只证券
20251104,002370.SZ,机构专用,29090024.2,1.12,8223043.0,0.32,20866981.2,0,日换手率达到20%的前5只证券
20251104,002370.SZ,机构专用,58703410.25,2.27,84579610.64,3.26,-25876200.39,1,日换手率达到20%的前5只证券
20251104,002370.SZ,机构专用,122686903.48,4.73,57829747.43,2.23,64857156.05,1,日换手率达到20%的前5只证券
20251104,002370.SZ,机构专用,55839212.22,2.15,42973715.38,1.66,12865496.84,1,日换手率达到20%的前5只证券
20251104,002370.SZ,机构专用,14580305.0,0.56,35140411.0,1.36,-20560106.0,1,日换手率达到20%的前5只证券
20251104,002370.SZ,机构专用,64705762.33,2.5,28546784.0,1.1,36158978.33,1,日换手率达到20%的前5只证券
20251104,002421.SZ,长城证券股份有限公司深圳福华路证券营业部,59816893.0,8.37,0.0,0.0,59816893.0,0,日跌幅偏离值达到7%的前5只证券
20251104,002421.SZ,深股通专用,24499896.0,3.43,16130277.1,2.26,8369618.9,0,日跌幅偏离值达到7%的前5只证券
20251104,002421.SZ,国泰海通证券股份有限公司重庆万州北滨大道证券营业部,14427148.0,2.02,309.0,0.0,14426839.0,0,日跌幅偏离值达到7%的前5只证券
20251104,002421.SZ,中国银河证券股份有限公司北京中关村大街证券营业部,12515420.0,1.75,265725.0,0.04,12249695.0,0,日跌幅偏离值达到7%的前5只证券
20251104,002421.SZ,中国银河证券股份有限公司江苏分公司,9985923.0,1.4,4351.0,0.0,9981572.0,0,日跌幅偏离值达到7%的前5只证券
20251104,002421.SZ,深股通专用,24499896.0,3.43,16130277.1,2.26,8369618.9,1,日跌幅偏离值达到7%的前5只证券
20251104,002421.SZ,国泰海通证券股份有限公司上海静安区北京西路证券营业部,810431.0,0.11,14249218.0,2.0,-13438787.0,1,日跌幅偏离值达到7%的前5只证券
20251104,002421.SZ,东莞证券股份有限公司湖北分公司,21532.0,0.0,9018613.0,1.26,-8997081.0,1,日跌幅偏离值达到7%的前5只证券
20251104,002421.SZ,招商证券股份有限公司西安北大街证券营业部,452243.0,0.06,5958070.0,0.83,-5505827.0,1,日跌幅偏离值达到7%的前5只证券
20251104,002421.SZ,方正证券股份有限公司上海静安区延平路证券营业部,38312.0,0.01,5601249.0,0.78,-5562937.0,1,日跌幅偏离值达到7%的前5只证券
20251104,002431.SZ,机构专用,48534513.0,3.31,31754853.54,2.17,16779659.46,0,连续三个交易日内，涨幅偏离值累计达到20%的证券
20251104,002431.SZ,开源证券股份有限公司西安西大街证券营业部,43579152.0,2.98,45111116.7,3.08,-1531964.7,0,连续三个交易日内，涨幅偏离值累计达到20%的证券
20251104,002431.SZ,招商证券股份有限公司深圳红岭路证券营业部,27750228.0,1.9,29130568.0,1.99,-1380340.0,0,连续三个交易日内，涨幅偏离值累计达到20%的证券
20251104,002431.SZ,国泰海通证券股份有限公司上海长宁区天山路证券营业部,27153253.0,1.85,28253750.0,1.93,-1100497.0,0,连续三个交易日内，涨幅偏离值累计达到20%的证券
20251104,002431.SZ,机构专用,23171738.0,1.58,18424356.0,1.26,4747382.0,0,连续三个交易日内，涨幅偏离值累计达到20%的证券
20251104,002431.SZ,开源证券股份有限公司西安西大街证券营业部,43579152.0,2.98,45111116.7,3.08,-1531964.7,1,连续三个交易日内，涨幅偏离值累计达到20%的证券
20251104,002431.SZ,机构专用,48534513.0,3.31,31754853.54,2.17,16779659.46,1,连续三个交易日内，涨幅偏离值累计达到20%的证券
20251104,002431.SZ,招商证券股份有限公司深圳红岭路证券营业部,27750228.0,1.9,29130568.0,1.99,-1380340.0,1,连续三个交易日内，涨幅偏离值累计达到20%的证券
20251104,002431.SZ,国泰海通证券股份有限公司上海长宁区天山路证券营业部,27153253.0,1.85,28253750.0,1.93,-1100497.0,1,连续三个交易日内，涨幅偏离值累计达到20%的证券
20251104,002431.SZ,机构专用,23171738.0,1.58,18424356.0,1.26,4747382.0,1,连续三个交易日内，涨幅偏离值累计达到20%的证券
20251104,002569.SZ,华源证券股份有限公司江苏分公司,8208101.0,6.57,7827287.0,6.27,380814.0,0,连续三个交易日内，涨幅偏离值累计达到12%的ST证券、*ST证券和未完成股改证券
20251104,002569.SZ,机构专用,8051696.98,6.45,1989.0,0.0,8049707.98,0,连续三个交易日内，涨幅偏离值累计达到12%的ST证券、*ST证券和未完成股改证券
20251104,002569.SZ,机构专用,6268875.0,5.02,1046860.0,0.84,5222015.0,0,连续三个交易日内，涨幅偏离值累计达到12%的ST证券、*ST证券和未完成股改证券
20251104,002569.SZ,机构专用,5117005.97,4.1,2727631.0,2.18,2389374.97,0,连续三个交易日内，涨幅偏离值累计达到12%的ST证券、*ST证券和未完成股改证券
20251104,002569.SZ,机构专用,5017874.0,4.02,1424350.0,1.14,3593524.0,0,连续三个交易日内，涨幅偏离值累计达到12%的ST证券、*ST证券和未完成股改证券
20251104,002569.SZ,华源证券股份有限公司江苏分公司,8208101.0,6.57,7827287.0,6.27,380814.0,1,连续三个交易日内，涨幅偏离值累计达到12%的ST证券、*ST证券和未完成股改证券
20251104,002569.SZ,国元证券股份有限公司陕西分公司,472198.0,0.38,6749609.0,5.41,-6277411.0,1,连续三个交易日内，涨幅偏离值累计达到12%的ST证券、*ST证券和未完成股改证券
20251104,002569.SZ,机构专用,4708165.0,3.77,3308947.0,2.65,1399218.0,1,连续三个交易日内，涨幅偏离值累计达到12%的ST证券、*ST证券和未完成股改证券
20251104,002569.SZ,中信建投证券股份有限公司上海闵行区顾戴路证券营业部,0.0,0.0,2756664.0,2.21,-2756664.0,1,连续三个交易日内，涨幅偏离值累计达到12%的ST证券、*ST证券和未完成股改证券
20251104,002569.SZ,机构专用,5117005.97,4.1,2727631.0,2.18,2389374.97,1,连续三个交易日内，涨幅偏离值累计达到12%的ST证券、*ST证券和未完成股改证券
20251104,002611.SZ,深股通专用,773445140.43,4.4,539839492.48,3.07,233605647.95,0,连续三个交易日内，涨幅偏离值累计达到20%的证券
20251104,002611.SZ,国泰海通证券股份有限公司成都北一环路证券营业部,248173865.82,1.41,249547170.19,1.42,-1373304.37,0,连续三个交易日内，涨幅偏离值累计达到20%的证券
20251104,002611.SZ,国泰海通证券股份有限公司上海静安区新闸路证券营业部,214918518.32,1.22,224206873.25,1.27,-9288354.93,0,连续三个交易日内，涨幅偏离值累计达到20%的证券
20251104,002611.SZ,东方财富证券股份有限公司拉萨金融城南环路证券营业部,147910790.3,0.84,130324136.36,0.74,17586653.94,0,连续三个交易日内，涨幅偏离值累计达到20%的证券
20251104,002611.SZ,机构专用,143925663.55,0.82,85203884.48,0.48,58721779.07,0,连续三个交易日内，涨幅偏离值累计达到20%的证券
20251104,002611.SZ,深股通专用,773445140.43,4.4,539839492.48,3.07,233605647.95,1,连续三个交易日内，涨幅偏离值累计达到20%的证券
20251104,002611.SZ,国泰海通证券股份有限公司成都北一环路证券营业部,248173865.82,1.41,249547170.19,1.42,-1373304.37,1,连续三个交易日内，涨幅偏离值累计达到20%的证券
20251104,002611.SZ,国泰海通证券股份有限公司上海静安区新闸路证券营业部,214918518.32,1.22,224206873.25,1.27,-9288354.93,1,连续三个交易日内，涨幅偏离值累计达到20%的证券
20251104,002611.SZ,东方财富证券股份有限公司拉萨金融城南环路证券营业部,147910790.3,0.84,130324136.36,0.74,17586653.94,1,连续三个交易日内，涨幅偏离值累计达到20%的证券
20251104,002611.SZ,开源证券股份有限公司西安西大街证券营业部,120561163.0,0.69,122584702.46,0.7,-2023539.46,1,连续三个交易日内，涨幅偏离值累计达到20%的证券
20251104,002639.SZ,深股通专用,128412091.08,5.97,53163245.59,2.47,75248845.49,0,日涨幅偏离值达到7%的前5只证券
20251104,002639.SZ,中泰证券股份有限公司湖北分公司,90460921.0,4.21,1225.0,0.0,90459696.0,0,日涨幅偏离值达到7%的前5只证券
20251104,002639.SZ,国泰海通证券股份有限公司上海静安区新闸路证券营业部,79759680.0,3.71,128830.0,0.01,79630850.0,0,日涨幅偏离值达到7%的前5只证券
20251104,002639.SZ,国泰海通证券股份有限公司成都北一环路证券营业部,72133297.0,3.35,651178.0,0.03,71482119.0,0,日涨幅偏离值达到7%的前5只证券
20251104,002639.SZ,开源证券股份有限公司西安西大街证券营业部,60405723.0,2.81,225706.0,0.01,60180017.0,0,日涨幅偏离值达到7%的前5只证券
20251104,002639.SZ,申万宏源证券有限公司上海静安区康定路证券营业部,11620.0,0.0,209298597.31,9.73,-209286977.31,1,日涨幅偏离值达到7%的前5只证券
20251104,002639.SZ,中信建投证券股份有限公司福州长乐朝阳中路证券营业部,11770.0,0.0,57966747.95,2.7,-57954977.95,1,日涨幅偏离值达到7%的前5只证券
20251104,002639.SZ,深股通专用,128412091.08,5.97,53163245.59,2.47,75248845.49,1,日涨幅偏离值达到7%的前5只证券
20251104,002639.SZ,信达证券股份有限公司福建分公司,15040.0,0.0,19061334.0,0.89,-19046294.0,1,日涨幅偏离值达到7%的前5只证券
20251104,002639.SZ,机构专用,17185160.0,0.8,16974730.0,0.79,210430.0,1,日涨幅偏离值达到7%的前5只证券
20251104,002679.SZ,机构专用,24009856.72,4.18,11962136.89,2.08,12047719.83,0,日振幅值达到15%的前5只证券
20251104,002679.SZ,国信证券股份有限公司浙江互联网分公司,12494583.0,2.17,9725141.12,1.69,2769441.88,0,日振幅值达到15%的前5只证券
20251104,002679.SZ,机构专用,10781777.0,1.88,6649082.0,1.16,4132695.0,0,日振幅值达到15%的前5只证券
20251104,002679.SZ,国新证券股份有限公司北京分公司,10504286.0,1.83,0.0,0.0,10504286.0,0,日振幅值达到15%的前5只证券
20251104,002679.SZ,机构专用,9079192.0,1.58,7421501.0,1.29,1657691.0,0,日振幅值达到15%的前5只证券
20251104,002679.SZ,机构专用,24009856.72,4.18,11962136.89,2.08,12047719.83,1,日振幅值达到15%的前5只证券
20251104,002679.SZ,国信证券股份有限公司浙江互联网分公司,12494583.0,2.17,9725141.12,1.69,2769441.88,1,日振幅值达到15%的前5只证券
20251104,002679.SZ,机构专用,4479953.0,0.78,7787427.0,1.36,-3307474.0,1,日振幅值达到15%的前5只证券
20251104,002679.SZ,机构专用,9079192.0,1.58,7421501.0,1.29,1657691.0,1,日振幅值达到15%的前5只证券
20251104,002679.SZ,机构专用,10781777.0,1.88,6649082.0,1.16,4132695.0,1,日振幅值达到15%的前5只证券
20251104,002790.SZ,华鑫证券有限责任公司上海源深路证券营业部,8133948.12,1.3,12259001.0,1.95,-4125052.88,0,日跌幅偏离值达到7%的前5只证券
20251104,002790.SZ,广发证券股份有限公司成都新光路证券营业部,7885886.0,1.26,5309.0,0.0,7880577.0,0,日跌幅偏离值达到7%的前5只证券
20251104,002790.SZ,东方财富证券股份有限公司拉萨团结路第一证券营业部,6937378.2,1.11,3892645.0,0.62,3044733.2,0,日跌幅偏离值达到7%的前5只证券
20251104,002790.SZ,国信证券股份有限公司浙江互联网分公司,6435258.0,1.03,7398618.84,1.18,-963360.84,0,日跌幅偏离值达到7%的前5只证券
20251104,002790.SZ,东方财富证券股份有限公司拉萨金融城南环路证券营业部,6430926.72,1.02,4407486.0,0.7,2023440.72,0,日跌幅偏离值达到7%的前5只证券
20251104,002790.SZ,华鑫证券有限责任公司苏州分公司,1845560.0,0.29,15435800.0,2.46,-13590240.0,1,日跌幅偏离值达到7%的前5只证券
20251104,002790.SZ,华鑫证券有限责任公司武汉文治街证券营业部,27898.0,0.0,15281947.0,2.44,-15254049.0,1,日跌幅偏离值达到7%的前5只证券
20251104,002790.SZ,华鑫证券有限责任公司上海光复路证券营业部,2301655.08,0.37,14540220.0,2.32,-12238564.92,1,日跌幅偏离值达到7%的前5只证券
20251104,002790.SZ,华鑫证券有限责任公司苏州总官堂路证券营业部,0.0,0.0,13254660.99,2.11,-13254660.99,1,日跌幅偏离值达到7%的前5只证券
20251104,002790.SZ,华鑫证券有限责任公司上海源深路证券营业部,8133948.12,1.3,12259001.0,1.95,-4125052.88,1,日跌幅偏离值达到7%的前5只证券
20251104,002885.SZ,机构专用,108289086.7,3.14,59152719.75,1.71,49136366.95,0,连续三个交易日内，涨幅偏离值累计达到20%的证券
20251104,002885.SZ,机构专用,83187352.93,2.41,47142464.0,1.37,36044888.93,0,连续三个交易日内，涨幅偏离值累计达到20%的证券
20251104,002885.SZ,机构专用,80557554.7,3.33,43158691.55,1.79,37398863.15,0,日涨幅偏离值达到7%的前5只证券
20251104,002885.SZ,机构专用,80557554.7,3.33,43158691.55,1.79,37398863.15,0,日换手率达到20%的前5只证券
20251104,002885.SZ,兴业证券股份有限公司厦门湖里大道证券营业部,75486405.0,2.19,33990284.0,0.98,41496121.0,0,连续三个交易日内，涨幅偏离值累计达到20%的证券
20251104,002885.SZ,国泰海通证券股份有限公司济南舜华路证券营业部,68861693.0,1.99,0.0,0.0,68861693.0,0,连续三个交易日内，涨幅偏离值累计达到20%的证券
20251104,002885.SZ,国泰海通证券股份有限公司济南舜华路证券营业部,68861693.0,2.85,0.0,0.0,68861693.0,0,日换手率达到20%的前5只证券
20251104,002885.SZ,国泰海通证券股份有限公司济南舜华路证券营业部,68861693.0,2.85,0.0,0.0,68861693.0,0,日涨幅偏离值达到7%的前5只证券
20251104,002885.SZ,机构专用,66602200.93,2.76,33108805.0,1.37,33493395.93,0,日涨幅偏离值达到7%的前5只证券
20251104,002885.SZ,机构专用,66602200.93,2.76,33108805.0,1.37,33493395.93,0,日换手率达到20%的前5只证券
20251104,002885.SZ,浙商证券股份有限公司杭州五星路证券营业部,65622091.2,1.9,89552.0,0.0,65532539.2,0,连续三个交易日内，涨幅偏离值累计达到20%的证券
20251104,002885.SZ,浙商证券股份有限公司杭州五星路证券营业部,65581803.2,2.71,46912.0,0.0,65534891.2,0,日涨幅偏离值达到7%的前5只证券
20251104,002885.SZ,浙商证券股份有限公司杭州五星路证券营业部,65581803.2,2.71,46912.0,0.0,65534891.2,0,日换手率达到20%的前5只证券
20251104,002885.SZ,国泰海通证券股份有限公司上海长宁区江苏路证券营业部,61551422.0,2.55,4321924.0,0.18,57229498.0,0,日涨幅偏离值达到7%的前5只证券
20251104,002885.SZ,国泰海通证券股份有限公司上海长宁区江苏路证券营业部,61551422.0,2.55,4321924.0,0.18,57229498.0,0,日换手率达到20%的前5只证券
20251104,002885.SZ,机构专用,49994842.8,1.45,81627276.96,2.36,-31632434.16,1,连续三个交易日内，涨幅偏离值累计达到20%的证券
20251104,002885.SZ,中国国际金融股份有限公司上海分公司,21049813.33,0.61,76216501.8,2.21,-55166688.47,1,连续三个交易日内，涨幅偏离值累计达到20%的证券
20251104,002885.SZ,中信证券股份有限公司北京北三环中路证券营业部,18549539.6,0.54,68672541.6,1.99,-50123002.0,1,连续三个交易日内，涨幅偏离值累计达到20%的证券
20251104,002885.SZ,机构专用,21241277.6,0.62,65038374.2,1.88,-43797096.6,1,连续三个交易日内，涨幅偏离值累计达到20%的证券
20251104,002885.SZ,机构专用,51763083.82,1.5,64457601.0,1.87,-12694517.18,1,连续三个交易日内，涨幅偏离值累计达到20%的证券
20251104,002885.SZ,机构专用,13452290.22,0.56,63671809.0,2.63,-50219518.78,1,日换手率达到20%的前5只证券
20251104,002885.SZ,机构专用,13452290.22,0.56,63671809.0,2.63,-50219518.78,1,日涨幅偏离值达到7%的前5只证券
20251104,002885.SZ,机构专用,36399291.0,1.51,59458508.96,2.46,-23059217.96,1,日换手率达到20%的前5只证券
20251104,002885.SZ,机构专用,36399291.0,1.51,59458508.96,2.46,-23059217.96,1,日涨幅偏离值达到7%的前5只证券
20251104,002885.SZ,中国国际金融股份有限公司上海分公司,16400135.33,0.68,58843874.8,2.44,-42443739.47,1,日换手率达到20%的前5只证券
20251104,002885.SZ,中国国际金融股份有限公司上海分公司,16400135.33,0.68,58843874.8,2.44,-42443739.47,1,日涨幅偏离值达到7%的前5只证券
20251104,002885.SZ,机构专用,13609936.6,0.56,48901807.2,2.02,-35291870.6,1,日换手率达到20%的前5只证券
20251104,002885.SZ,机构专用,13609936.6,0.56,48901807.2,2.02,-35291870.6,1,日涨幅偏离值达到7%的前5只证券
20251104,002885.SZ,国泰海通证券股份有限公司上海闵行区号文路证券营业部,11134.0,0.0,47717761.0,1.97,-47706627.0,1,日换手率达到20%的前5只证券
20251104,002885.SZ,国泰海通证券股份有限公司上海闵行区号文路证券营业部,11134.0,0.0,47717761.0,1.97,-47706627.0,1,日涨幅偏离值达到7%的前5只证券
20251104,300062.SZ,国泰海通证券股份有限公司成都北一环路证券营业部,47750953.0,7.8,49057.0,0.01,47701896.0,0,日涨幅达到15%的前5只证券
20251104,300062.SZ,中信证券股份有限公司东阳吴宁西路证券营业部,22624199.0,3.7,3835.0,0.0,22620364.0,0,日涨幅达到15%的前5只证券
20251104,300062.SZ,华鑫证券有限责任公司上海嘉定棋盘路证券营业部,20053215.0,3.28,192684.0,0.03,19860531.0,0,日涨幅达到15%的前5只证券
20251104,300062.SZ,开源证券股份有限公司西安西大街证券营业部,19546695.87,3.19,59116.0,0.01,19487579.87,0,日涨幅达到15%的前5只证券
20251104,300062.SZ,国盛证券有限责任公司上海浦东新区东方路证券营业部,15699723.0,2.56,0.0,0.0,15699723.0,0,日涨幅达到15%的前5只证券
20251104,300062.SZ,国新证券股份有限公司岳阳大道证券营业部,0.0,0.0,11768024.6,1.92,-11768024.6,1,日涨幅达到15%的前5只证券
20251104,300062.SZ,机构专用,0.0,0.0,11466343.2,1.87,-11466343.2,1,日涨幅达到15%的前5只证券
20251104,300062.SZ,方正证券股份有限公司衡阳祁东永昌大道证券营业部,0.0,0.0,10092261.0,1.65,-10092261.0,1,日涨幅达到15%的前5只证券
20251104,300062.SZ,华泰证券股份有限公司上海徐汇区龙启路证券营业部,2301.0,0.0,6304740.0,1.03,-6302439.0,1,日涨幅达到15%的前5只证券
20251104,300062.SZ,广发证券股份有限公司江门天长路证券营业部,726.0,0.0,5183686.0,0.85,-5182960.0,1,日涨幅达到15%的前5只证券
20251104,300255.SZ,深股通专用,170495413.5,3.85,202656382.96,4.57,-32160969.46,0,日跌幅达到15%的前5只证券
20251104,300255.SZ,申万宏源证券有限公司深圳上步中路证券营业部,43410485.0,0.98,45182544.57,1.02,-1772059.57,0,日跌幅达到15%的前5只证券
20251104,300255.SZ,东方财富证券股份有限公司拉萨东环路第二证券营业部,42369071.18,0.96,28992362.1,0.65,13376709.08,0,日跌幅达到15%的前5只证券
20251104,300255.SZ,中信证券股份有限公司浙江分公司,38096662.23,0.86,19727319.0,0.44,18369343.23,0,日跌幅达到15%的前5只证券
20251104,300255.SZ,东方财富证券股份有限公司拉萨金融城南环路证券营业部,33827208.0,0.76,25138103.2,0.57,8689104.8,0,日跌幅达到15%的前5只证券
20251104,300255.SZ,深股通专用,170495413.5,3.85,202656382.96,4.57,-32160969.46,1,日跌幅达到15%的前5只证券
20251104,300255.SZ,中国银河证券股份有限公司宁德证券营业部,518029.0,0.01,141891144.56,3.2,-141373115.56,1,日跌幅达到15%的前5只证券
20251104,300255.SZ,中银国际证券股份有限公司北京宣外大街证券营业部,1624890.0,0.04,91726971.26,2.07,-90102081.26,1,日跌幅达到15%的前5只证券
20251104,300255.SZ,华福证券有限责任公司苏州相城区阳澄湖中路证券营业部,579500.0,0.01,84979800.36,1.92,-84400300.36,1,日跌幅达到15%的前5只证券
20251104,300255.SZ,机构专用,5151054.0,0.12,60864634.63,1.37,-55713580.63,1,日跌幅达到15%的前5只证券
20251104,300300.SZ,自然人,13229530065.38,79.91,13775817381.98,83.21,-546287316.6,0,严重异常期间日收盘价格涨幅偏离值累计达到100%的证券
20251104,300300.SZ,中小投资者,9529963365.18,57.56,9542390223.48,57.64,-12426858.3,0,严重异常期间日收盘价格涨幅偏离值累计达到100%的证券
20251104,300300.SZ,其他自然人,3699566700.2,22.35,4233427158.5,25.57,-533860458.3,0,严重异常期间日收盘价格涨幅偏离值累计达到100%的证券
20251104,300300.SZ,机构投资者,3326442892.33,20.09,2780155575.73,16.79,546287316.6,0,严重异常期间日收盘价格涨幅偏离值累计达到100%的证券
20251104,300300.SZ,机构专用,263334190.25,2.9,124752225.0,1.37,138581965.25,0,连续三个交易日内，涨幅偏离值累计达到30%的证券
20251104,300300.SZ,机构专用,159630406.75,1.76,82017521.45,0.9,77612885.3,0,连续三个交易日内，涨幅偏离值累计达到30%的证券
20251104,300300.SZ,机构专用,155932000.67,4.47,84475565.0,2.42,71456435.67,0,日换手率达到30%的前5只证券
20251104,300300.SZ,机构专用,155932000.67,4.47,84475565.0,2.42,71456435.67,0,日涨幅达到15%的前5只证券
20251104,300300.SZ,机构专用,129877041.94,1.43,101397719.54,1.12,28479322.4,0,连续三个交易日内，涨幅偏离值累计达到30%的证券
20251104,300300.SZ,机构专用,101015401.59,2.9,25450544.0,0.73,75564857.59,0,日换手率达到30%的前5只证券
20251104,300300.SZ,机构专用,101015401.59,2.9,25450544.0,0.73,75564857.59,0,日涨幅达到15%的前5只证券
20251104,300300.SZ,机构专用,100269028.79,1.1,121868587.1,1.34,-21599558.31,0,连续三个交易日内，涨幅偏离值累计达到30%的证券
20251104,300300.SZ,东方财富证券股份有限公司拉萨东环路第二证券营业部,88607284.99,0.98,84297903.14,0.93,4309381.85,0,连续三个交易日内，涨幅偏离值累计达到30%的证券
20251104,300300.SZ,机构专用,63035599.3,1.81,27349798.0,0.78,35685801.3,0,日换手率达到30%的前5只证券
20251104,300300.SZ,机构专用,63035599.3,1.81,27349798.0,0.78,35685801.3,0,日涨幅达到15%的前5只证券
20251104,300300.SZ,机构专用,48739385.28,1.4,7916421.0,0.23,40822964.28,0,日换手率达到30%的前5只证券
20251104,300300.SZ,机构专用,48739385.28,1.4,7916421.0,0.23,40822964.28,0,日涨幅达到15%的前5只证券
20251104,300300.SZ,华泰证券股份有限公司江西分公司,38160352.29,1.09,501316.0,0.01,37659036.29,0,日换手率达到30%的前5只证券
20251104,300300.SZ,华泰证券股份有限公司江西分公司,38160352.29,1.09,501316.0,0.01,37659036.29,0,日涨幅达到15%的前5只证券
20251104,300300.SZ,深股通投资者,0.0,0.0,0.0,0.0,0.0,0,严重异常期间日收盘价格涨幅偏离值累计达到100%的证券
20251104,300300.SZ,自然人,13229530065.38,79.91,13775817381.98,83.21,-546287316.6,1,严重异常期间日收盘价格涨幅偏离值累计达到100%的证券
20251104,300300.SZ,中小投资者,9529963365.18,57.56,9542390223.48,57.64,-12426858.3,1,严重异常期间日收盘价格涨幅偏离值累计达到100%的证券
20251104,300300.SZ,其他自然人,3699566700.2,22.35,4233427158.5,25.57,-533860458.3,1,严重异常期间日收盘价格涨幅偏离值累计达到100%的证券
20251104,300300.SZ,机构投资者,3326442892.33,20.09,2780155575.73,16.79,546287316.6,1,严重异常期间日收盘价格涨幅偏离值累计达到100%的证券
20251104,300300.SZ,机构专用,263334190.25,2.9,124752225.0,1.37,138581965.25,1,连续三个交易日内，涨幅偏离值累计达到30%的证券
20251104,300300.SZ,机构专用,100269028.79,1.1,121868587.1,1.34,-21599558.31,1,连续三个交易日内，涨幅偏离值累计达到30%的证券
20251104,300300.SZ,机构专用,129877041.94,1.43,101397719.54,1.12,28479322.4,1,连续三个交易日内，涨幅偏离值累计达到30%的证券
20251104,300300.SZ,机构专用,155932000.67,4.47,84475565.0,2.42,71456435.67,1,日换手率达到30%的前5只证券
20251104,300300.SZ,机构专用,155932000.67,4.47,84475565.0,2.42,71456435.67,1,日涨幅达到15%的前5只证券
20251104,300300.SZ,东方财富证券股份有限公司拉萨东环路第二证券营业部,88607284.99,0.98,84297903.14,0.93,4309381.85,1,连续三个交易日内，涨幅偏离值累计达到30%的证券
20251104,300300.SZ,东方财富证券股份有限公司拉萨团结路第二证券营业部,71324300.98,0.79,83904486.05,0.92,-12580185.07,1,连续三个交易日内，涨幅偏离值累计达到30%的证券
20251104,300300.SZ,东方财富证券股份有限公司拉萨团结路第二证券营业部,21472364.1,0.62,39356798.06,1.13,-17884433.96,1,日换手率达到30%的前5只证券
20251104,300300.SZ,东方财富证券股份有限公司拉萨团结路第二证券营业部,21472364.1,0.62,39356798.06,1.13,-17884433.96,1,日涨幅达到15%的前5只证券
20251104,300300.SZ,广发证券股份有限公司福州古田路证券营业部,3679162.0,0.11,36448593.09,1.05,-32769431.09,1,日换手率达到30%的前5只证券
20251104,300300.SZ,广发证券股份有限公司福州古田路证券营业部,3679162.0,0.11,36448593.09,1.05,-32769431.09,1,日涨幅达到15%的前5只证券
20251104,300300.SZ,东方财富证券股份有限公司拉萨东环路第二证券营业部,33695940.61,0.97,33918653.41,0.97,-222712.8,1,日换手率达到30%的前5只证券
20251104,300300.SZ,东方财富证券股份有限公司拉萨东环路第二证券营业部,33695940.61,0.97,33918653.41,0.97,-222712.8,1,日涨幅达到15%的前5只证券
20251104,300300.SZ,东方财富证券股份有限公司拉萨金融城南环路证券营业部,27138665.0,0.78,28418119.0,0.82,-1279454.0,1,日换手率达到30%的前5只证券
20251104,300300.SZ,东方财富证券股份有限公司拉萨金融城南环路证券营业部,27138665.0,0.78,28418119.0,0.82,-1279454.0,1,日涨幅达到15%的前5只证券
20251104,300300.SZ,深股通投资者,0.0,0.0,0.0,0.0,0.0,1,严重异常期间日收盘价格涨幅偏离值累计达到100%的证券
20251104,300402.SZ,机构专用,38715346.0,2.4,3547118.01,0.22,35168227.99,0,连续三个交易日内，涨幅偏离值累计达到30%的证券
20251104,300402.SZ,机构专用,38715346.0,2.74,2861028.01,0.2,35854317.99,0,日涨幅达到15%的前5只证券
20251104,300402.SZ,国盛证券有限责任公司宁波桑田路证券营业部,35997689.0,2.23,38448651.0,2.38,-2450962.0,0,连续三个交易日内，涨幅偏离值累计达到30%的证券
20251104,300402.SZ,开源证券股份有限公司西安西大街证券营业部,31500708.0,1.95,1080877.0,0.07,30419831.0,0,连续三个交易日内，涨幅偏离值累计达到30%的证券
20251104,300402.SZ,开源证券股份有限公司西安西大街证券营业部,31500708.0,2.23,619842.0,0.04,30880866.0,0,日涨幅达到15%的前5只证券
20251104,300402.SZ,爱建证券有限责任公司上海锦康路证券营业部,28290069.0,1.75,30627870.0,1.9,-2337801.0,0,连续三个交易日内，涨幅偏离值累计达到30%的证券
20251104,300402.SZ,国泰海通证券股份有限公司广州珠江新城营业部,28077790.0,1.74,0.0,0.0,28077790.0,0,连续三个交易日内，涨幅偏离值累计达到30%的证券
20251104,300402.SZ,国泰海通证券股份有限公司广州珠江新城营业部,28077790.0,1.99,0.0,0.0,28077790.0,0,日涨幅达到15%的前5只证券
20251104,300402.SZ,机构专用,26501525.0,1.87,10414737.09,0.74,16086787.91,0,日涨幅达到15%的前5只证券
20251104,300402.SZ,开源证券股份有限公司西安高新成章路证券营业部,26374698.0,1.87,0.0,0.0,26374698.0,0,日涨幅达到15%的前5只证券
20251104,300402.SZ,国盛证券有限责任公司宁波桑田路证券营业部,35997689.0,2.23,38448651.0,2.38,-2450962.0,1,连续三个交易日内，涨幅偏离值累计达到30%的证券
20251104,300402.SZ,国盛证券有限责任公司宁波桑田路证券营业部,2540969.0,0.18,38439911.0,2.72,-35898942.0,1,日涨幅达到15%的前5只证券
20251104,300402.SZ,爱建证券有限责任公司上海锦康路证券营业部,28290069.0,1.75,30627870.0,1.9,-2337801.0,1,连续三个交易日内，涨幅偏离值累计达到30%的证券
20251104,300402.SZ,爱建证券有限责任公司上海锦康路证券营业部,5244.0,0.0,30627870.0,2.17,-30622626.0,1,日涨幅达到15%的前5只证券
20251104,300402.SZ,国信证券股份有限公司南昌八一大道证券营业部,2524.0,0.0,16282620.0,1.01,-16280096.0,1,连续三个交易日内，涨幅偏离值累计达到30%的证券
20251104,300402.SZ,国信证券股份有限公司南昌八一大道证券营业部,2524.0,0.0,16282620.0,1.15,-16280096.0,1,日涨幅达到15%的前5只证券
20251104,300402.SZ,华鑫证券有限责任公司杭州分公司,13456857.0,0.83,15721512.0,0.97,-2264655.0,1,连续三个交易日内，涨幅偏离值累计达到30%的证券
20251104,300402.SZ,华鑫证券有限责任公司杭州分公司,355597.0,0.03,15721512.0,1.11,-15365915.0,1,日涨幅达到15%的前5只证券
20251104,300402.SZ,江海证券有限公司哈尔滨松花江街证券营业部,0.0,0.0,13874100.0,0.86,-13874100.0,1,连续三个交易日内，涨幅偏离值累计达到30%的证券
20251104,300402.SZ,江海证券有限公司哈尔滨松花江街证券营业部,0.0,0.0,13874100.0,0.98,-13874100.0,1,日涨幅达到15%的前5只证券
20251104,300491.SZ,机构专用,22388547.5,2.21,42107055.0,4.16,-19718507.5,0,日跌幅达到15%的前5只证券
20251104,300491.SZ,机构专用,10133667.0,1.0,25395165.0,2.51,-15261498.0,0,日跌幅达到15%的前5只证券
20251104,300491.SZ,华龙证券股份有限公司兰州民主东路证券营业部,8865622.0,0.88,0.0,0.0,8865622.0,0,日跌幅达到15%的前5只证券
20251104,300491.SZ,平安证券股份有限公司北京市分公司,8657279.0,0.85,418981.0,0.04,8238298.0,0,日跌幅达到15%的前5只证券
20251104,300491.SZ,平安证券股份有限公司深圳分公司,7112984.0,0.7,2938195.0,0.29,4174789.0,0,日跌幅达到15%的前5只证券
20251104,300491.SZ,机构专用,22388547.5,2.21,42107055.0,4.16,-19718507.5,1,日跌幅达到15%的前5只证券
20251104,300491.SZ,机构专用,10133667.0,1.0,25395165.0,2.51,-15261498.0,1,日跌幅达到15%的前5只证券
20251104,300491.SZ,东方财富证券股份有限公司上海分公司,0.0,0.0,22435227.0,2.22,-22435227.0,1,日跌幅达到15%的前5只证券
20251104,300491.SZ,东方证券股份有限公司无锡梁清路证券营业部,1243715.0,0.12,22332499.0,2.21,-21088784.0,1,日跌幅达到15%的前5只证券
20251104,300491.SZ,兴业证券股份有限公司厦门湖里大道证券营业部,135042.0,0.01,19940940.0,1.97,-19805898.0,1,日跌幅达到15%的前5只证券
20251104,300591.SZ,开源证券股份有限公司西安西大街证券营业部,63652415.0,4.45,183816.0,0.01,63468599.0,0,日涨幅达到15%的前5只证券
20251104,300591.SZ,国泰海通证券股份有限公司上海松江区中山东路证券营业部,60605915.1,4.24,1107.0,0.0,60604808.1,0,日涨幅达到15%的前5只证券
20251104,300591.SZ,华林证券股份有限公司北京分公司,60551274.0,4.23,286219.0,0.02,60265055.0,0,日涨幅达到15%的前5只证券
20251104,300591.SZ,国泰海通证券股份有限公司成都北一环路证券营业部,41447264.0,2.9,289546.0,0.02,41157718.0,0,日涨幅达到15%的前5只证券
20251104,300591.SZ,国泰海通证券股份有限公司上海静安区新闸路证券营业部,39395631.0,2.76,0.0,0.0,39395631.0,0,日涨幅达到15%的前5只证券
20251104,300591.SZ,东方财富证券股份有限公司拉萨东环路第二证券营业部,8368166.0,0.59,14867472.0,1.04,-6499306.0,1,日涨幅达到15%的前5只证券
20251104,300591.SZ,华泰证券股份有限公司北京西三环国际财经中心证券营业部,514775.0,0.04,14025344.0,0.98,-13510569.0,1,日涨幅达到15%的前5只证券
20251104,300591.SZ,机构专用,33871908.8,2.37,10881861.0,0.76,22990047.8,1,日涨幅达到15%的前5只证券
20251104,300591.SZ,东方财富证券股份有限公司拉萨金融城南环路证券营业部,5885421.0,0.41,9659989.0,0.68,-3774568.0,1,日涨幅达到15%的前5只证券
20251104,300591.SZ,东方财富证券股份有限公司拉萨团结路第二证券营业部,7716334.0,0.54,9543404.0,0.67,-1827070.0,1,日涨幅达到15%的前5只证券
20251104,301136.SZ,开源证券股份有限公司西安西大街证券营业部,61160580.0,8.8,221044.0,0.03,60939536.0,0,日涨幅达到15%的前5只证券
20251104,301136.SZ,国泰海通证券股份有限公司上海静安区新闸路证券营业部,29759231.84,4.28,5615.0,0.0,29753616.84,0,日涨幅达到15%的前5只证券
20251104,301136.SZ,机构专用,20896200.0,3.01,6984386.0,1.0,13911814.0,0,日涨幅达到15%的前5只证券
20251104,301136.SZ,机构专用,20552011.0,2.96,5631256.0,0.81,14920755.0,0,日涨幅达到15%的前5只证券
20251104,301136.SZ,国新证券股份有限公司北京分公司,10475686.0,1.51,9204.0,0.0,10466482.0,0,日涨幅达到15%的前5只证券
20251104,301136.SZ,兴业证券股份有限公司福州五四路证券营业部,1586983.0,0.23,38241226.0,5.5,-36654243.0,1,日涨幅达到15%的前5只证券
20251104,301136.SZ,华安证券股份有限公司池州分公司,0.0,0.0,20917654.0,3.01,-20917654.0,1,日涨幅达到15%的前5只证券
20251104,301136.SZ,机构专用,20896200.0,3.01,6984386.0,1.0,13911814.0,1,日涨幅达到15%的前5只证券
20251104,301136.SZ,机构专用,3865373.0,0.56,6339484.0,0.91,-2474111.0,1,日涨幅达到15%的前5只证券
20251104,301136.SZ,机构专用,7308594.81,1.05,6255035.0,0.9,1053559.81,1,日涨幅达到15%的前5只证券
20251104,301231.SZ,机构专用,46997287.62,5.19,67080885.0,7.41,-20083597.38,0,日换手率达到30%的前5只证券
20251104,301231.SZ,国泰海通证券股份有限公司汕头中山中路证券营业部,27640237.0,3.05,25523423.43,2.82,2116813.57,0,日换手率达到30%的前5只证券
20251104,301231.SZ,机构专用,26040642.0,2.88,50292705.83,5.56,-24252063.83,0,日换手率达到30%的前5只证券
20251104,301231.SZ,机构专用,20033706.98,2.21,2476287.0,0.27,17557419.98,0,日换手率达到30%的前5只证券
20251104,301231.SZ,机构专用,19501870.0,2.16,32064015.8,3.54,-12562145.8,0,日换手率达到30%的前5只证券
20251104,301231.SZ,机构专用,46997287.62,5.19,67080885.0,7.41,-20083597.38,1,日换手率达到30%的前5只证券
20251104,301231.SZ,机构专用,26040642.0,2.88,50292705.83,5.56,-24252063.83,1,日换手率达到30%的前5只证券
20251104,301231.SZ,机构专用,8737918.0,0.97,32202792.61,3.56,-23464874.61,1,日换手率达到30%的前5只证券
20251104,301231.SZ,机构专用,19501870.0,2.16,32064015.8,3.54,-12562145.8,1,日换手率达到30%的前5只证券
20251104,301231.SZ,国泰海通证券股份有限公司汕头中山中路证券营业部,27640237.0,3.05,25523423.43,2.82,2116813.57,1,日换手率达到30%的前5只证券
20251104,301292.SZ,机构专用,45050762.72,4.43,7100955.0,0.7,37949807.72,0,日换手率达到30%的前5只证券
20251104,301292.SZ,机构专用,36200243.0,3.56,18003715.8,1.77,18196527.2,0,日换手率达到30%的前5只证券
20251104,301292.SZ,机构专用,12541826.0,1.23,19022481.59,1.87,-6480655.59,0,日换手率达到30%的前5只证券
20251104,301292.SZ,机构专用,10629681.63,1.05,8992032.0,0.88,1637649.63,0,日换手率达到30%的前5只证券
20251104,301292.SZ,广发证券股份有限公司武汉建设大道广发银行大厦证券营业部,8381205.0,0.82,6720.0,0.0,8374485.0,0,日换手率达到30%的前5只证券
20251104,301292.SZ,联储证券股份有限公司杭州环城北路证券营业部,0.0,0.0,33797555.4,3.32,-33797555.4,1,日换手率达到30%的前5只证券
20251104,301292.SZ,机构专用,12541826.0,1.23,19022481.59,1.87,-6480655.59,1,日换手率达到30%的前5只证券
20251104,301292.SZ,机构专用,36200243.0,3.56,18003715.8,1.77,18196527.2,1,日换手率达到30%的前5只证券
20251104,301292.SZ,中国国际金融股份有限公司上海分公司,8286820.0,0.82,15179417.83,1.49,-6892597.83,1,日换手率达到30%的前5只证券
20251104,301292.SZ,机构专用,6748661.0,0.66,11359743.4,1.12,-4611082.4,1,日换手率达到30%的前5只证券
20251104,301357.SZ,机构专用,42384232.0,3.0,12830166.0,0.91,29554066.0,0,日换手率达到30%的前5只证券
20251104,301357.SZ,东方财富证券股份有限公司拉萨东环路第二证券营业部,15690043.99,1.11,9902678.0,0.7,5787365.99,0,日换手率达到30%的前5只证券
20251104,301357.SZ,东方财富证券股份有限公司拉萨东环路第一证券营业部,14486385.0,1.03,7267415.0,0.51,7218970.0,0,日换手率达到30%的前5只证券
20251104,301357.SZ,国金证券股份有限公司深圳分公司,13845583.0,0.98,3374164.0,0.24,10471419.0,0,日换手率达到30%的前5只证券
20251104,301357.SZ,机构专用,12922381.0,0.91,11650604.04,0.82,1271776.96,0,日换手率达到30%的前5只证券
20251104,301357.SZ,机构专用,629265.0,0.04,20615225.0,1.46,-19985960.0,1,日换手率达到30%的前5只证券
20251104,301357.SZ,机构专用,42384232.0,3.0,12830166.0,0.91,29554066.0,1,日换手率达到30%的前5只证券
20251104,301357.SZ,机构专用,12922381.0,0.91,11650604.04,0.82,1271776.96,1,日换手率达到30%的前5只证券
20251104,301357.SZ,国泰海通证券股份有限公司东莞总部一路证券营业部,0.0,0.0,11280650.0,0.8,-11280650.0,1,日换手率达到30%的前5只证券
20251104,301357.SZ,平安证券股份有限公司深圳分公司,2008837.0,0.14,10927083.0,0.77,-8918246.0,1,日换手率达到30%的前5只证券
20251104,301584.SZ,机构专用,21804476.3,3.37,19509337.28,3.02,2295139.02,0,日换手率达到30%的前5只证券
20251104,301584.SZ,机构专用,14245233.0,2.2,17324396.0,2.68,-3079163.0,0,日换手率达到30%的前5只证券
20251104,301584.SZ,机构专用,11444561.0,1.77,15062737.0,2.33,-3618176.0,0,日换手率达到30%的前5只证券
20251104,301584.SZ,招商证券股份有限公司深圳益田路免税商务大厦证券营业部,6967080.0,1.08,2594417.0,0.4,4372663.0,0,日换手率达到30%的前5只证券
20251104,301584.SZ,光大证券股份有限公司象山丹河东路证券营业部,6464437.0,1.0,392787.29,0.06,6071649.71,0,日换手率达到30%的前5只证券
20251104,301584.SZ,机构专用,21804476.3,3.37,19509337.28,3.02,2295139.02,1,日换手率达到30%的前5只证券
20251104,301584.SZ,机构专用,14245233.0,2.2,17324396.0,2.68,-3079163.0,1,日换手率达到30%的前5只证券
20251104,301584.SZ,机构专用,11444561.0,1.77,15062737.0,2.33,-3618176.0,1,日换手率达到30%的前5只证券
20251104,301584.SZ,机构专用,5089384.0,0.79,13643407.0,2.11,-8554023.0,1,日换手率达到30%的前5只证券
20251104,301584.SZ,平安证券股份有限公司深圳分公司,795106.0,0.12,8617201.0,1.33,-7822095.0,1,日换手率达到30%的前5只证券
20251104,600067.SH,国泰海通证券股份有限公司总部,56149085.42,2.8,,,56149085.42,0,非ST、*ST和S证券连续三个交易日内收盘价格涨幅偏离值累计达到20%的证券
20251104,600067.SH,高盛(中国)证券有限责任公司上海浦东新区世纪大道证券营业部,38463828.28,1.92,,,38463828.28,0,非ST、*ST和S证券连续三个交易日内收盘价格涨幅偏离值累计达到20%的证券
20251104,600067.SH,国泰海通证券股份有限公司总部,34505049.62,4.04,,,34505049.62,0,有价格涨跌幅限制的日收盘价格涨幅偏离值达到7%的前五只证券
20251104,600067.SH,东方财富证券股份有限公司拉萨团结路第一证券营业部,19102506.0,0.95,,,19102506.0,0,非ST、*ST和S证券连续三个交易日内收盘价格涨幅偏离值累计达到20%的证券
20251104,600067.SH,华宝证券股份有限公司上海东大名路证券营业部,18274580.0,0.91,,,18274580.0,0,非ST、*ST和S证券连续三个交易日内收盘价格涨幅偏离值累计达到20%的证券
20251104,600067.SH,开源证券股份有限公司西安西大街证券营业部,18182219.3,0.91,,,18182219.3,0,非ST、*ST和S证券连续三个交易日内收盘价格涨幅偏离值累计达到20%的证券
20251104,600067.SH,高盛(中国)证券有限责任公司上海浦东新区世纪大道证券营业部,18111790.98,2.12,,,18111790.98,0,有价格涨跌幅限制的日收盘价格涨幅偏离值达到7%的前五只证券
20251104,600067.SH,华鑫证券有限责任公司上海宛平南路证券营业部,12086815.0,1.41,,,12086815.0,0,有价格涨跌幅限制的日收盘价格涨幅偏离值达到7%的前五只证券
20251104,600067.SH,中信证券股份有限公司上海分公司,8664670.03,1.01,,,8664670.03,0,有价格涨跌幅限制的日收盘价格涨幅偏离值达到7%的前五只证券
20251104,600067.SH,东方财富证券股份有限公司拉萨团结路第一证券营业部,8565213.0,1.0,,,8565213.0,0,有价格涨跌幅限制的日收盘价格涨幅偏离值达到7%的前五只证券
20251104,600067.SH,高盛(中国)证券有限责任公司上海浦东新区世纪大道证券营业部,,,34149928.2,1.7,-34149928.2,1,非ST、*ST和S证券连续三个交易日内收盘价格涨幅偏离值累计达到20%的证券
20251104,600067.SH,国泰海通证券股份有限公司总部,,,31030246.53,1.55,-31030246.53,1,非ST、*ST和S证券连续三个交易日内收盘价格涨幅偏离值累计达到20%的证券
20251104,600067.SH,中信证券股份有限公司上海分公司,,,23391680.24,1.17,-23391680.24,1,非ST、*ST和S证券连续三个交易日内收盘价格涨幅偏离值累计达到20%的证券
20251104,600067.SH,瑞银证券有限责任公司上海花园石桥路证券营业部,,,21471893.66,1.07,-21471893.66,1,非ST、*ST和S证券连续三个交易日内收盘价格涨幅偏离值累计达到20%的证券
20251104,600067.SH,华宝证券股份有限公司上海东大名路证券营业部,,,19139650.12,0.95,-19139650.12,1,非ST、*ST和S证券连续三个交易日内收盘价格涨幅偏离值累计达到20%的证券
20251104,600067.SH,国泰海通证券股份有限公司总部,,,17396733.77,2.04,-17396733.77,1,有价格涨跌幅限制的日收盘价格涨幅偏离值达到7%的前五只证券
20251104,600067.SH,高盛(中国)证券有限责任公司上海浦东新区世纪大道证券营业部,,,15261892.0,1.79,-15261892.0,1,有价格涨跌幅限制的日收盘价格涨幅偏离值达到7%的前五只证券
20251104,600067.SH,东方财富证券股份有限公司拉萨团结路第一证券营业部,,,9442665.57,1.11,-9442665.57,1,有价格涨跌幅限制的日收盘价格涨幅偏离值达到7%的前五只证券
20251104,600067.SH,中国银河证券股份有限公司北京中关村大街证券营业部,,,9388446.0,1.1,-9388446.0,1,有价格涨跌幅限制的日收盘价格涨幅偏离值达到7%的前五只证券
20251104,600067.SH,瑞银证券有限责任公司上海花园石桥路证券营业部,,,7635377.66,0.89,-7635377.66,1,有价格涨跌幅限制的日收盘价格涨幅偏离值达到7%的前五只证券
20251104,600302.SH,国泰海通证券股份有限公司总部,62086418.93,3.8,,,62086418.93,0,非ST、*ST和S证券连续三个交易日内收盘价格涨幅偏离值累计达到20%的证券
20251104,600302.SH,高盛(中国)证券有限责任公司上海浦东新区世纪大道证券营业部,45878461.56,2.81,,,45878461.56,0,非ST、*ST和S证券连续三个交易日内收盘价格涨幅偏离值累计达到20%的证券
20251104,600302.SH,华鑫证券有限责任公司上海光复路证券营业部,40630231.1,2.49,,,40630231.1,0,非ST、*ST和S证券连续三个交易日内收盘价格涨幅偏离值累计达到20%的证券
20251104,600302.SH,瑞银证券有限责任公司上海花园石桥路证券营业部,24698245.0,1.51,,,24698245.0,0,非ST、*ST和S证券连续三个交易日内收盘价格涨幅偏离值累计达到20%的证券
20251104,600302.SH,东方财富证券股份有限公司拉萨东环路第二证券营业部,19490321.0,1.19,,,19490321.0,0,非ST、*ST和S证券连续三个交易日内收盘价格涨幅偏离值累计达到20%的证券
20251104,600302.SH,国泰海通证券股份有限公司总部,,,38782613.0,2.37,-38782613.0,1,非ST、*ST和S证券连续三个交易日内收盘价格涨幅偏离值累计达到20%的证券
20251104,600302.SH,高盛(中国)证券有限责任公司上海浦东新区世纪大道证券营业部,,,36101375.4,2.21,-36101375.4,1,非ST、*ST和S证券连续三个交易日内收盘价格涨幅偏离值累计达到20%的证券
20251104,600302.SH,中信证券股份有限公司长兴明珠路证券营业部,,,31940553.25,1.96,-31940553.25,1,非ST、*ST和S证券连续三个交易日内收盘价格涨幅偏离值累计达到20%的证券
20251104,600302.SH,中信证券股份有限公司上海分公司,,,28989815.0,1.78,-28989815.0,1,非ST、*ST和S证券连续三个交易日内收盘价格涨幅偏离值累计达到20%的证券
20251104,600302.SH,西部证券股份有限公司北京新街口北大街证券营业部,,,27795719.0,1.7,-27795719.0,1,非ST、*ST和S证券连续三个交易日内收盘价格涨幅偏离值累计达到20%的证券
20251104,600308.SH,开源证券股份有限公司西安西大街证券营业部,39331035.0,3.49,,,39331035.0,0,非ST、*ST和S证券连续三个交易日内收盘价格涨幅偏离值累计达到20%的证券
20251104,600308.SH,沪股通专用,32537294.44,2.89,,,32537294.44,0,非ST、*ST和S证券连续三个交易日内收盘价格涨幅偏离值累计达到20%的证券
20251104,600308.SH,国联民生证券股份有限公司宁波分公司,26634150.0,2.37,,,26634150.0,0,非ST、*ST和S证券连续三个交易日内收盘价格涨幅偏离值累计达到20%的证券
20251104,600308.SH,中国中金财富证券有限公司广州番禺东兴路证券营业部,23676472.0,2.1,,,23676472.0,0,非ST、*ST和S证券连续三个交易日内收盘价格涨幅偏离值累计达到20%的证券
20251104,600308.SH,光大证券股份有限公司北京总部基地证券营业部,19263303.09,1.71,,,19263303.09,0,非ST、*ST和S证券连续三个交易日内收盘价格涨幅偏离值累计达到20%的证券
20251104,600308.SH,沪股通专用,,,33919631.12,3.01,-33919631.12,1,非ST、*ST和S证券连续三个交易日内收盘价格涨幅偏离值累计达到20%的证券
20251104,600308.SH,国泰海通证券股份有限公司东莞总部一路证券营业部,,,20223900.0,1.8,-20223900.0,1,非ST、*ST和S证券连续三个交易日内收盘价格涨幅偏离值累计达到20%的证券
20251104,600308.SH,东方财富证券股份有限公司拉萨东城区江苏大道证券营业部,,,15559258.94,1.38,-15559258.94,1,非ST、*ST和S证券连续三个交易日内收盘价格涨幅偏离值累计达到20%的证券
20251104,600308.SH,华西证券股份有限公司达州凤凰大道证券营业部,,,13930028.0,1.24,-13930028.0,1,非ST、*ST和S证券连续三个交易日内收盘价格涨幅偏离值累计达到20%的证券
20251104,600308.SH,华鑫证券有限责任公司杭州分公司,,,12999600.0,1.15,-12999600.0,1,非ST、*ST和S证券连续三个交易日内收盘价格涨幅偏离值累计达到20%的证券
20251104,600408.SH,国泰海通证券股份有限公司总部,58923570.48,4.33,,,58923570.48,0,非ST、*ST和S证券连续三个交易日内收盘价格涨幅偏离值累计达到20%的证券
20251104,600408.SH,开源证券股份有限公司西安西大街证券营业部,47402318.0,3.49,,,47402318.0,0,非ST、*ST和S证券连续三个交易日内收盘价格涨幅偏离值累计达到20%的证券
20251104,600408.SH,摩根大通证券(中国)有限公司上海银城中路证券营业部,34778791.0,2.56,,,34778791.0,0,非ST、*ST和S证券连续三个交易日内收盘价格涨幅偏离值累计达到20%的证券
20251104,600408.SH,广发证券股份有限公司广州马场路广发证券大厦证券营业部,30487890.0,2.24,,,30487890.0,0,非ST、*ST和S证券连续三个交易日内收盘价格涨幅偏离值累计达到20%的证券
20251104,600408.SH,瑞银证券有限责任公司上海花园石桥路证券营业部,29170874.0,2.15,,,29170874.0,0,非ST、*ST和S证券连续三个交易日内收盘价格涨幅偏离值累计达到20%的证券
20251104,600408.SH,开源证券股份有限公司西安西大街证券营业部,,,46107419.0,3.39,-46107419.0,1,非ST、*ST和S证券连续三个交易日内收盘价格涨幅偏离值累计达到20%的证券
20251104,600408.SH,国泰海通证券股份有限公司成都北一环路证券营业部,,,26863031.0,1.98,-26863031.0,1,非ST、*ST和S证券连续三个交易日内收盘价格涨幅偏离值累计达到20%的证券
20251104,600408.SH,中泰证券股份有限公司常州惠国路证券营业部,,,21243124.9,1.56,-21243124.9,1,非ST、*ST和S证券连续三个交易日内收盘价格涨幅偏离值累计达到20%的证券
20251104,600408.SH,国泰海通证券股份有限公司总部,,,12212384.0,0.9,-12212384.0,1,非ST、*ST和S证券连续三个交易日内收盘价格涨幅偏离值累计达到20%的证券
20251104,600408.SH,国泰海通证券股份有限公司上海浦东新区福山路证券营业部,,,11591417.39,0.85,-11591417.39,1,非ST、*ST和S证券连续三个交易日内收盘价格涨幅偏离值累计达到20%的证券
20251104,600593.SH,国泰海通证券股份有限公司总部,171354992.09,6.92,,,171354992.09,0,非ST、*ST和S证券连续三个交易日内收盘价格涨幅偏离值累计达到20%的证券
20251104,600593.SH,瑞银证券有限责任公司上海花园石桥路证券营业部,74822604.0,3.02,,,74822604.0,0,非ST、*ST和S证券连续三个交易日内收盘价格涨幅偏离值累计达到20%的证券
20251104,600593.SH,摩根大通证券(中国)有限公司上海银城中路证券营业部,64926145.0,2.62,,,64926145.0,0,非ST、*ST和S证券连续三个交易日内收盘价格涨幅偏离值累计达到20%的证券
20251104,600593.SH,中信证券股份有限公司上海分公司,46529640.0,1.88,,,46529640.0,0,非ST、*ST和S证券连续三个交易日内收盘价格涨幅偏离值累计达到20%的证券
20251104,600593.SH,开源证券股份有限公司西安西大街证券营业部,40943344.0,1.65,,,40943344.0,0,非ST、*ST和S证券连续三个交易日内收盘价格涨幅偏离值累计达到20%的证券
20251104,600593.SH,国泰海通证券股份有限公司总部,,,110522740.0,4.46,-110522740.0,1,非ST、*ST和S证券连续三个交易日内收盘价格涨幅偏离值累计达到20%的证券
20251104,600593.SH,瑞银证券有限责任公司上海花园石桥路证券营业部,,,105474061.0,4.26,-105474061.0,1,非ST、*ST和S证券连续三个交易日内收盘价格涨幅偏离值累计达到20%的证券
20251104,600593.SH,中信证券股份有限公司上海分公司,,,91169100.0,3.68,-91169100.0,1,非ST、*ST和S证券连续三个交易日内收盘价格涨幅偏离值累计达到20%的证券
20251104,600593.SH,摩根大通证券(中国)有限公司上海银城中路证券营业部,,,71933777.0,2.91,-71933777.0,1,非ST、*ST和S证券连续三个交易日内收盘价格涨幅偏离值累计达到20%的证券
20251104,600593.SH,中国国际金融股份有限公司上海分公司,,,37812998.0,1.53,-37812998.0,1,非ST、*ST和S证券连续三个交易日内收盘价格涨幅偏离值累计达到20%的证券
20251104,600815.SH,开源证券股份有限公司西安西大街证券营业部,30364950.0,14.72,,,30364950.0,0,有价格涨跌幅限制的日收盘价格涨幅偏离值达到7%的前五只证券
20251104,600815.SH,国泰海通证券股份有限公司上海浦东新区福山路证券营业部,13024713.0,6.31,,,13024713.0,0,有价格涨跌幅限制的日收盘价格涨幅偏离值达到7%的前五只证券
20251104,600815.SH,华泰证券股份有限公司总部,9285640.0,4.5,,,9285640.0,0,有价格涨跌幅限制的日收盘价格涨幅偏离值达到7%的前五只证券
20251104,600815.SH,中泰证券股份有限公司常州惠国路证券营业部,7795968.0,3.78,,,7795968.0,0,有价格涨跌幅限制的日收盘价格涨幅偏离值达到7%的前五只证券
20251104,600815.SH,开源证券股份有限公司西安阎良人民路证券营业部,5999948.0,2.91,,,5999948.0,0,有价格涨跌幅限制的日收盘价格涨幅偏离值达到7%的前五只证券
20251104,600815.SH,东方财富证券股份有限公司拉萨东环路第二证券营业部,,,3924731.0,1.9,-3924731.0,1,有价格涨跌幅限制的日收盘价格涨幅偏离值达到7%的前五只证券
20251104,600815.SH,兴业证券股份有限公司上海金陵东路证券营业部,,,3889254.0,1.89,-3889254.0,1,有价格涨跌幅限制的日收盘价格涨幅偏离值达到7%的前五只证券
20251104,600815.SH,中信建投证券股份有限公司厦门分公司,,,3595501.0,1.74,-3595501.0,1,有价格涨跌幅限制的日收盘价格涨幅偏离值达到7%的前五只证券
20251104,600815.SH,国泰海通证券股份有限公司总部,,,3417867.0,1.66,-3417867.0,1,有价格涨跌幅限制的日收盘价格涨幅偏离值达到7%的前五只证券
20251104,600815.SH,广发证券股份有限公司海口龙昆北路证券营业部,,,3370000.0,1.63,-3370000.0,1,有价格涨跌幅限制的日收盘价格涨幅偏离值达到7%的前五只证券
20251104,600884.SH,沪股通专用,114813662.46,5.56,,,114813662.46,0,有价格涨跌幅限制的日收盘价格跌幅偏离值达到7%的前五只证券
20251104,600884.SH,瑞银证券有限责任公司上海花园石桥路证券营业部,43828461.32,2.12,,,43828461.32,0,有价格涨跌幅限制的日收盘价格跌幅偏离值达到7%的前五只证券
20251104,600884.SH,国泰海通证券股份有限公司江阴环城北路证券营业部,32928359.2,1.6,,,32928359.2,0,有价格涨跌幅限制的日收盘价格跌幅偏离值达到7%的前五只证券
20251104,600884.SH,摩根大通证券(中国)有限公司上海银城中路证券营业部,26323018.26,1.28,,,26323018.26,0,有价格涨跌幅限制的日收盘价格跌幅偏离值达到7%的前五只证券
20251104,600884.SH,华泰证券股份有限公司上海武定路证券营业部,19066023.0,0.92,,,19066023.0,0,有价格涨跌幅限制的日收盘价格跌幅偏离值达到7%的前五只证券
20251104,600884.SH,沪股通专用,,,58826274.0,2.85,-58826274.0,1,有价格涨跌幅限制的日收盘价格跌幅偏离值达到7%的前五只证券
20251104,600884.SH,中信证券股份有限公司北京金融大街证券营业部,,,44273736.15,2.15,-44273736.15,1,有价格涨跌幅限制的日收盘价格跌幅偏离值达到7%的前五只证券
20251104,600884.SH,国投证券股份有限公司北京复兴门外大街证券营业部,,,39538553.0,1.92,-39538553.0,1,有价格涨跌幅限制的日收盘价格跌幅偏离值达到7%的前五只证券
20251104,600884.SH,平安证券股份有限公司广州华强路证券营业部,,,28830849.0,1.4,-28830849.0,1,有价格涨跌幅限制的日收盘价格跌幅偏离值达到7%的前五只证券
20251104,600884.SH,财通证券股份有限公司浙江总部数字分公司,,,19192196.5,0.93,-19192196.5,1,有价格涨跌幅限制的日收盘价格跌幅偏离值达到7%的前五只证券
20251104,601872.SH,机构专用,129788647.16,7.6,,,129788647.16,0,有价格涨跌幅限制的日收盘价格跌幅偏离值达到7%的前五只证券
20251104,601872.SH,沪股通专用,120403032.16,7.05,,,120403032.16,0,有价格涨跌幅限制的日收盘价格跌幅偏离值达到7%的前五只证券
20251104,601872.SH,诚通证券股份有限公司北京魏公村证券营业部,39694427.0,2.32,,,39694427.0,0,有价格涨跌幅限制的日收盘价格跌幅偏离值达到7%的前五只证券
20251104,601872.SH,中信证券股份有限公司上海分公司,36853774.64,2.16,,,36853774.64,0,有价格涨跌幅限制的日收盘价格跌幅偏离值达到7%的前五只证券
20251104,601872.SH,瑞银证券有限责任公司上海花园石桥路证券营业部,22642878.0,1.33,,,22642878.0,0,有价格涨跌幅限制的日收盘价格跌幅偏离值达到7%的前五只证券
20251104,601872.SH,沪股通专用,,,156586072.26,9.17,-156586072.26,1,有价格涨跌幅限制的日收盘价格跌幅偏离值达到7%的前五只证券
20251104,601872.SH,机构专用,,,71328918.65,4.18,-71328918.65,1,有价格涨跌幅限制的日收盘价格跌幅偏离值达到7%的前五只证券
20251104,601872.SH,中信证券股份有限公司西安朱雀大街证券营业部,,,68091189.39,3.99,-68091189.39,1,有价格涨跌幅限制的日收盘价格跌幅偏离值达到7%的前五只证券
20251104,601872.SH,机构专用,,,53025354.74,3.11,-53025354.74,1,有价格涨跌幅限制的日收盘价格跌幅偏离值达到7%的前五只证券
20251104,601872.SH,瑞银证券有限责任公司上海花园石桥路证券营业部,,,43906981.44,2.57,-43906981.44,1,有价格涨跌幅限制的日收盘价格跌幅偏离值达到7%的前五只证券
20251104,601929.SH,沪股通专用,337098495.53,5.75,,,337098495.53,0,非ST、*ST和S证券连续三个交易日内收盘价格涨幅偏离值累计达到20%的证券
20251104,601929.SH,沪股通专用,192523823.71,4.3,,,192523823.71,0,有价格涨跌幅限制的日收盘价格涨幅偏离值达到7%的前五只证券
20251104,601929.SH,沪股通专用,192523823.71,4.3,,,192523823.71,0,有价格涨跌幅限制的日换手率达到20%的前五只证券
20251104,601929.SH,国泰海通证券股份有限公司成都北一环路证券营业部,136042990.0,2.32,,,136042990.0,0,非ST、*ST和S证券连续三个交易日内收盘价格涨幅偏离值累计达到20%的证券
20251104,601929.SH,国泰海通证券股份有限公司成都北一环路证券营业部,121027488.0,2.7,,,121027488.0,0,有价格涨跌幅限制的日收盘价格涨幅偏离值达到7%的前五只证券
20251104,601929.SH,国泰海通证券股份有限公司成都北一环路证券营业部,121027488.0,2.7,,,121027488.0,0,有价格涨跌幅限制的日换手率达到20%的前五只证券
20251104,601929.SH,国信证券股份有限公司浙江互联网分公司,85533415.83,1.46,,,85533415.83,0,非ST、*ST和S证券连续三个交易日内收盘价格涨幅偏离值累计达到20%的证券
20251104,601929.SH,国泰海通证券股份有限公司上海长宁区江苏路证券营业部,80899373.0,1.38,,,80899373.0,0,非ST、*ST和S证券连续三个交易日内收盘价格涨幅偏离值累计达到20%的证券
20251104,601929.SH,国信证券股份有限公司浙江互联网分公司,76013214.0,1.7,,,76013214.0,0,有价格涨跌幅限制的日收盘价格涨幅偏离值达到7%的前五只证券
20251104,601929.SH,国信证券股份有限公司浙江互联网分公司,76013214.0,1.7,,,76013214.0,0,有价格涨跌幅限制的日换手率达到20%的前五只证券
20251104,601929.SH,国泰海通证券股份有限公司上海长宁区江苏路证券营业部,75408280.0,1.68,,,75408280.0,0,有价格涨跌幅限制的日收盘价格涨幅偏离值达到7%的前五只证券
20251104,601929.SH,国泰海通证券股份有限公司上海长宁区江苏路证券营业部,75408280.0,1.68,,,75408280.0,0,有价格涨跌幅限制的日换手率达到20%的前五只证券
20251104,601929.SH,东方财富证券股份有限公司拉萨团结路第一证券营业部,52453233.0,0.89,,,52453233.0,0,非ST、*ST和S证券连续三个交易日内收盘价格涨幅偏离值累计达到20%的证券
20251104,601929.SH,东方财富证券股份有限公司拉萨团结路第一证券营业部,45640901.0,1.02,,,45640901.0,0,有价格涨跌幅限制的日收盘价格涨幅偏离值达到7%的前五只证券
20251104,601929.SH,东方财富证券股份有限公司拉萨团结路第一证券营业部,45640901.0,1.02,,,45640901.0,0,有价格涨跌幅限制的日换手率达到20%的前五只证券
20251104,601929.SH,沪股通专用,,,394202629.42,6.72,-394202629.42,1,非ST、*ST和S证券连续三个交易日内收盘价格涨幅偏离值累计达到20%的证券
20251104,601929.SH,沪股通专用,,,363062527.42,8.1,-363062527.42,1,有价格涨跌幅限制的日收盘价格涨幅偏离值达到7%的前五只证券
20251104,601929.SH,沪股通专用,,,363062527.42,8.1,-363062527.42,1,有价格涨跌幅限制的日换手率达到20%的前五只证券
20251104,601929.SH,瑞银证券有限责任公司上海花园石桥路证券营业部,,,126057508.54,2.15,-126057508.54,1,非ST、*ST和S证券连续三个交易日内收盘价格涨幅偏离值累计达到20%的证券
20251104,601929.SH,瑞银证券有限责任公司上海花园石桥路证券营业部,,,119655128.37,2.67,-119655128.37,1,有价格涨跌幅限制的日收盘价格涨幅偏离值达到7%的前五只证券
20251104,601929.SH,瑞银证券有限责任公司上海花园石桥路证券营业部,,,119655128.37,2.67,-119655128.37,1,有价格涨跌幅限制的日换手率达到20%的前五只证券
20251104,601929.SH,高盛(中国)证券有限责任公司上海浦东新区世纪大道证券营业部,,,72776894.2,1.24,-72776894.2,1,非ST、*ST和S证券连续三个交易日内收盘价格涨幅偏离值累计达到20%的证券
20251104,601929.SH,高盛(中国)证券有限责任公司上海浦东新区世纪大道证券营业部,,,69319537.2,1.55,-69319537.2,1,有价格涨跌幅限制的日收盘价格涨幅偏离值达到7%的前五只证券
20251104,601929.SH,高盛(中国)证券有限责任公司上海浦东新区世纪大道证券营业部,,,69319537.2,1.55,-69319537.2,1,有价格涨跌幅限制的日换手率达到20%的前五只证券
20251104,601929.SH,中国国际金融股份有限公司上海分公司,,,65557692.7,1.12,-65557692.7,1,非ST、*ST和S证券连续三个交易日内收盘价格涨幅偏离值累计达到20%的证券
20251104,601929.SH,中国国际金融股份有限公司上海分公司,,,60809780.7,1.36,-60809780.7,1,有价格涨跌幅限制的日收盘价格涨幅偏离值达到7%的前五只证券
20251104,601929.SH,中国国际金融股份有限公司上海分公司,,,60809780.7,1.36,-60809780.7,1,有价格涨跌幅限制的日换手率达到20%的前五只证券
20251104,601929.SH,中信证券股份有限公司上海分公司,,,53822176.0,0.92,-53822176.0,1,非ST、*ST和S证券连续三个交易日内收盘价格涨幅偏离值累计达到20%的证券
20251104,601929.SH,中信证券股份有限公司上海分公司,,,50240825.0,1.12,-50240825.0,1,有价格涨跌幅限制的日收盘价格涨幅偏离值达到7%的前五只证券
20251104,601929.SH,中信证券股份有限公司上海分公司,,,50240825.0,1.12,-50240825.0,1,有价格涨跌幅限制的日换手率达到20%的前五只证券
20251104,603014.SH,浙商证券股份有限公司杭州五星路证券营业部,75899736.0,10.44,,,75899736.0,0,有价格涨跌幅限制的日换手率达到20%的前五只证券
20251104,603014.SH,浙商证券股份有限公司杭州五星路证券营业部,75899736.0,9.78,,,75899736.0,0,非ST、*ST和S证券连续三个交易日内收盘价格涨幅偏离值累计达到20%的证券
20251104,603014.SH,东亚前海证券有限责任公司上海分公司,48022553.38,6.19,,,48022553.38,0,非ST、*ST和S证券连续三个交易日内收盘价格涨幅偏离值累计达到20%的证券
20251104,603014.SH,东亚前海证券有限责任公司上海分公司,45086933.38,6.2,,,45086933.38,0,有价格涨跌幅限制的日换手率达到20%的前五只证券
20251104,603014.SH,东亚前海证券有限责任公司深圳分公司,24107616.0,3.11,,,24107616.0,0,非ST、*ST和S证券连续三个交易日内收盘价格涨幅偏离值累计达到20%的证券
20251104,603014.SH,浙商证券股份有限公司宁波分公司,23912674.04,3.29,,,23912674.04,0,有价格涨跌幅限制的日换手率达到20%的前五只证券
20251104,603014.SH,浙商证券股份有限公司宁波分公司,23912674.04,3.08,,,23912674.04,0,非ST、*ST和S证券连续三个交易日内收盘价格涨幅偏离值累计达到20%的证券
20251104,603014.SH,华泰证券股份有限公司江西分公司,23265000.0,3.2,,,23265000.0,0,有价格涨跌幅限制的日换手率达到20%的前五只证券
20251104,603014.SH,华泰证券股份有限公司江西分公司,23265000.0,3.0,,,23265000.0,0,非ST、*ST和S证券连续三个交易日内收盘价格涨幅偏离值累计达到20%的证券
20251104,603014.SH,东亚前海证券有限责任公司深圳分公司,21506166.0,2.96,,,21506166.0,0,有价格涨跌幅限制的日换手率达到20%的前五只证券
20251104,603014.SH,机构专用,,,14040606.81,1.81,-14040606.81,1,非ST、*ST和S证券连续三个交易日内收盘价格涨幅偏离值累计达到20%的证券
20251104,603014.SH,机构专用,,,14040606.81,1.93,-14040606.81,1,有价格涨跌幅限制的日换手率达到20%的前五只证券
20251104,603014.SH,华源证券股份有限公司重庆分公司,,,11753253.0,1.51,-11753253.0,1,非ST、*ST和S证券连续三个交易日内收盘价格涨幅偏离值累计达到20%的证券
20251104,603014.SH,华源证券股份有限公司重庆分公司,,,11753253.0,1.62,-11753253.0,1,有价格涨跌幅限制的日换手率达到20%的前五只证券
20251104,603014.SH,中泰证券股份有限公司上海建国中路证券营业部,,,10566146.0,1.36,-10566146.0,1,非ST、*ST和S证券连续三个交易日内收盘价格涨幅偏离值累计达到20%的证券
20251104,603014.SH,中泰证券股份有限公司上海建国中路证券营业部,,,10566146.0,1.45,-10566146.0,1,有价格涨跌幅限制的日换手率达到20%的前五只证券
20251104,603014.SH,东北证券股份有限公司北京三里河东路证券营业部,,,9619190.0,1.24,-9619190.0,1,非ST、*ST和S证券连续三个交易日内收盘价格涨幅偏离值累计达到20%的证券
20251104,603014.SH,东北证券股份有限公司北京三里河东路证券营业部,,,9619190.0,1.32,-9619190.0,1,有价格涨跌幅限制的日换手率达到20%的前五只证券
20251104,603014.SH,世纪证券有限责任公司深圳罗湖分公司,,,9589833.0,1.24,-9589833.0,1,非ST、*ST和S证券连续三个交易日内收盘价格涨幅偏离值累计达到20%的证券
20251104,603014.SH,世纪证券有限责任公司深圳罗湖分公司,,,9589833.0,1.32,-9589833.0,1,有价格涨跌幅限制的日换手率达到20%的前五只证券
20251104,603122.SH,中国银河证券股份有限公司武汉汉阳证券营业部,20790034.0,3.69,,,20790034.0,0,非ST、*ST和S证券连续三个交易日内收盘价格涨幅偏离值累计达到20%的证券
20251104,603122.SH,东莞证券股份有限公司常熟东南大道证券营业部,19659537.54,3.49,,,19659537.54,0,非ST、*ST和S证券连续三个交易日内收盘价格涨幅偏离值累计达到20%的证券
20251104,603122.SH,光大证券股份有限公司昆明人民中路证券营业部,12961203.0,2.3,,,12961203.0,0,非ST、*ST和S证券连续三个交易日内收盘价格涨幅偏离值累计达到20%的证券
20251104,603122.SH,光大证券股份有限公司北京总部基地证券营业部,10770000.0,1.91,,,10770000.0,0,非ST、*ST和S证券连续三个交易日内收盘价格涨幅偏离值累计达到20%的证券
20251104,603122.SH,财通证券股份有限公司绍兴上虞江扬路证券营业部,10668305.0,1.89,,,10668305.0,0,非ST、*ST和S证券连续三个交易日内收盘价格涨幅偏离值累计达到20%的证券
20251104,603122.SH,中国银河证券股份有限公司武汉汉阳证券营业部,,,31433936.0,5.58,-31433936.0,1,非ST、*ST和S证券连续三个交易日内收盘价格涨幅偏离值累计达到20%的证券
20251104,603122.SH,东莞证券股份有限公司常熟东南大道证券营业部,,,21141429.0,3.75,-21141429.0,1,非ST、*ST和S证券连续三个交易日内收盘价格涨幅偏离值累计达到20%的证券
20251104,603122.SH,财通证券股份有限公司绍兴上虞江扬路证券营业部,,,11713938.0,2.08,-11713938.0,1,非ST、*ST和S证券连续三个交易日内收盘价格涨幅偏离值累计达到20%的证券
20251104,603122.SH,中泰证券股份有限公司深圳分公司,,,6809186.0,1.21,-6809186.0,1,非ST、*ST和S证券连续三个交易日内收盘价格涨幅偏离值累计达到20%的证券
20251104,603122.SH,华福证券有限责任公司深圳分公司,,,6800743.0,1.21,-6800743.0,1,非ST、*ST和S证券连续三个交易日内收盘价格涨幅偏离值累计达到20%的证券
20251104,603169.SH,国泰海通证券股份有限公司上海静安区新闸路证券营业部,119640788.0,3.95,,,119640788.0,0,非ST、*ST和S证券连续三个交易日内收盘价格涨幅偏离值累计达到20%的证券
20251104,603169.SH,开源证券股份有限公司西安西大街证券营业部,86592942.0,2.86,,,86592942.0,0,非ST、*ST和S证券连续三个交易日内收盘价格涨幅偏离值累计达到20%的证券
20251104,603169.SH,国联民生证券股份有限公司北京分公司,45594511.7,1.51,,,45594511.7,0,非ST、*ST和S证券连续三个交易日内收盘价格涨幅偏离值累计达到20%的证券
20251104,603169.SH,开源证券股份有限公司西安高新成章路证券营业部,41223698.0,1.36,,,41223698.0,0,非ST、*ST和S证券连续三个交易日内收盘价格涨幅偏离值累计达到20%的证券
20251104,603169.SH,华林证券股份有限公司北京分公司,38081494.0,1.26,,,38081494.0,0,非ST、*ST和S证券连续三个交易日内收盘价格涨幅偏离值累计达到20%的证券
20251104,603169.SH,国泰海通证券股份有限公司上海静安区新闸路证券营业部,,,130318971.0,4.3,-130318971.0,1,非ST、*ST和S证券连续三个交易日内收盘价格涨幅偏离值累计达到20%的证券
20251104,603169.SH,沪股通专用,,,113904385.64,3.76,-113904385.64,1,非ST、*ST和S证券连续三个交易日内收盘价格涨幅偏离值累计达到20%的证券
20251104,603169.SH,开源证券股份有限公司西安高新成章路证券营业部,,,44840191.43,1.48,-44840191.43,1,非ST、*ST和S证券连续三个交易日内收盘价格涨幅偏离值累计达到20%的证券
20251104,603169.SH,开源证券股份有限公司西安西大街证券营业部,,,25662623.0,0.85,-25662623.0,1,非ST、*ST和S证券连续三个交易日内收盘价格涨幅偏离值累计达到20%的证券
20251104,603169.SH,瑞银证券有限责任公司上海花园石桥路证券营业部,,,23939751.0,0.79,-23939751.0,1,非ST、*ST和S证券连续三个交易日内收盘价格涨幅偏离值累计达到20%的证券
20251104,603175.SH,国盛证券有限责任公司宁波桑田路证券营业部,37882895.22,3.24,,,37882895.22,0,有价格涨跌幅限制的日换手率达到20%的前五只证券
20251104,603175.SH,开源证券股份有限公司西安西大街证券营业部,30968848.8,2.65,,,30968848.8,0,有价格涨跌幅限制的日换手率达到20%的前五只证券
20251104,603175.SH,招商证券股份有限公司杭州天目山路证券营业部,24305634.28,2.08,,,24305634.28,0,有价格涨跌幅限制的日换手率达到20%的前五只证券
20251104,603175.SH,国泰海通证券股份有限公司总部,23205724.08,1.99,,,23205724.08,0,有价格涨跌幅限制的日换手率达到20%的前五只证券
20251104,603175.SH,华鑫证券有限责任公司上海分公司,19204095.0,1.64,,,19204095.0,0,有价格涨跌幅限制的日换手率达到20%的前五只证券
20251104,603175.SH,中信证券股份有限公司上海分公司,,,23984991.38,2.05,-23984991.38,1,有价格涨跌幅限制的日换手率达到20%的前五只证券
20251104,603175.SH,国泰海通证券股份有限公司南京广州路证券营业部,,,18850222.0,1.61,-18850222.0,1,有价格涨跌幅限制的日换手率达到20%的前五只证券
20251104,603175.SH,光大证券股份有限公司宁波镇海城关证券营业部,,,17901894.0,1.53,-17901894.0,1,有价格涨跌幅限制的日换手率达到20%的前五只证券
20251104,603175.SH,华泰证券股份有限公司深圳益田路荣超商务中心证券营业部,,,17469022.39,1.5,-17469022.39,1,有价格涨跌幅限制的日换手率达到20%的前五只证券
20251104,603175.SH,高盛(中国)证券有限责任公司上海浦东新区世纪大道证券营业部,,,14548446.84,1.25,-14548446.84,1,有价格涨跌幅限制的日换手率达到20%的前五只证券
20251104,603192.SH,华泰证券股份有限公司深圳深南大道证券营业部,4810639.0,4.58,,,4810639.0,0,有价格涨跌幅限制的日收盘价格跌幅偏离值达到7%的前五只证券
20251104,603192.SH,瑞银证券有限责任公司上海花园石桥路证券营业部,3364641.0,3.2,,,3364641.0,0,有价格涨跌幅限制的日收盘价格跌幅偏离值达到7%的前五只证券
20251104,603192.SH,浙商证券股份有限公司杭州分公司,2062126.0,1.96,,,2062126.0,0,有价格涨跌幅限制的日收盘价格跌幅偏离值达到7%的前五只证券
20251104,603192.SH,中信证券股份有限公司总部(非营业场所),1948004.0,1.85,,,1948004.0,0,有价格涨跌幅限制的日收盘价格跌幅偏离值达到7%的前五只证券
20251104,603192.SH,中信证券股份有限公司北京天通苑证券营业部,1757144.0,1.67,,,1757144.0,0,有价格涨跌幅限制的日收盘价格跌幅偏离值达到7%的前五只证券
20251104,603192.SH,华福证券有限责任公司乐清清远路证券营业部,,,7918037.0,7.53,-7918037.0,1,有价格涨跌幅限制的日收盘价格跌幅偏离值达到7%的前五只证券
20251104,603192.SH,国泰海通证券股份有限公司杭州富春路证券营业部,,,6793544.0,6.46,-6793544.0,1,有价格涨跌幅限制的日收盘价格跌幅偏离值达到7%的前五只证券
20251104,603192.SH,国泰海通证券股份有限公司总部,,,6336392.0,6.03,-6336392.0,1,有价格涨跌幅限制的日收盘价格跌幅偏离值达到7%的前五只证券
20251104,603192.SH,中国银河证券股份有限公司青田龙津路证券营业部,,,5428120.0,5.16,-5428120.0,1,有价格涨跌幅限制的日收盘价格跌幅偏离值达到7%的前五只证券
20251104,603192.SH,国新证券股份有限公司江苏分公司,,,3741570.0,3.56,-3741570.0,1,有价格涨跌幅限制的日收盘价格跌幅偏离值达到7%的前五只证券
20251104,603280.SH,麦高证券有限责任公司北京分公司,5849417.0,1.42,,,5849417.0,0,有价格涨跌幅限制的日换手率达到20%的前五只证券
20251104,603280.SH,国泰海通证券股份有限公司总部,4806639.0,1.17,,,4806639.0,0,有价格涨跌幅限制的日换手率达到20%的前五只证券
20251104,603280.SH,中银国际证券股份有限公司广东分公司,4509291.0,1.09,,,4509291.0,0,有价格涨跌幅限制的日换手率达到20%的前五只证券
20251104,603280.SH,东方财富证券股份有限公司拉萨东环路第二证券营业部,4089707.0,0.99,,,4089707.0,0,有价格涨跌幅限制的日换手率达到20%的前五只证券
20251104,603280.SH,东方财富证券股份有限公司拉萨团结路第二证券营业部,3979379.0,0.97,,,3979379.0,0,有价格涨跌幅限制的日换手率达到20%的前五只证券
20251104,603280.SH,国泰海通证券股份有限公司总部,,,8204514.8,1.99,-8204514.8,1,有价格涨跌幅限制的日换手率达到20%的前五只证券
20251104,603280.SH,麦高证券有限责任公司北京分公司,,,6980059.0,1.69,-6980059.0,1,有价格涨跌幅限制的日换手率达到20%的前五只证券
20251104,603280.SH,中信证券股份有限公司上海分公司,,,6631624.0,1.61,-6631624.0,1,有价格涨跌幅限制的日换手率达到20%的前五只证券
20251104,603280.SH,高盛(中国)证券有限责任公司上海浦东新区世纪大道证券营业部,,,5656706.0,1.37,-5656706.0,1,有价格涨跌幅限制的日换手率达到20%的前五只证券
20251104,603280.SH,东方财富证券股份有限公司昌都两江大道证券营业部,,,4951444.0,1.2,-4951444.0,1,有价格涨跌幅限制的日换手率达到20%的前五只证券
20251104,603595.SH,财信证券股份有限公司湘乡市励志大道证券营业部,153432.0,7.64,,,153432.0,0,ST、*ST证券连续三个交易日内收盘价格跌幅偏离值累计达到12%的证券
20251104,603595.SH,机构专用,151857.0,7.57,,,151857.0,0,ST、*ST证券连续三个交易日内收盘价格跌幅偏离值累计达到12%的证券
20251104,603595.SH,招商证券股份有限公司重庆金沙门路证券营业部,132187.0,6.59,,,132187.0,0,ST、*ST证券连续三个交易日内收盘价格跌幅偏离值累计达到12%的证券
20251104,603595.SH,东吴证券股份有限公司昆山前进中路证券营业部,108350.0,5.4,,,108350.0,0,ST、*ST证券连续三个交易日内收盘价格跌幅偏离值累计达到12%的证券
20251104,603595.SH,华泰证券股份有限公司上海武定路证券营业部,99756.0,4.97,,,99756.0,0,ST、*ST证券连续三个交易日内收盘价格跌幅偏离值累计达到12%的证券
20251104,603595.SH,国信证券股份有限公司公司总部,,,486708.0,24.25,-486708.0,1,ST、*ST证券连续三个交易日内收盘价格跌幅偏离值累计达到12%的证券
20251104,603595.SH,财信证券股份有限公司长兴道园路证券营业部,,,215160.0,10.72,-215160.0,1,ST、*ST证券连续三个交易日内收盘价格跌幅偏离值累计达到12%的证券
20251104,603595.SH,东吴证券股份有限公司苏州工业园区苏州大道东证券营业部,,,187369.0,9.33,-187369.0,1,ST、*ST证券连续三个交易日内收盘价格跌幅偏离值累计达到12%的证券
20251104,603595.SH,国泰海通证券股份有限公司上虞市民大道证券营业部,,,172956.0,8.62,-172956.0,1,ST、*ST证券连续三个交易日内收盘价格跌幅偏离值累计达到12%的证券
20251104,603595.SH,国泰海通证券股份有限公司舟山海山路证券营业部,,,162525.0,8.1,-162525.0,1,ST、*ST证券连续三个交易日内收盘价格跌幅偏离值累计达到12%的证券
20251104,603616.SH,华鑫证券有限责任公司上海莲花路证券营业部,29824743.0,21.12,,,29824743.0,0,有价格涨跌幅限制的日收盘价格涨幅偏离值达到7%的前五只证券
20251104,603616.SH,华泰证券股份有限公司上海浦东新区世纪大道证券营业部,24352627.0,17.25,,,24352627.0,0,有价格涨跌幅限制的日收盘价格涨幅偏离值达到7%的前五只证券
20251104,603616.SH,东方证券股份有限公司深圳深南大道证券营业部,9165000.0,6.49,,,9165000.0,0,有价格涨跌幅限制的日收盘价格涨幅偏离值达到7%的前五只证券
20251104,603616.SH,招商证券股份有限公司深圳红岭路证券营业部,8946573.61,6.34,,,8946573.61,0,有价格涨跌幅限制的日收盘价格涨幅偏离值达到7%的前五只证券
20251104,603616.SH,华鑫证券有限责任公司上海分公司,6836479.0,4.84,,,6836479.0,0,有价格涨跌幅限制的日收盘价格涨幅偏离值达到7%的前五只证券
20251104,603616.SH,首创证券股份有限公司长沙滨江路证券营业部,,,3576794.0,2.53,-3576794.0,1,有价格涨跌幅限制的日收盘价格涨幅偏离值达到7%的前五只证券
20251104,603616.SH,招商证券股份有限公司梧州冬湖路证券营业部,,,3055000.0,2.16,-3055000.0,1,有价格涨跌幅限制的日收盘价格涨幅偏离值达到7%的前五只证券
20251104,603616.SH,华泰证券股份有限公司南通湖东路证券营业部,,,2363959.0,1.67,-2363959.0,1,有价格涨跌幅限制的日收盘价格涨幅偏离值达到7%的前五只证券
20251104,603616.SH,中信证券股份有限公司吉林市吉林大街证券营业部,,,2011412.0,1.42,-2011412.0,1,有价格涨跌幅限制的日收盘价格涨幅偏离值达到7%的前五只证券
20251104,603616.SH,华泰证券股份有限公司盐城分公司,,,1686360.0,1.19,-1686360.0,1,有价格涨跌幅限制的日收盘价格涨幅偏离值达到7%的前五只证券
20251104,603686.SH,国泰海通证券股份有限公司上海松江区中山东路证券营业部,153666592.0,3.87,,,153666592.0,0,有价格涨跌幅限制的日价格振幅达到15%的前五只证券
20251104,603686.SH,国泰海通证券股份有限公司上海松江区中山东路证券营业部,153666592.0,3.87,,,153666592.0,0,有价格涨跌幅限制的日换手率达到20%的前五只证券
20251104,603686.SH,瑞银证券有限责任公司上海花园石桥路证券营业部,77014659.08,1.94,,,77014659.08,0,有价格涨跌幅限制的日价格振幅达到15%的前五只证券
20251104,603686.SH,瑞银证券有限责任公司上海花园石桥路证券营业部,77014659.08,1.94,,,77014659.08,0,有价格涨跌幅限制的日换手率达到20%的前五只证券
20251104,603686.SH,开源证券股份有限公司西安西大街证券营业部,72314500.0,1.82,,,72314500.0,0,有价格涨跌幅限制的日价格振幅达到15%的前五只证券
20251104,603686.SH,开源证券股份有限公司西安西大街证券营业部,72314500.0,1.82,,,72314500.0,0,有价格涨跌幅限制的日换手率达到20%的前五只证券
20251104,603686.SH,国泰海通证券股份有限公司总部,70410392.22,1.78,,,70410392.22,0,有价格涨跌幅限制的日价格振幅达到15%的前五只证券
20251104,603686.SH,国泰海通证券股份有限公司总部,70410392.22,1.78,,,70410392.22,0,有价格涨跌幅限制的日换手率达到20%的前五只证券
20251104,603686.SH,恒泰证券股份有限公司上海河南南路证券营业部,66914121.97,1.69,,,66914121.97,0,有价格涨跌幅限制的日价格振幅达到15%的前五只证券
20251104,603686.SH,恒泰证券股份有限公司上海河南南路证券营业部,66914121.97,1.69,,,66914121.97,0,有价格涨跌幅限制的日换手率达到20%的前五只证券
20251104,603686.SH,东方财富证券股份有限公司拉萨东环路第一证券营业部,,,47435850.8,1.2,-47435850.8,1,有价格涨跌幅限制的日价格振幅达到15%的前五只证券
20251104,603686.SH,东方财富证券股份有限公司拉萨东环路第一证券营业部,,,47435850.8,1.2,-47435850.8,1,有价格涨跌幅限制的日换手率达到20%的前五只证券
20251104,603686.SH,东方财富证券股份有限公司拉萨团结路第一证券营业部,,,40666606.4,1.03,-40666606.4,1,有价格涨跌幅限制的日价格振幅达到15%的前五只证券
20251104,603686.SH,东方财富证券股份有限公司拉萨团结路第一证券营业部,,,40666606.4,1.03,-40666606.4,1,有价格涨跌幅限制的日换手率达到20%的前五只证券
20251104,603686.SH,东方财富证券股份有限公司拉萨金融城南环路证券营业部,,,39960085.9,1.01,-39960085.9,1,有价格涨跌幅限制的日价格振幅达到15%的前五只证券
20251104,603686.SH,东方财富证券股份有限公司拉萨金融城南环路证券营业部,,,39960085.9,1.01,-39960085.9,1,有价格涨跌幅限制的日换手率达到20%的前五只证券
20251104,603686.SH,东方财富证券股份有限公司拉萨东环路第二证券营业部,,,38432827.82,0.97,-38432827.82,1,有价格涨跌幅限制的日价格振幅达到15%的前五只证券
20251104,603686.SH,东方财富证券股份有限公司拉萨东环路第二证券营业部,,,38432827.82,0.97,-38432827.82,1,有价格涨跌幅限制的日换手率达到20%的前五只证券
20251104,603686.SH,中信证券股份有限公司上海分公司,,,35099834.1,0.89,-35099834.1,1,有价格涨跌幅限制的日价格振幅达到15%的前五只证券
20251104,603686.SH,中信证券股份有限公司上海分公司,,,35099834.1,0.89,-35099834.1,1,有价格涨跌幅限制的日换手率达到20%的前五只证券
20251104,605138.SH,开源证券股份有限公司西安西大街证券营业部,20777014.0,14.98,,,20777014.0,0,有价格涨跌幅限制的日收盘价格涨幅偏离值达到7%的前五只证券
20251104,605138.SH,华泰证券股份有限公司总部,9343378.0,6.74,,,9343378.0,0,有价格涨跌幅限制的日收盘价格涨幅偏离值达到7%的前五只证券
20251104,605138.SH,国泰海通证券股份有限公司深圳金田路证券营业部,5567639.0,4.02,,,5567639.0,0,有价格涨跌幅限制的日收盘价格涨幅偏离值达到7%的前五只证券
20251104,605138.SH,国泰海通证券股份有限公司重庆中山三路证券营业部,4719700.0,3.4,,,4719700.0,0,有价格涨跌幅限制的日收盘价格涨幅偏离值达到7%的前五只证券
20251104,605138.SH,高盛(中国)证券有限责任公司上海浦东新区世纪大道证券营业部,3414212.0,2.46,,,3414212.0,0,有价格涨跌幅限制的日收盘价格涨幅偏离值达到7%的前五只证券
20251104,605138.SH,兴业证券股份有限公司杭州学院路证券营业部,,,2666154.0,1.92,-2666154.0,1,有价格涨跌幅限制的日收盘价格涨幅偏离值达到7%的前五只证券
20251104,605138.SH,金元证券股份有限公司潮州潮州大道证券营业部,,,2455228.0,1.77,-2455228.0,1,有价格涨跌幅限制的日收盘价格涨幅偏离值达到7%的前五只证券
20251104,605138.SH,国泰海通证券股份有限公司总部,,,1754197.0,1.27,-1754197.0,1,有价格涨跌幅限制的日收盘价格涨幅偏离值达到7%的前五只证券
20251104,605138.SH,国泰海通证券股份有限公司景德镇解放路证券营业部,,,1602100.0,1.16,-1602100.0,1,有价格涨跌幅限制的日收盘价格涨幅偏离值达到7%的前五只证券
20251104,605138.SH,国泰海通证券股份有限公司上海浦东新区浦东南路证券营业部,,,1428395.0,1.03,-1428395.0,1,有价格涨跌幅限制的日收盘价格涨幅偏离值达到7%的前五只证券
20251104,605155.SH,中国银河证券股份有限公司北京中关村大街证券营业部,5992275.0,2.15,,,5992275.0,0,有价格涨跌幅限制的日收盘价格跌幅偏离值达到7%的前五只证券
20251104,605155.SH,高盛(中国)证券有限责任公司上海浦东新区世纪大道证券营业部,4741203.0,1.7,,,4741203.0,0,有价格涨跌幅限制的日收盘价格跌幅偏离值达到7%的前五只证券
20251104,605155.SH,国泰海通证券股份有限公司总部,4341524.0,1.56,,,4341524.0,0,有价格涨跌幅限制的日收盘价格跌幅偏离值达到7%的前五只证券
20251104,605155.SH,光大证券股份有限公司上海徐汇区东安路证券营业部,4337267.0,1.56,,,4337267.0,0,有价格涨跌幅限制的日收盘价格跌幅偏离值达到7%的前五只证券
20251104,605155.SH,中信建投证券股份有限公司衡阳解放西路证券营业部,3906243.0,1.4,,,3906243.0,0,有价格涨跌幅限制的日收盘价格跌幅偏离值达到7%的前五只证券
20251104,605155.SH,开源证券股份有限公司西安西大街证券营业部,,,13312406.16,4.77,-13312406.16,1,有价格涨跌幅限制的日收盘价格跌幅偏离值达到7%的前五只证券
20251104,605155.SH,高盛(中国)证券有限责任公司上海浦东新区世纪大道证券营业部,,,12691299.4,4.55,-12691299.4,1,有价格涨跌幅限制的日收盘价格跌幅偏离值达到7%的前五只证券
20251104,605155.SH,财通证券股份有限公司青田新大街证券营业部,,,10474392.0,3.76,-10474392.0,1,有价格涨跌幅限制的日收盘价格跌幅偏离值达到7%的前五只证券
20251104,605155.SH,华泰证券股份有限公司总部,,,9870609.0,3.54,-9870609.0,1,有价格涨跌幅限制的日收盘价格跌幅偏离值达到7%的前五只证券
20251104,605155.SH,国泰海通证券股份有限公司总部,,,8186697.76,2.94,-8186697.76,1,有价格涨跌幅限制的日收盘价格跌幅偏离值达到7%的前五只证券
20251104,605365.SH,沪股通专用,67616709.63,7.02,,,67616709.63,0,非ST、*ST和S证券连续三个交易日内收盘价格涨幅偏离值累计达到20%的证券
20251104,605365.SH,开源证券股份有限公司西安西大街证券营业部,30950179.41,3.22,,,30950179.41,0,非ST、*ST和S证券连续三个交易日内收盘价格涨幅偏离值累计达到20%的证券
20251104,605365.SH,中国国际金融股份有限公司北京建国门外大街证券营业部,20789192.0,2.16,,,20789192.0,0,非ST、*ST和S证券连续三个交易日内收盘价格涨幅偏离值累计达到20%的证券
20251104,605365.SH,财通证券股份有限公司杭州东湖南路证券营业部,20448161.0,2.12,,,20448161.0,0,非ST、*ST和S证券连续三个交易日内收盘价格涨幅偏离值累计达到20%的证券
20251104,605365.SH,华泰证券股份有限公司总部,19686208.0,2.04,,,19686208.0,0,非ST、*ST和S证券连续三个交易日内收盘价格涨幅偏离值累计达到20%的证券
20251104,605365.SH,沪股通专用,,,83370357.0,8.66,-83370357.0,1,非ST、*ST和S证券连续三个交易日内收盘价格涨幅偏离值累计达到20%的证券
20251104,605365.SH,开源证券股份有限公司西安西大街证券营业部,,,31644132.0,3.29,-31644132.0,1,非ST、*ST和S证券连续三个交易日内收盘价格涨幅偏离值累计达到20%的证券
20251104,605365.SH,南京证券股份有限公司台州桔源街证券营业部,,,29578428.0,3.07,-29578428.0,1,非ST、*ST和S证券连续三个交易日内收盘价格涨幅偏离值累计达到20%的证券
20251104,605365.SH,高盛(中国)证券有限责任公司上海浦东新区世纪大道证券营业部,,,28773597.0,2.99,-28773597.0,1,非ST、*ST和S证券连续三个交易日内收盘价格涨幅偏离值累计达到20%的证券
20251104,605365.SH,中国国际金融股份有限公司北京建国门外大街证券营业部,,,17480885.0,1.82,-17480885.0,1,非ST、*ST和S证券连续三个交易日内收盘价格涨幅偏离值累计达到20%的证券
20251104,688733.SH,高盛(中国)证券有限责任公司上海浦东新区世纪大道证券营业部,60074937.89,6.59,,,60074937.89,0,有价格涨跌幅限制的日收盘价格涨幅达到15%的前五只证券
20251104,688733.SH,国泰海通证券股份有限公司总部,36284109.46,3.98,,,36284109.46,0,有价格涨跌幅限制的日收盘价格涨幅达到15%的前五只证券
20251104,688733.SH,中信证券股份有限公司上海分公司,34548560.92,3.79,,,34548560.92,0,有价格涨跌幅限制的日收盘价格涨幅达到15%的前五只证券
20251104,688733.SH,瑞银证券有限责任公司上海花园石桥路证券营业部,29123548.74,3.2,,,29123548.74,0,有价格涨跌幅限制的日收盘价格涨幅达到15%的前五只证券
20251104,688733.SH,摩根大通证券(中国)有限公司上海银城中路证券营业部,18780910.72,2.06,,,18780910.72,0,有价格涨跌幅限制的日收盘价格涨幅达到15%的前五只证券
20251104,688733.SH,国金证券股份有限公司上海浦东新区云鹃北路证券营业部,,,29359972.42,3.22,-29359972.42,1,有价格涨跌幅限制的日收盘价格涨幅达到15%的前五只证券
20251104,688733.SH,中国中金财富证券有限公司合肥黄山路证券营业部,,,27616952.23,3.03,-27616952.23,1,有价格涨跌幅限制的日收盘价格涨幅达到15%的前五只证券
20251104,688733.SH,高盛(中国)证券有限责任公司上海浦东新区世纪大道证券营业部,,,25336556.08,2.78,-25336556.08,1,有价格涨跌幅限制的日收盘价格涨幅达到15%的前五只证券
20251104,688733.SH,国泰海通证券股份有限公司总部,,,19873367.35,2.18,-19873367.35,1,有价格涨跌幅限制的日收盘价格涨幅达到15%的前五只证券
20251104,688733.SH,中信证券股份有限公司上海分公司,,,19534195.41,2.14,-19534195.41,1,有价格涨跌幅限制的日收盘价格涨幅达到15%的前五只证券
20251104,920009.BJ,招商证券股份有限公司北京金融大街证券营业部,10852176.82,2.75,8900.0,0.0,10843276.82,0,当日换手率达到20%的前5只股票
20251104,920009.BJ,东方财富证券股份有限公司拉萨团结路第二证券营业部,6822517.69,1.73,4040214.6,1.02,2782303.09,0,当日换手率达到20%的前5只股票
20251104,920009.BJ,东方财富证券股份有限公司拉萨团结路第一证券营业部,5682419.68,1.44,4559119.63,1.15,1123300.05,0,当日换手率达到20%的前5只股票
20251104,920009.BJ,中国中金财富证券有限公司北京宋庄路证券营业部,3600896.28,0.91,130485.24,0.03,3470411.04,0,当日换手率达到20%的前5只股票
20251104,920009.BJ,东北证券股份有限公司北京三里河东路证券营业部,3484409.81,0.88,51276.0,0.01,3433133.81,0,当日换手率达到20%的前5只股票
20251104,920009.BJ,广发证券股份有限公司深圳东滨路营业部,0.0,0.0,9064624.44,2.3,-9064624.44,1,当日换手率达到20%的前5只股票
20251104,920009.BJ,中原证券股份有限公司新乡分公司,111887.56,0.03,6852675.46,1.74,-6740787.9,1,当日换手率达到20%的前5只股票
20251104,920009.BJ,东方证券股份有限公司杭州金鸡路证券营业部,0.0,0.0,6288714.15,1.59,-6288714.15,1,当日换手率达到20%的前5只股票
20251104,920009.BJ,东方财富证券股份有限公司拉萨东环路第二证券营业部,2447810.04,0.62,6109158.25,1.55,-3661348.21,1,当日换手率达到20%的前5只股票
20251104,920009.BJ,国泰海通证券股份有限公司重庆观音桥步行街营业部,0.0,0.0,5649258.27,1.43,-5649258.27,1,当日换手率达到20%的前5只股票
20251104,920223.BJ,东亚前海证券有限责任公司苏州分公司,22123370.7,3.89,774389.24,0.14,21348981.46,0,当日换手率达到20%的前5只股票
20251104,920223.BJ,机构专用,19383933.64,3.41,0.0,0.0,19383933.64,0,当日换手率达到20%的前5只股票
20251104,920223.BJ,机构专用,11910724.19,2.1,6603157.92,1.16,5307566.27,0,当日换手率达到20%的前5只股票
20251104,920223.BJ,国信证券股份有限公司深圳互联网分公司,10790561.1,1.9,3900301.31,0.69,6890259.79,0,当日换手率达到20%的前5只股票
20251104,920223.BJ,国联民生证券股份有限公司慈溪影清路证券营业部,8118018.41,1.43,1196236.0,0.21,6921782.41,0,当日换手率达到20%的前5只股票
20251104,920223.BJ,中国银河证券股份有限公司沈阳三经街证券营业部,0.0,0.0,10621476.54,1.87,-10621476.54,1,当日换手率达到20%的前5只股票
20251104,920223.BJ,西部证券股份有限公司榆林榆阳路证券营业部,0.0,0.0,8476859.7,1.49,-8476859.7,1,当日换手率达到20%的前5只股票
20251104,920223.BJ,机构专用,11910724.19,2.1,6603157.92,1.16,5307566.27,1,当日换手率达到20%的前5只股票
20251104,920223.BJ,国投证券股份有限公司天津分公司,0.0,0.0,5847906.96,1.03,-5847906.96,1,当日换手率达到20%的前5只股票
20251104,920223.BJ,国投证券股份有限公司嘉兴海宁海昌南路证券营业部,0.0,0.0,5331400.0,0.94,-5331400.0,1,当日换手率达到20%的前5只股票
20251104,920304.BJ,国信证券股份有限公司深圳互联网分公司,8927822.81,2.99,7661128.65,2.56,1266694.16,0,当日换手率达到20%的前5只股票
20251104,920304.BJ,东方财富证券股份有限公司拉萨东环路第二证券营业部,6529264.03,2.18,4694719.78,1.57,1834544.25,0,当日换手率达到20%的前5只股票
20251104,920304.BJ,招商证券股份有限公司深圳前海路证券营业部,6273765.99,2.1,1541336.94,0.52,4732429.05,0,当日换手率达到20%的前5只股票
20251104,920304.BJ,东方财富证券股份有限公司拉萨团结路第二证券营业部,4868870.92,1.63,3053170.26,1.02,1815700.66,0,当日换手率达到20%的前5只股票
20251104,920304.BJ,东方财富证券股份有限公司拉萨东环路第一证券营业部,3436996.02,1.15,2267492.5,0.76,1169503.52,0,当日换手率达到20%的前5只股票
20251104,920304.BJ,东北证券股份有限公司佛山分公司,0.0,0.0,10379427.26,3.47,-10379427.26,1,当日换手率达到20%的前5只股票
20251104,920304.BJ,国信证券股份有限公司深圳互联网分公司,8927822.81,2.99,7661128.65,2.56,1266694.16,1,当日换手率达到20%的前5只股票
20251104,920304.BJ,国盛证券有限责任公司苏南分公司,0.0,0.0,7449170.58,2.49,-7449170.58,1,当日换手率达到20%的前5只股票
20251104,920304.BJ,川财证券有限责任公司重庆江北嘴营业部,1498.0,0.0,7171302.59,2.4,-7169804.59,1,当日换手率达到20%的前5只股票
20251104,920304.BJ,信达证券股份有限公司深圳湾科技园证券营业部,0.0,0.0,6586866.29,2.2,-6586866.29,1,当日换手率达到20%的前5只股票
20251104,920670.BJ,国信证券股份有限公司深圳互联网分公司,13017445.55,4.05,5592508.04,1.74,7424937.51,0,当日换手率达到20%的前5只股票
20251104,920670.BJ,国金证券股份有限公司深圳分公司,8438475.25,2.63,2960221.56,0.92,5478253.69,0,当日换手率达到20%的前5只股票
20251104,920670.BJ,东方财富证券股份有限公司拉萨团结路第二证券营业部,6658764.62,2.07,2211790.64,0.69,4446973.98,0,当日换手率达到20%的前5只股票
20251104,920670.BJ,东方财富证券股份有限公司拉萨团结路第一证券营业部,4548109.86,1.42,1709965.23,0.53,2838144.63,0,当日换手率达到20%的前5只股票
20251104,920670.BJ,申万宏源证券有限公司上海中兴路证券营业部,3499567.56,1.09,9580.0,0.0,3489987.56,0,当日换手率达到20%的前5只股票
20251104,920670.BJ,中泰证券股份有限公司淄博分公司,36225.0,0.01,6248582.5,1.95,-6212357.5,1,当日换手率达到20%的前5只股票
20251104,920670.BJ,国信证券股份有限公司深圳互联网分公司,13017445.55,4.05,5592508.04,1.74,7424937.51,1,当日换手率达到20%的前5只股票
20251104,920670.BJ,中信建投证券股份有限公司天津解放南路证券营业部,970915.44,0.3,3626495.88,1.13,-2655580.44,1,当日换手率达到20%的前5只股票
20251104,920670.BJ,申万宏源证券有限公司北京紫竹院路营业部,1480946.9,0.46,2965814.29,0.92,-1484867.39,1,当日换手率达到20%的前5只股票
20251104,920670.BJ,国金证券股份有限公司深圳分公司,8438475.25,2.63,2960221.56,0.92,5478253.69,1,当日换手率达到20%的前5只股票
20251104,920706.BJ,国信证券股份有限公司深圳互联网分公司,7112409.9,2.53,7847411.27,2.79,-735001.37,0,当日换手率达到20%的前5只股票
20251104,920706.BJ,中信建投证券股份有限公司上海营口路证券营业部,5283076.79,1.88,1764844.74,0.63,3518232.05,0,当日换手率达到20%的前5只股票
20251104,920706.BJ,东方财富证券股份有限公司拉萨团结路第一证券营业部,4777307.12,1.7,1387512.58,0.49,3389794.54,0,当日换手率达到20%的前5只股票
20251104,920706.BJ,东方财富证券股份有限公司拉萨东环路第一证券营业部,4486096.61,1.59,701955.24,0.25,3784141.37,0,当日换手率达到20%的前5只股票
20251104,920706.BJ,东方财富证券股份有限公司拉萨团结路第二证券营业部,4201520.72,1.49,2514824.91,0.89,1686695.81,0,当日换手率达到20%的前5只股票
20251104,920706.BJ,国信证券股份有限公司深圳红岭中路证券营业部,1993575.33,0.71,9810817.86,3.49,-7817242.53,1,当日换手率达到20%的前5只股票
20251104,920706.BJ,国信证券股份有限公司深圳互联网分公司,7112409.9,2.53,7847411.27,2.79,-735001.37,1,当日换手率达到20%的前5只股票
20251104,920706.BJ,国金证券股份有限公司深圳分公司,729817.8,0.26,5393571.87,1.92,-4663754.07,1,当日换手率达到20%的前5只股票
20251104,920706.BJ,中信建投证券股份有限公司北京东城分公司,341747.22,0.12,4605988.81,1.64,-4264241.59,1,当日换手率达到20%的前5只股票
20251104,920706.BJ,国信证券股份有限公司北京分公司,313380.73,0.11,3634008.43,1.29,-3320627.7,1,当日换手率达到20%的前5只股票
