trade_date,ts_code,ts_name,buy_amount,sell_amount,net_amount,hm_name,hm_orgs,tag
20260225,301373.SZ,凌玮科技,16537685.0,0.0,16537685.0,量化打板,中泰证券股份有限公司常州惠国路证券营业部,
20260225,603616.SH,韩建河山,0.0,17841888.0,-17841888.0,量化打板,中泰证券股份有限公司常州惠国路证券营业部,
20260225,600545.SH,卓郎智能,8801808.0,0.0,8801808.0,量化打板,国新证券股份有限公司长沙韶山路证券营业部,
20260225,000669.SZ,ST金鸿,0.0,6732000.0,-6732000.0,量化打板,国新证券股份有限公司长沙韶山路证券营业部,
20260225,000547.SZ,航天发展,106053036.0,12024.0,106041012.0,量化打板,开源证券股份有限公司西安太华路证券营业部,
20260225,001896.SZ,豫能控股,20582.0,141755449.0,-141734867.0,量化打板,开源证券股份有限公司西安太华路证券营业部,
20260225,600227.SH,赤天化,0.0,27474670.0,-27474670.0,量化打板,开源证券股份有限公司西安太华路证券营业部,
20260225,002361.SZ,神剑股份,63041582.0,14770.0,63026812.0,量化打板,开源证券股份有限公司西安太华路证券营业部,
20260225,000839.SZ,国安股份,123672957.0,17637790.0,106035167.0,量化打板,开源证券股份有限公司西安太华路证券营业部,
20260225,600110.SH,诺德股份,162719171.06,83119157.06,79600014.0,量化打板,开源证券股份有限公司西安太华路证券营业部,
20260225,300437.SZ,清水源,60377278.0,0.0,60377278.0,量化打板,开源证券股份有限公司西安太华路证券营业部,
20260225,300658.SZ,延江股份,42931711.0,0.0,42931711.0,量化打板,开源证券股份有限公司西安太华路证券营业部,
20260225,300821.SZ,东岳硅材,101852067.0,59560.0,101792507.0,量化打板,开源证券股份有限公司西安太华路证券营业部,
20260225,688432.SH,有研硅,45211600.0,0.0,45211600.0,量化打板,开源证券股份有限公司西安太华路证券营业部,
20260225,300157.SZ,新锦动力,14060.0,72971081.0,-72957021.0,量化打板,开源证券股份有限公司西安太华路证券营业部,
20260225,300739.SZ,明阳电路,96268205.0,14658.0,96253547.0,量化打板,开源证券股份有限公司西安太华路证券营业部,
20260225,600337.SH,美克家居,10762767.0,0.0,10762767.0,量化打板,开源证券股份有限公司西安西大街证券营业部,
20260225,600884.SH,杉杉股份,49698864.0,35046223.02,14652640.98,量化基金,中信证券股份有限公司上海分公司,
20260225,603331.SH,百达精工,15552871.0,31827815.0,-16274944.0,量化基金,中信证券股份有限公司上海分公司,
20260225,603616.SH,韩建河山,20634861.0,14815297.0,5819564.0,量化基金,中信证券股份有限公司上海分公司,
20260225,600397.SH,江钨装备,0.0,85705828.74,-85705828.74,量化基金,中信证券股份有限公司上海分公司,
20260225,600791.SH,京能置业,27539639.0,25971310.0,1568329.0,量化基金,中信证券股份有限公司上海分公司,
20260225,600984.SH,建设机械,46149451.4,50974341.06,-4824889.66,量化基金,中信证券股份有限公司上海分公司,
20260225,605178.SH,时空科技,0.0,30307339.6,-30307339.6,量化基金,中信证券股份有限公司上海分公司,
20260225,605287.SH,德才股份,62975110.0,57200877.76,5774232.24,量化基金,中信证券股份有限公司上海分公司,
20260225,688031.SH,星环科技,0.0,85406400.0,-85406400.0,量化基金,中信证券股份有限公司上海分公司,
20260225,688125.SH,安达智能,17119700.0,15497400.0,1622300.0,量化基金,中信证券股份有限公司上海分公司,
20260225,688432.SH,有研硅,13472600.0,15014500.0,-1541900.0,量化基金,中信证券股份有限公司上海分公司,
20260225,688480.SH,赛恩斯,22669000.0,16870000.0,5799000.0,量化基金,中信证券股份有限公司上海分公司,
20260225,688818.SH,电科蓝天,0.0,55955000.0,-55955000.0,量化基金,中信证券股份有限公司上海分公司,
20260225,603021.SH,ST华鹏,10480585.0,6950291.0,3530294.0,量化基金,中信证券股份有限公司上海分公司,
20260225,000657.SZ,中钨高新,55054769.0,57372207.0,-2317438.0,量化基金,中国国际金融股份有限公司上海分公司,
20260225,600977.SH,中国电影,26175136.0,0.0,26175136.0,量化基金,中国国际金融股份有限公司上海分公司,
20260225,000890.SZ,法尔胜,24264911.0,3833014.0,20431897.0,量化基金,中国国际金融股份有限公司上海分公司,
20260225,002207.SZ,准油股份,16079622.0,12862005.0,3217617.0,量化基金,中国国际金融股份有限公司上海分公司,
20260225,603331.SH,百达精工,13083706.0,25815740.0,-12732034.0,量化基金,中国国际金融股份有限公司上海分公司,
20260225,603466.SH,风语筑,21326695.48,0.0,21326695.48,量化基金,中国国际金融股份有限公司上海分公司,
20260225,603616.SH,韩建河山,22426633.91,0.0,22426633.91,量化基金,中国国际金融股份有限公司上海分公司,
20260225,600984.SH,建设机械,0.0,39415866.1,-39415866.1,量化基金,中国国际金融股份有限公司上海分公司,
20260225,605287.SH,德才股份,39541951.2,45924823.0,-6382871.8,量化基金,中国国际金融股份有限公司上海分公司,
20260225,300437.SZ,清水源,10640728.0,8736722.0,1904006.0,量化基金,中国国际金融股份有限公司上海分公司,
20260225,688125.SH,安达智能,14332800.0,14977100.0,-644300.0,量化基金,中国国际金融股份有限公司上海分公司,
20260225,300157.SZ,新锦动力,16494855.0,19367970.0,-2873115.0,量化基金,中国国际金融股份有限公司上海分公司,
20260225,300846.SZ,首都在线,46069841.0,26644710.0,19425131.0,量化基金,中国国际金融股份有限公司上海分公司,
20260225,603331.SH,百达精工,13157692.0,0.0,13157692.0,量化基金,中国国际金融股份有限公司北京建国门外大街证券营业部,
20260225,600227.SH,赤天化,7438211.0,0.0,7438211.0,量化基金,华泰证券股份有限公司总部,
20260225,603331.SH,百达精工,16291893.6,17600965.0,-1309071.4,量化基金,华泰证券股份有限公司总部,
20260225,603616.SH,韩建河山,0.0,35447489.0,-35447489.0,量化基金,华泰证券股份有限公司总部,
20260225,600791.SH,京能置业,29827613.0,0.0,29827613.0,量化基金,华泰证券股份有限公司总部,
20260225,605178.SH,时空科技,48715562.0,0.0,48715562.0,量化基金,华泰证券股份有限公司总部,
20260225,600227.SH,赤天化,5367409.0,0.0,5367409.0,量化基金,国泰海通证券股份有限公司总部,
20260225,600337.SH,美克家居,13682845.4,11502663.0,2180182.4,量化基金,国泰海通证券股份有限公司总部,
20260225,600545.SH,卓郎智能,19445333.0,12841105.0,6604228.0,量化基金,国泰海通证券股份有限公司总部,
20260225,605033.SH,美邦股份,7645975.0,0.0,7645975.0,量化基金,国泰海通证券股份有限公司总部,
20260225,600410.SH,华胜天成,81769429.13,71866859.62,9902569.51,量化基金,国泰海通证券股份有限公司总部,
20260225,603284.SH,林平发展,6948410.73,0.0,6948410.73,量化基金,国泰海通证券股份有限公司总部,
20260225,603331.SH,百达精工,16507723.0,17558104.4,-1050381.4,量化基金,国泰海通证券股份有限公司总部,
20260225,600397.SH,江钨装备,89929407.0,0.0,89929407.0,量化基金,国泰海通证券股份有限公司总部,
20260225,600791.SH,京能置业,0.0,31377626.0,-31377626.0,量化基金,国泰海通证券股份有限公司总部,
20260225,600984.SH,建设机械,0.0,65866423.7,-65866423.7,量化基金,国泰海通证券股份有限公司总部,
20260225,605178.SH,时空科技,36907206.2,23950885.0,12956321.2,量化基金,国泰海通证券股份有限公司总部,
20260225,688125.SH,安达智能,21580500.0,15102900.0,6477600.0,量化基金,国泰海通证券股份有限公司总部,
20260225,603021.SH,ST华鹏,6964978.0,7065032.6,-100054.6,量化基金,国泰海通证券股份有限公司总部,
20260225,600545.SH,卓郎智能,17160764.37,10522647.0,6638117.37,量化基金,摩根大通证券(中国)有限公司上海银城中路证券营业部,
20260225,603381.SH,永臻股份,9951154.0,0.0,9951154.0,量化基金,摩根大通证券(中国)有限公司上海银城中路证券营业部,
20260225,605033.SH,美邦股份,0.0,19095233.0,-19095233.0,量化基金,摩根大通证券(中国)有限公司上海银城中路证券营业部,
20260225,600410.SH,华胜天成,106397517.78,0.0,106397517.78,量化基金,摩根大通证券(中国)有限公司上海银城中路证券营业部,
20260225,603466.SH,风语筑,43778858.0,0.0,43778858.0,量化基金,摩根大通证券(中国)有限公司上海银城中路证券营业部,
20260225,603616.SH,韩建河山,19855808.0,0.0,19855808.0,量化基金,摩根大通证券(中国)有限公司上海银城中路证券营业部,
20260225,600397.SH,江钨装备,96380471.0,0.0,96380471.0,量化基金,摩根大通证券(中国)有限公司上海银城中路证券营业部,
20260225,600984.SH,建设机械,0.0,36297088.47,-36297088.47,量化基金,摩根大通证券(中国)有限公司上海银城中路证券营业部,
20260225,605178.SH,时空科技,28201988.0,24823390.0,3378598.0,量化基金,摩根大通证券(中国)有限公司上海银城中路证券营业部,
20260225,605287.SH,德才股份,0.0,37041772.0,-37041772.0,量化基金,摩根大通证券(中国)有限公司上海银城中路证券营业部,
20260225,600010.SH,包钢股份,238090636.56,0.0,238090636.56,量化基金,瑞银证券有限责任公司上海花园石桥路证券营业部,
20260225,600884.SH,杉杉股份,56878937.96,0.0,56878937.96,量化基金,瑞银证券有限责任公司上海花园石桥路证券营业部,
20260225,603381.SH,永臻股份,12225932.0,0.0,12225932.0,量化基金,瑞银证券有限责任公司上海花园石桥路证券营业部,
20260225,600410.SH,华胜天成,66127654.0,0.0,66127654.0,量化基金,瑞银证券有限责任公司上海花园石桥路证券营业部,
20260225,603284.SH,林平发展,11160129.54,0.0,11160129.54,量化基金,瑞银证券有限责任公司上海花园石桥路证券营业部,
20260225,603331.SH,百达精工,0.0,27453455.0,-27453455.0,量化基金,瑞银证券有限责任公司上海花园石桥路证券营业部,
20260225,603616.SH,韩建河山,42563392.0,14704752.53,27858639.47,量化基金,瑞银证券有限责任公司上海花园石桥路证券营业部,
20260225,600110.SH,诺德股份,67514924.0,39618926.63,27895997.37,量化基金,瑞银证券有限责任公司上海花园石桥路证券营业部,
20260225,600397.SH,江钨装备,102029863.06,84364770.0,17665093.06,量化基金,瑞银证券有限责任公司上海花园石桥路证券营业部,
20260225,600791.SH,京能置业,30534640.0,24267671.0,6266969.0,量化基金,瑞银证券有限责任公司上海花园石桥路证券营业部,
20260225,605178.SH,时空科技,33127416.0,0.0,33127416.0,量化基金,瑞银证券有限责任公司上海花园石桥路证券营业部,
20260225,688031.SH,星环科技,133726200.0,0.0,133726200.0,量化基金,高盛（中国）证券有限责任公司上海浦东新区世纪大道证券营业部,
20260225,688125.SH,安达智能,15576100.0,0.0,15576100.0,量化基金,高盛（中国）证券有限责任公司上海浦东新区世纪大道证券营业部,
20260225,688432.SH,有研硅,0.0,11662200.0,-11662200.0,量化基金,高盛（中国）证券有限责任公司上海浦东新区世纪大道证券营业部,
20260225,688818.SH,电科蓝天,53020400.0,94026900.0,-41006500.0,量化基金,高盛（中国）证券有限责任公司上海浦东新区世纪大道证券营业部,
20260225,603103.SH,横店影视,5162103.0,0.0,5162103.0,苏州帮,东吴证券股份有限公司苏州西北街证券营业部,
20260225,002455.SZ,百川股份,47239194.0,2033906.0,45205288.0,红岭路,平安证券股份有限公司深圳分公司,
20260225,600791.SH,京能置业,0.0,54970967.0,-54970967.0,章盟主,中信证券股份有限公司杭州延安路证券营业部,
20260225,605287.SH,德才股份,66598487.0,0.0,66598487.0,章盟主,中信证券股份有限公司杭州延安路证券营业部,
20260225,605033.SH,美邦股份,7502145.0,0.0,7502145.0,益田路,华鑫证券有限责任公司深圳益田路证券营业部,
20260225,001896.SZ,豫能控股,68191984.0,248750.0,67943234.0,玉兰路,东莞证券股份有限公司南京分公司,
20260225,301373.SZ,凌玮科技,16299531.0,3915.0,16295616.0,炒股养家,华鑫证券有限责任公司上海宛平南路证券营业部,
20260225,600227.SH,赤天化,0.0,4108824.0,-4108824.0,炒股养家,华鑫证券有限责任公司上海红宝石路证券营业部,
20260225,605033.SH,美邦股份,0.0,16313674.0,-16313674.0,炒股养家,华鑫证券有限责任公司上海红宝石路证券营业部,
20260225,200488.SZ,ST晨鸣B,0.0,1269554.0,-1269554.0,炒新一族,华泰证券股份有限公司上海静安区广中西路证券营业部,
20260225,600010.SH,包钢股份,0.0,100365461.0,-100365461.0,湖里大道,兴业证券股份有限公司厦门湖里大道证券营业部,
20260225,600791.SH,京能置业,44184953.0,0.0,44184953.0,温州帮,中国银河证券股份有限公司杭州景芳证券营业部,
20260225,605178.SH,时空科技,69449665.0,0.0,69449665.0,温州帮,国投证券股份有限公司上海黄浦区中山东二路证券营业部,
20260225,300846.SZ,首都在线,104905.0,40613517.0,-40508612.0,温州帮,国投证券股份有限公司上海黄浦区中山南路证券营业部,
20260225,000547.SZ,航天发展,98791185.0,63372911.0,35418274.0,深股通专用,深股通专用,
20260225,000636.SZ,风华高科,217738403.0,80977153.0,136761250.0,深股通专用,深股通专用,
20260225,000657.SZ,中钨高新,759039719.0,706293032.0,52746687.0,深股通专用,深股通专用,
20260225,001896.SZ,豫能控股,129331104.0,94299805.0,35031299.0,深股通专用,深股通专用,
20260225,002378.SZ,章源钨业,276586242.0,217904738.0,58681504.0,深股通专用,深股通专用,
20260225,001330.SZ,博纳影业,13696774.0,57983263.0,-44286489.0,深股通专用,深股通专用,
20260225,002009.SZ,天奇股份,5682733.0,151700375.0,-146017642.0,深股通专用,深股通专用,
20260225,002491.SZ,通鼎互联,79227489.0,160005068.0,-80777579.0,深股通专用,深股通专用,
20260225,002361.SZ,神剑股份,111282977.0,128241920.0,-16958943.0,深股通专用,深股通专用,
20260225,002455.SZ,百川股份,124960052.0,104330545.0,20629507.0,深股通专用,深股通专用,
20260225,000839.SZ,国安股份,95365687.0,85464781.0,9900906.0,深股通专用,深股通专用,
20260225,300505.SZ,川金诺,329330581.0,299886122.0,29444459.0,深股通专用,深股通专用,
20260225,300788.SZ,中信出版,60451514.0,42961013.0,17490501.0,深股通专用,深股通专用,
20260225,300821.SZ,东岳硅材,82932919.0,74283741.0,8649178.0,深股通专用,深股通专用,
20260225,300846.SZ,首都在线,177109245.0,152330733.0,24778512.0,深股通专用,深股通专用,
20260225,300739.SZ,明阳电路,128040173.0,77044255.0,50995918.0,深股通专用,深股通专用,
20260225,600410.SH,华胜天成,0.0,185439193.03,-185439193.03,涪陵广场路,方正证券股份有限公司重庆金开大道证券营业部,
20260225,600010.SH,包钢股份,351983000.56,131225511.02,220757489.54,沪股通专用,沪股通专用,
20260225,600884.SH,杉杉股份,363960335.47,92429445.85,271530889.62,沪股通专用,沪股通专用,
20260225,600977.SH,中国电影,48954713.0,40723940.12,8230772.88,沪股通专用,沪股通专用,
20260225,603381.SH,永臻股份,42237344.76,19073859.0,23163485.76,沪股通专用,沪股通专用,
20260225,603533.SH,掌阅科技,60401260.0,187061248.21,-126659988.21,沪股通专用,沪股通专用,
20260225,600410.SH,华胜天成,73685726.23,111371151.24,-37685425.01,沪股通专用,沪股通专用,
20260225,603466.SH,风语筑,0.0,24379360.95,-24379360.95,沪股通专用,沪股通专用,
20260225,600110.SH,诺德股份,253089332.68,147808002.0,105281330.68,沪股通专用,沪股通专用,
20260225,600397.SH,江钨装备,350738674.35,326525137.93,24213536.42,沪股通专用,沪股通专用,
20260225,688031.SH,星环科技,73375600.0,52500700.0,20874900.0,沪股通专用,沪股通专用,
20260225,688432.SH,有研硅,61011200.0,49880000.0,11131200.0,沪股通专用,沪股通专用,
20260225,688661.SH,和林微纳,104858100.0,91394200.0,13463900.0,沪股通专用,沪股通专用,
20260225,000547.SZ,航天发展,245222630.0,71634255.0,173588375.0,机构专用,机构专用,
20260225,000636.SZ,风华高科,83125857.0,40177298.0,42948559.0,机构专用,机构专用,
20260225,000657.SZ,中钨高新,494082345.0,295880337.0,198202008.0,机构专用,机构专用,
20260225,001896.SZ,豫能控股,61951467.0,30717364.0,31234103.0,机构专用,机构专用,
20260225,002378.SZ,章源钨业,267975844.0,226606799.0,41369045.0,机构专用,机构专用,
20260225,002009.SZ,天奇股份,17524765.0,242175473.0,-224650708.0,机构专用,机构专用,
20260225,002162.SZ,悦心健康,9627987.0,75687436.0,-66059449.0,机构专用,机构专用,
20260225,002491.SZ,通鼎互联,93933608.0,93979664.0,-46056.0,机构专用,机构专用,
20260225,000890.SZ,法尔胜,120371899.0,96146650.0,24225249.0,机构专用,机构专用,
20260225,002207.SZ,准油股份,166854490.0,151791133.0,15063357.0,机构专用,机构专用,
20260225,002361.SZ,神剑股份,42215888.0,16223695.0,25992193.0,机构专用,机构专用,
20260225,002455.SZ,百川股份,188792383.0,188933422.0,-141039.0,机构专用,机构专用,
20260225,002842.SZ,翔鹭钨业,144489387.0,484726014.0,-340236627.0,机构专用,机构专用,
20260225,301373.SZ,凌玮科技,43267069.0,11319537.0,31947532.0,机构专用,机构专用,
20260225,920088.BJ,科力股份,8382301.89,3269717.42,5112584.47,机构专用,机构专用,
20260225,920090.BJ,同辉信息,7404071.84,11855896.73,-4451824.89,机构专用,机构专用,
20260225,920159.BJ,农大科技,5771639.37,5461086.94,310552.43,机构专用,机构专用,
20260225,000839.SZ,国安股份,35110147.0,41367996.0,-6257849.0,机构专用,机构专用,
20260225,600984.SH,建设机械,290919713.49,0.0,290919713.49,机构专用,机构专用,
20260225,605287.SH,德才股份,0.0,53646731.0,-53646731.0,机构专用,机构专用,
20260225,300437.SZ,清水源,85597756.0,65797485.0,19800271.0,机构专用,机构专用,
20260225,300505.SZ,川金诺,296589873.0,257112407.0,39477466.0,机构专用,机构专用,
20260225,300658.SZ,延江股份,142370352.0,91551855.0,50818497.0,机构专用,机构专用,
20260225,300788.SZ,中信出版,90310468.0,40347709.0,49962759.0,机构专用,机构专用,
20260225,300821.SZ,东岳硅材,111320564.0,80580545.0,30740019.0,机构专用,机构专用,
20260225,688125.SH,安达智能,0.0,14655700.0,-14655700.0,机构专用,机构专用,
20260225,688480.SH,赛恩斯,76790800.0,57684300.0,19106500.0,机构专用,机构专用,
20260225,688661.SH,和林微纳,106750900.0,45097000.0,61653900.0,机构专用,机构专用,
20260225,300157.SZ,新锦动力,219232132.0,177690823.0,41541309.0,机构专用,机构专用,
20260225,300164.SZ,通源石油,658533916.0,273652199.0,384881717.0,机构专用,机构专用,
20260225,300846.SZ,首都在线,189516382.0,151383242.0,38133140.0,机构专用,机构专用,
20260225,688818.SH,电科蓝天,57709300.0,0.0,57709300.0,机构专用,机构专用,
20260225,300739.SZ,明阳电路,62368228.0,39516159.0,22852069.0,机构专用,机构专用,
20260225,002289.SZ,*ST宇顺,26578923.0,21167112.0,5411811.0,机构专用,机构专用,
20260225,002647.SZ,*ST仁东,27959340.0,24808208.0,3151132.0,机构专用,机构专用,
20260225,600337.SH,美克家居,19961633.0,0.0,19961633.0,成都系,国泰海通证券股份有限公司成都北一环路证券营业部,
20260225,300437.SZ,清水源,60927816.0,272851.0,60654965.0,成都系,国泰海通证券股份有限公司成都北一环路证券营业部,
20260225,300505.SZ,川金诺,62398238.0,1543066.0,60855172.0,成都系,国泰海通证券股份有限公司成都北一环路证券营业部,
20260225,300821.SZ,东岳硅材,60985064.0,1000171.0,59984893.0,成都系,国泰海通证券股份有限公司成都北一环路证券营业部,
20260225,300164.SZ,通源石油,62376004.0,66030624.0,-3654620.0,成都系,国泰海通证券股份有限公司成都北一环路证券营业部,
20260225,000636.SZ,风华高科,87802965.0,700736.0,87102229.0,山东帮,东方证券股份有限公司厦门仙岳路证券营业部,
20260225,001896.SZ,豫能控股,79101027.0,625404.0,78475623.0,山东帮,东方证券股份有限公司厦门仙岳路证券营业部,
20260225,000669.SZ,ST金鸿,4274072.0,0.0,4274072.0,山东帮,东方证券股份有限公司厦门仙岳路证券营业部,
20260225,920159.BJ,农大科技,1209706.19,3567965.58,-2358259.39,呼家楼,中信建投证券股份有限公司北京东城分公司,
20260225,300788.SZ,中信出版,56617.0,9489125.0,-9432508.0,南京帮,华泰证券股份有限公司宁波柳汀街证券营业部,
20260225,600227.SH,赤天化,4421460.0,0.0,4421460.0,低位挖掘,华鑫证券有限责任公司佛山南海海五路证券营业部,
20260225,000839.SZ,国安股份,25618569.0,26603433.0,-984864.0,低位挖掘,国融证券股份有限公司青岛分公司,
20260225,000636.SZ,风华高科,148701594.0,0.0,148701594.0,一瞬流光,中泰证券股份有限公司湖北分公司,
20260225,600977.SH,中国电影,0.0,15882004.01,-15882004.01,T王,东方财富证券股份有限公司山南香曲东路证券营业部,
20260225,603284.SH,林平发展,0.0,3785606.3,-3785606.3,T王,东方财富证券股份有限公司山南香曲东路证券营业部,
20260225,603103.SH,横店影视,6509148.0,0.0,6509148.0,T王,东方财富证券股份有限公司拉萨东城区江苏大道证券营业部,
20260225,000669.SZ,ST金鸿,4209731.0,676892.0,3532839.0,T王,东方财富证券股份有限公司拉萨东城区江苏大道证券营业部,
20260225,002009.SZ,天奇股份,32129415.0,26178499.0,5950916.0,T王,东方财富证券股份有限公司拉萨东环路第一证券营业部,
20260225,002162.SZ,悦心健康,4834911.0,1101799.0,3733112.0,T王,东方财富证券股份有限公司拉萨东环路第一证券营业部,
20260225,600977.SH,中国电影,0.0,18028967.0,-18028967.0,T王,东方财富证券股份有限公司拉萨东环路第一证券营业部,
20260225,002842.SZ,翔鹭钨业,33071383.0,8851466.0,24219917.0,T王,东方财富证券股份有限公司拉萨东环路第一证券营业部,
20260225,002969.SZ,嘉美包装,87857147.0,96240963.0,-8383816.0,T王,东方财富证券股份有限公司拉萨东环路第一证券营业部,
20260225,001330.SZ,博纳影业,24307746.0,24488681.0,-180935.0,T王,东方财富证券股份有限公司拉萨东环路第二证券营业部,
20260225,002009.SZ,天奇股份,32347180.0,24914361.0,7432819.0,T王,东方财富证券股份有限公司拉萨东环路第二证券营业部,
20260225,002162.SZ,悦心健康,4272996.0,513998.0,3758998.0,T王,东方财富证券股份有限公司拉萨东环路第二证券营业部,
20260225,600977.SH,中国电影,0.0,15906734.0,-15906734.0,T王,东方财富证券股份有限公司拉萨东环路第二证券营业部,
20260225,603284.SH,林平发展,0.0,4039410.3,-4039410.3,T王,东方财富证券股份有限公司拉萨东环路第二证券营业部,
20260225,603466.SH,风语筑,0.0,19906027.14,-19906027.14,T王,东方财富证券股份有限公司拉萨东环路第二证券营业部,
20260225,920088.BJ,科力股份,8162809.77,10402625.74,-2239815.97,T王,东方财富证券股份有限公司拉萨东环路第二证券营业部,
20260225,920159.BJ,农大科技,2527080.58,430821.79,2096258.79,T王,东方财富证券股份有限公司拉萨东环路第二证券营业部,
20260225,300739.SZ,明阳电路,33958931.0,30144982.0,3813949.0,T王,东方财富证券股份有限公司拉萨东环路第二证券营业部,
20260225,001330.SZ,博纳影业,25598813.0,28272576.0,-2673763.0,T王,东方财富证券股份有限公司拉萨团结路第一证券营业部,
20260225,002969.SZ,嘉美包装,92052230.0,87861653.0,4190577.0,T王,东方财富证券股份有限公司拉萨团结路第一证券营业部,
20260225,600977.SH,中国电影,0.0,16468063.42,-16468063.42,T王,东方财富证券股份有限公司拉萨团结路第一证券营业部,
20260225,603103.SH,横店影视,0.0,6092063.0,-6092063.0,T王,东方财富证券股份有限公司拉萨团结路第一证券营业部,
20260225,603284.SH,林平发展,0.0,6111837.52,-6111837.52,T王,东方财富证券股份有限公司拉萨团结路第一证券营业部,
20260225,603466.SH,风语筑,22196230.86,25364478.59,-3168247.73,T王,东方财富证券股份有限公司拉萨团结路第一证券营业部,
20260225,920088.BJ,科力股份,7222249.73,10731656.28,-3509406.55,T王,东方财富证券股份有限公司拉萨团结路第一证券营业部,
20260225,920090.BJ,同辉信息,2128321.54,3597370.43,-1469048.89,T王,东方财富证券股份有限公司拉萨团结路第一证券营业部,
20260225,002969.SZ,嘉美包装,109271136.0,92520551.0,16750585.0,T王,东方财富证券股份有限公司拉萨团结路第二证券营业部,
20260225,603103.SH,横店影视,0.0,4416614.0,-4416614.0,T王,东方财富证券股份有限公司拉萨团结路第二证券营业部,
20260225,920088.BJ,科力股份,6580562.8,7433157.91,-852595.11,T王,东方财富证券股份有限公司拉萨团结路第二证券营业部,
20260225,002289.SZ,*ST宇顺,675310.0,9531850.0,-8856540.0,T王,东方财富证券股份有限公司拉萨团结路第二证券营业部,
20260225,001330.SZ,博纳影业,29637304.0,23695100.0,5942204.0,T王,东方财富证券股份有限公司拉萨金融城南环路证券营业部,
20260225,002162.SZ,悦心健康,4897795.0,288289.0,4609506.0,T王,东方财富证券股份有限公司拉萨金融城南环路证券营业部,
20260225,002969.SZ,嘉美包装,25448266.0,22352837.0,3095429.0,T王,东方财富证券股份有限公司拉萨金融城南环路证券营业部,
20260225,600977.SH,中国电影,20522794.0,0.0,20522794.0,T王,东方财富证券股份有限公司拉萨金融城南环路证券营业部,
20260225,605033.SH,美邦股份,8506767.0,0.0,8506767.0,T王,东方财富证券股份有限公司拉萨金融城南环路证券营业部,
20260225,603103.SH,横店影视,0.0,5975313.0,-5975313.0,T王,国金证券股份有限公司上海互联网证券分公司,
20260225,600227.SH,赤天化,26549046.0,0.0,26549046.0,N周二,中信证券股份有限公司杭州凤起路证券营业部,
20260225,688432.SH,有研硅,21194500.0,0.0,21194500.0,N周二,中信证券股份有限公司杭州凤起路证券营业部,
